Minute,Total_Invocations,State
1,143255.0,Ramp
2,127415.0,Ramp
3,120873.0,Idle
4,119955.0,Idle
5,115076.0,Idle
6,115595.0,Idle
7,117464.0,Idle
8,121787.0,Idle
9,116856.0,Idle
10,116119.0,Idle
11,115525.0,Idle
12,117997.0,Idle
13,120212.0,Idle
14,120815.0,Idle
15,112884.0,Idle
16,114318.0,Idle
17,113039.0,Idle
18,119570.0,Idle
19,113965.0,Idle
20,113355.0,Idle
21,114924.0,Idle
22,118360.0,Idle
23,119293.0,Idle
24,119888.0,Idle
25,115615.0,Idle
26,116531.0,Idle
27,118263.0,Idle
28,120974.0,Idle
29,117903.0,Idle
30,114894.0,Idle
31,115414.0,Idle
32,119491.0,Idle
33,119981.0,Idle
34,119373.0,Idle
35,112163.0,Idle
36,114454.0,Idle
37,115420.0,Idle
38,122478.0,Idle
39,115695.0,Idle
40,113889.0,Idle
41,111040.0,Idle
42,114122.0,Idle
43,116004.0,Idle
44,119948.0,Idle
45,110541.0,Idle
46,112585.0,Idle
47,112631.0,Idle
48,119088.0,Idle
49,116919.0,Idle
50,112545.0,Idle
51,113645.0,Idle
52,117353.0,Idle
53,118342.0,Idle
54,117362.0,Idle
55,113770.0,Idle
56,113625.0,Idle
57,112825.0,Idle
58,117575.0,Idle
59,112394.0,Idle
60,114191.0,Idle
61,133911.0,Ramp
62,122122.0,Idle
63,119195.0,Idle
64,117316.0,Idle
65,111166.0,Idle
66,116263.0,Idle
67,116174.0,Idle
68,119608.0,Idle
69,117567.0,Idle
70,114110.0,Idle
71,112484.0,Idle
72,115424.0,Idle
73,116101.0,Idle
74,118478.0,Idle
75,110651.0,Idle
76,113030.0,Idle
77,114193.0,Idle
78,118496.0,Idle
79,114514.0,Idle
80,109820.0,Idle
81,111260.0,Idle
82,115582.0,Idle
83,115700.0,Idle
84,117144.0,Idle
85,112912.0,Idle
86,112989.0,Idle
87,118025.0,Idle
88,119633.0,Idle
89,118083.0,Idle
90,118430.0,Idle
91,121436.0,Idle
92,120614.0,Idle
93,120701.0,Idle
94,121636.0,Idle
95,115051.0,Idle
96,118498.0,Idle
97,118258.0,Idle
98,123440.0,Idle
99,116989.0,Idle
100,114230.0,Idle
101,113432.0,Idle
102,115244.0,Idle
103,116192.0,Idle
104,118345.0,Idle
105,111871.0,Idle
106,113061.0,Idle
107,113620.0,Idle
108,116507.0,Idle
109,113559.0,Idle
110,111298.0,Idle
111,112673.0,Idle
112,115599.0,Idle
113,117449.0,Idle
114,114761.0,Idle
115,109524.0,Idle
116,113414.0,Idle
117,114350.0,Idle
118,117754.0,Idle
119,112253.0,Idle
120,111065.0,Idle
121,136055.0,Ramp
122,124101.0,Idle
123,123702.0,Idle
124,117756.0,Idle
125,114907.0,Idle
126,117241.0,Idle
127,114653.0,Idle
128,124163.0,Idle
129,119097.0,Idle
130,115448.0,Idle
131,116290.0,Idle
132,122133.0,Idle
133,126088.0,Ramp
134,126310.0,Ramp
135,119690.0,Idle
136,117983.0,Idle
137,122584.0,Idle
138,126455.0,Ramp
139,121573.0,Idle
140,118088.0,Idle
141,121163.0,Idle
142,124244.0,Ramp
143,127954.0,Ramp
144,124522.0,Ramp
145,118152.0,Idle
146,120942.0,Idle
147,121446.0,Idle
148,122090.0,Idle
149,120288.0,Idle
150,118210.0,Idle
151,121762.0,Idle
152,125501.0,Ramp
153,125964.0,Ramp
154,124659.0,Ramp
155,114197.0,Idle
156,115179.0,Idle
157,118550.0,Idle
158,124958.0,Ramp
159,117146.0,Idle
160,114519.0,Idle
161,114546.0,Idle
162,118784.0,Idle
163,120693.0,Idle
164,124060.0,Idle
165,111363.0,Idle
166,111707.0,Idle
167,117109.0,Idle
168,118279.0,Idle
169,115212.0,Idle
170,111423.0,Idle
171,113205.0,Idle
172,116659.0,Idle
173,119769.0,Idle
174,118437.0,Idle
175,108576.0,Idle
176,112150.0,Idle
177,113491.0,Idle
178,116870.0,Idle
179,114888.0,Idle
180,114298.0,Idle
181,147764.0,Cooldown
182,141664.0,Ramp
183,129834.0,Ramp
184,121884.0,Idle
185,113786.0,Idle
186,115288.0,Idle
187,116402.0,Idle
188,122702.0,Idle
189,115577.0,Idle
190,113862.0,Idle
191,112126.0,Idle
192,111716.0,Idle
193,118386.0,Idle
194,116134.0,Idle
195,110367.0,Idle
196,111937.0,Idle
197,114831.0,Idle
198,118115.0,Idle
199,112633.0,Idle
200,117080.0,Idle
201,115009.0,Idle
202,119483.0,Idle
203,121879.0,Idle
204,114978.0,Idle
205,117404.0,Idle
206,115277.0,Idle
207,116577.0,Idle
208,120578.0,Idle
209,117587.0,Idle
210,113816.0,Idle
211,118689.0,Idle
212,120585.0,Idle
213,123403.0,Idle
214,117155.0,Idle
215,110937.0,Idle
216,113179.0,Idle
217,113283.0,Idle
218,117964.0,Idle
219,113746.0,Idle
220,111185.0,Idle
221,110174.0,Idle
222,116767.0,Idle
223,118052.0,Idle
224,115816.0,Idle
225,113458.0,Idle
226,111896.0,Idle
227,113211.0,Idle
228,116261.0,Idle
229,111224.0,Idle
230,110911.0,Idle
231,111455.0,Idle
232,115707.0,Idle
233,114841.0,Idle
234,112769.0,Idle
235,111344.0,Idle
236,110662.0,Idle
237,113386.0,Idle
238,116276.0,Idle
239,111346.0,Idle
240,109942.0,Idle
241,149030.0,Cooldown
242,125000.0,Ramp
243,118719.0,Idle
244,112755.0,Idle
245,112136.0,Idle
246,112020.0,Idle
247,116391.0,Idle
248,123708.0,Idle
249,114824.0,Idle
250,111239.0,Idle
251,110701.0,Idle
252,114708.0,Idle
253,114136.0,Idle
254,119872.0,Idle
255,114082.0,Idle
256,116167.0,Idle
257,115770.0,Idle
258,119764.0,Idle
259,114021.0,Idle
260,116599.0,Idle
261,113439.0,Idle
262,117384.0,Idle
263,119420.0,Idle
264,120498.0,Idle
265,116627.0,Idle
266,116952.0,Idle
267,118149.0,Idle
268,117917.0,Idle
269,113306.0,Idle
270,115717.0,Idle
271,115225.0,Idle
272,120401.0,Idle
273,122617.0,Idle
274,119278.0,Idle
275,113680.0,Idle
276,116219.0,Idle
277,116192.0,Idle
278,124959.0,Ramp
279,114637.0,Idle
280,117540.0,Idle
281,114295.0,Idle
282,116287.0,Idle
283,119114.0,Idle
284,117067.0,Idle
285,114061.0,Idle
286,116089.0,Idle
287,119149.0,Idle
288,118735.0,Idle
289,112336.0,Idle
290,107932.0,Idle
291,110644.0,Idle
292,114789.0,Idle
293,111402.0,Idle
294,114187.0,Idle
295,113944.0,Idle
296,119992.0,Idle
297,123317.0,Idle
298,117006.0,Idle
299,111828.0,Idle
300,121943.0,Idle
301,154973.0,Cooldown
302,127216.0,Ramp
303,121254.0,Idle
304,130191.0,Ramp
305,114817.0,Idle
306,115884.0,Idle
307,124491.0,Ramp
308,127973.0,Ramp
309,113750.0,Idle
310,113314.0,Idle
311,118817.0,Idle
312,130159.0,Ramp
313,117654.0,Idle
314,117950.0,Idle
315,126302.0,Ramp
316,121758.0,Idle
317,114391.0,Idle
318,125167.0,Ramp
319,126288.0,Ramp
320,114495.0,Idle
321,113987.0,Idle
322,131892.0,Ramp
323,123648.0,Idle
324,119780.0,Idle
325,115312.0,Idle
326,115317.0,Idle
327,117893.0,Idle
328,121359.0,Idle
329,113870.0,Idle
330,115291.0,Idle
331,116275.0,Idle
332,118889.0,Idle
333,119493.0,Idle
334,120604.0,Idle
335,111285.0,Idle
336,112251.0,Idle
337,115469.0,Idle
338,120576.0,Idle
339,117079.0,Idle
340,113529.0,Idle
341,110700.0,Idle
342,115909.0,Idle
343,120084.0,Idle
344,119084.0,Idle
345,114103.0,Idle
346,113927.0,Idle
347,117376.0,Idle
348,125267.0,Ramp
349,120640.0,Idle
350,113255.0,Idle
351,113732.0,Idle
352,120806.0,Idle
353,123907.0,Idle
354,119401.0,Idle
355,112651.0,Idle
356,115089.0,Idle
357,119035.0,Idle
358,119939.0,Idle
359,117314.0,Idle
360,118456.0,Idle
361,144309.0,Ramp
362,132288.0,Ramp
363,129861.0,Ramp
364,127539.0,Ramp
365,122563.0,Idle
366,123382.0,Idle
367,124556.0,Ramp
368,128131.0,Ramp
369,124475.0,Ramp
370,119428.0,Idle
371,117078.0,Idle
372,121743.0,Idle
373,127143.0,Ramp
374,126383.0,Ramp
375,118279.0,Idle
376,120446.0,Idle
377,123719.0,Idle
378,124249.0,Ramp
379,122566.0,Idle
380,119957.0,Idle
381,119533.0,Idle
382,124194.0,Ramp
383,124132.0,Idle
384,123316.0,Idle
385,117139.0,Idle
386,118880.0,Idle
387,121037.0,Idle
388,124087.0,Idle
389,120002.0,Idle
390,117522.0,Idle
391,119113.0,Idle
392,123603.0,Idle
393,128226.0,Ramp
394,124395.0,Ramp
395,116404.0,Idle
396,122720.0,Idle
397,126528.0,Ramp
398,128223.0,Ramp
399,121233.0,Idle
400,118724.0,Idle
401,121048.0,Idle
402,124135.0,Idle
403,126870.0,Ramp
404,125528.0,Ramp
405,120958.0,Idle
406,122157.0,Idle
407,125407.0,Ramp
408,126811.0,Ramp
409,124097.0,Idle
410,121521.0,Idle
411,123397.0,Idle
412,127738.0,Ramp
413,128416.0,Ramp
414,127156.0,Ramp
415,121270.0,Idle
416,119875.0,Idle
417,123638.0,Idle
418,124575.0,Ramp
419,120139.0,Idle
420,123797.0,Idle
421,149105.0,Cooldown
422,134063.0,Ramp
423,131785.0,Ramp
424,131240.0,Ramp
425,127062.0,Ramp
426,129656.0,Ramp
427,125874.0,Ramp
428,134097.0,Ramp
429,131327.0,Ramp
430,126964.0,Ramp
431,124583.0,Ramp
432,127298.0,Ramp
433,129574.0,Ramp
434,129375.0,Ramp
435,126047.0,Ramp
436,126456.0,Ramp
437,126450.0,Ramp
438,130753.0,Ramp
439,129350.0,Ramp
440,127496.0,Ramp
441,127436.0,Ramp
442,129442.0,Ramp
443,130114.0,Ramp
444,134186.0,Ramp
445,127254.0,Ramp
446,127200.0,Ramp
447,125875.0,Ramp
448,131137.0,Ramp
449,127865.0,Ramp
450,127546.0,Ramp
451,129508.0,Ramp
452,132549.0,Ramp
453,134135.0,Ramp
454,129844.0,Ramp
455,125928.0,Ramp
456,126201.0,Ramp
457,124209.0,Ramp
458,132497.0,Ramp
459,130511.0,Ramp
460,129117.0,Ramp
461,124412.0,Ramp
462,133255.0,Ramp
463,134598.0,Ramp
464,134336.0,Ramp
465,128448.0,Ramp
466,129401.0,Ramp
467,127169.0,Ramp
468,129476.0,Ramp
469,127650.0,Ramp
470,127270.0,Ramp
471,129017.0,Ramp
472,131337.0,Ramp
473,132691.0,Ramp
474,130985.0,Ramp
475,126378.0,Ramp
476,129078.0,Ramp
477,131925.0,Ramp
478,130949.0,Ramp
479,125122.0,Ramp
480,125120.0,Ramp
481,150991.0,Cooldown
482,133681.0,Ramp
483,135558.0,Ramp
484,134900.0,Ramp
485,130765.0,Ramp
486,128978.0,Ramp
487,129264.0,Ramp
488,133036.0,Ramp
489,129002.0,Ramp
490,123908.0,Idle
491,126337.0,Ramp
492,128137.0,Ramp
493,130281.0,Ramp
494,129967.0,Ramp
495,124759.0,Ramp
496,124686.0,Ramp
497,127010.0,Ramp
498,128974.0,Ramp
499,127297.0,Ramp
500,127757.0,Ramp
501,125506.0,Ramp
502,132401.0,Ramp
503,130492.0,Ramp
504,127493.0,Ramp
505,121790.0,Idle
506,124172.0,Ramp
507,130233.0,Ramp
508,131619.0,Ramp
509,123574.0,Idle
510,123456.0,Idle
511,125942.0,Ramp
512,128768.0,Ramp
513,131155.0,Ramp
514,128545.0,Ramp
515,122191.0,Idle
516,124136.0,Idle
517,126939.0,Ramp
518,130382.0,Ramp
519,127455.0,Ramp
520,122532.0,Idle
521,124152.0,Idle
522,126757.0,Ramp
523,126471.0,Ramp
524,127474.0,Ramp
525,120526.0,Idle
526,121973.0,Idle
527,126240.0,Ramp
528,131916.0,Ramp
529,126668.0,Ramp
530,123028.0,Idle
531,124506.0,Ramp
532,127657.0,Ramp
533,126910.0,Ramp
534,127370.0,Ramp
535,121410.0,Idle
536,123538.0,Idle
537,129208.0,Ramp
538,127735.0,Ramp
539,124189.0,Ramp
540,123541.0,Idle
541,154947.0,Cooldown
542,137603.0,Ramp
543,131030.0,Ramp
544,127864.0,Ramp
545,124878.0,Ramp
546,127976.0,Ramp
547,126491.0,Ramp
548,134815.0,Ramp
549,136131.0,Ramp
550,125584.0,Ramp
551,133778.0,Ramp
552,134143.0,Ramp
553,132072.0,Ramp
554,134608.0,Ramp
555,126428.0,Ramp
556,127341.0,Ramp
557,133763.0,Ramp
558,132726.0,Ramp
559,128311.0,Ramp
560,128858.0,Ramp
561,130036.0,Ramp
562,135220.0,Ramp
563,130900.0,Ramp
564,130089.0,Ramp
565,123297.0,Idle
566,123874.0,Idle
567,128013.0,Ramp
568,130536.0,Ramp
569,127238.0,Ramp
570,127767.0,Ramp
571,128230.0,Ramp
572,129841.0,Ramp
573,130294.0,Ramp
574,130350.0,Ramp
575,124760.0,Ramp
576,127787.0,Ramp
577,128173.0,Ramp
578,131841.0,Ramp
579,131162.0,Ramp
580,125389.0,Ramp
581,126671.0,Ramp
582,130325.0,Ramp
583,130376.0,Ramp
584,129948.0,Ramp
585,125907.0,Ramp
586,126776.0,Ramp
587,125865.0,Ramp
588,131839.0,Ramp
589,127192.0,Ramp
590,127685.0,Ramp
591,129519.0,Ramp
592,131719.0,Ramp
593,130779.0,Ramp
594,131753.0,Ramp
595,125066.0,Ramp
596,126135.0,Ramp
597,130452.0,Ramp
598,129593.0,Ramp
599,130785.0,Ramp
600,130229.0,Ramp
601,152615.0,Cooldown
602,136702.0,Ramp
603,135318.0,Ramp
604,134665.0,Ramp
605,131551.0,Ramp
606,133580.0,Ramp
607,131190.0,Ramp
608,136703.0,Ramp
609,134098.0,Ramp
610,129511.0,Ramp
611,131464.0,Ramp
612,132829.0,Ramp
613,137035.0,Ramp
614,137237.0,Ramp
615,130835.0,Ramp
616,129534.0,Ramp
617,130484.0,Ramp
618,135660.0,Ramp
619,133778.0,Ramp
620,131315.0,Ramp
621,129880.0,Ramp
622,137609.0,Ramp
623,137961.0,Ramp
624,139272.0,Ramp
625,135214.0,Ramp
626,133614.0,Ramp
627,133156.0,Ramp
628,133990.0,Ramp
629,131026.0,Ramp
630,131684.0,Ramp
631,133817.0,Ramp
632,134398.0,Ramp
633,136219.0,Ramp
634,135223.0,Ramp
635,133985.0,Ramp
636,131321.0,Ramp
637,132503.0,Ramp
638,135865.0,Ramp
639,133111.0,Ramp
640,130461.0,Ramp
641,136235.0,Ramp
642,135747.0,Ramp
643,133948.0,Ramp
644,134569.0,Ramp
645,129335.0,Ramp
646,134054.0,Ramp
647,133589.0,Ramp
648,136873.0,Ramp
649,132033.0,Ramp
650,130096.0,Ramp
651,128715.0,Ramp
652,133911.0,Ramp
653,133909.0,Ramp
654,132780.0,Ramp
655,131822.0,Ramp
656,130945.0,Ramp
657,131505.0,Ramp
658,133203.0,Ramp
659,129216.0,Ramp
660,131845.0,Ramp
661,154204.0,Cooldown
662,137432.0,Ramp
663,138979.0,Ramp
664,136991.0,Ramp
665,131127.0,Ramp
666,135983.0,Ramp
667,132390.0,Ramp
668,135827.0,Ramp
669,135169.0,Ramp
670,131644.0,Ramp
671,131964.0,Ramp
672,137162.0,Ramp
673,138647.0,Ramp
674,137280.0,Ramp
675,132990.0,Ramp
676,135065.0,Ramp
677,133641.0,Ramp
678,139822.0,Ramp
679,136240.0,Ramp
680,137292.0,Ramp
681,135930.0,Ramp
682,140291.0,Ramp
683,138841.0,Ramp
684,142429.0,Ramp
685,137078.0,Ramp
686,136786.0,Ramp
687,135533.0,Ramp
688,140595.0,Ramp
689,134034.0,Ramp
690,136665.0,Ramp
691,139894.0,Ramp
692,139105.0,Ramp
693,140931.0,Ramp
694,140271.0,Ramp
695,135971.0,Ramp
696,137553.0,Ramp
697,135747.0,Ramp
698,139968.0,Ramp
699,137964.0,Ramp
700,139427.0,Ramp
701,140248.0,Ramp
702,140773.0,Ramp
703,142774.0,Ramp
704,137931.0,Ramp
705,135228.0,Ramp
706,135879.0,Ramp
707,137104.0,Ramp
708,140006.0,Ramp
709,137708.0,Ramp
710,136787.0,Ramp
711,138436.0,Ramp
712,139066.0,Ramp
713,139714.0,Ramp
714,140804.0,Ramp
715,137595.0,Ramp
716,138697.0,Ramp
717,137810.0,Ramp
718,138706.0,Ramp
719,140675.0,Ramp
720,141866.0,Ramp
721,164802.0,Cooldown
722,145421.0,Ramp
723,145326.0,Ramp
724,141301.0,Ramp
725,139209.0,Ramp
726,143455.0,Ramp
727,140168.0,Ramp
728,140900.0,Ramp
729,141315.0,Ramp
730,138255.0,Ramp
731,140704.0,Ramp
732,141377.0,Ramp
733,144963.0,Ramp
734,147108.0,Cooldown
735,140825.0,Ramp
736,137848.0,Ramp
737,139307.0,Ramp
738,141091.0,Ramp
739,139450.0,Ramp
740,139929.0,Ramp
741,143534.0,Ramp
742,140531.0,Ramp
743,141286.0,Ramp
744,143634.0,Ramp
745,144114.0,Ramp
746,150875.0,Cooldown
747,145359.0,Ramp
748,149232.0,Cooldown
749,142189.0,Ramp
750,142999.0,Ramp
751,143904.0,Ramp
752,150073.0,Cooldown
753,149875.0,Cooldown
754,149712.0,Cooldown
755,142631.0,Ramp
756,142958.0,Ramp
757,147221.0,Burst
758,153187.0,Cooldown
759,147806.0,Cooldown
760,146957.0,Burst
761,145835.0,Burst
762,147497.0,Cooldown
763,148162.0,Cooldown
764,150019.0,Cooldown
765,142110.0,Ramp
766,148607.0,Cooldown
767,146159.0,Cooldown
768,148759.0,Cooldown
769,143585.0,Ramp
770,141362.0,Ramp
771,144332.0,Ramp
772,145637.0,Ramp
773,145401.0,Ramp
774,147571.0,Cooldown
775,144038.0,Ramp
776,148024.0,Burst
777,149783.0,Cooldown
778,150123.0,Burst
779,148845.0,Burst
780,146378.0,Burst
781,173341.0,Cooldown
782,161255.0,Cooldown
783,156607.0,Cooldown
784,156251.0,Cooldown
785,150615.0,Burst
786,149506.0,Burst
787,158591.0,Cooldown
788,161541.0,Cooldown
789,155582.0,Cooldown
790,149955.0,Burst
791,146504.0,Burst
792,162797.0,Cooldown
793,157205.0,Cooldown
794,157247.0,Cooldown
795,160591.0,Cooldown
796,151666.0,Burst
797,153915.0,Cooldown
798,155373.0,Cooldown
799,148900.0,Burst
800,152972.0,Burst
801,152626.0,Burst
802,157518.0,Burst
803,154195.0,Burst
804,159973.0,Cooldown
805,159506.0,Cooldown
806,153460.0,Burst
807,152599.0,Burst
808,155275.0,Cooldown
809,152913.0,Burst
810,152767.0,Burst
811,154578.0,Cooldown
812,152589.0,Cooldown
813,153998.0,Burst
814,152932.0,Burst
815,150441.0,Burst
816,160565.0,Cooldown
817,156241.0,Burst
818,163343.0,Cooldown
819,160851.0,Cooldown
820,145604.0,Ramp
821,159009.0,Cooldown
822,151065.0,Cooldown
823,150101.0,Burst
824,151099.0,Cooldown
825,148801.0,Burst
826,151347.0,Cooldown
827,147806.0,Cooldown
828,147252.0,Burst
829,147822.0,Cooldown
830,145985.0,Burst
831,148903.0,Burst
832,147911.0,Burst
833,146760.0,Burst
834,152539.0,Cooldown
835,144834.0,Ramp
836,146913.0,Burst
837,147960.0,Burst
838,156523.0,Burst
839,156428.0,Burst
840,151134.0,Burst
841,173994.0,Cooldown
842,157932.0,Cooldown
843,158118.0,Cooldown
844,156758.0,Cooldown
845,150833.0,Burst
846,153684.0,Burst
847,152831.0,Burst
848,159920.0,Cooldown
849,155337.0,Cooldown
850,148715.0,Burst
851,151613.0,Cooldown
852,149805.0,Burst
853,150793.0,Burst
854,154115.0,Cooldown
855,147336.0,Burst
856,151412.0,Burst
857,153676.0,Burst
858,156827.0,Cooldown
859,153832.0,Burst
860,152707.0,Burst
861,158873.0,Burst
862,164267.0,Burst
863,171675.0,Cooldown
864,171732.0,Cooldown
865,149865.0,Cooldown
866,147629.0,Burst
867,151005.0,Cooldown
868,150302.0,Burst
869,154711.0,Cooldown
870,145784.0,Burst
871,150986.0,Burst
872,152791.0,Cooldown
873,158402.0,Cooldown
874,152899.0,Cooldown
875,146229.0,Burst
876,154434.0,Cooldown
877,149584.0,Cooldown
878,151976.0,Cooldown
879,147404.0,Cooldown
880,146197.0,Cooldown
881,143620.0,Ramp
882,146419.0,Burst
883,147634.0,Cooldown
884,148669.0,Cooldown
885,145088.0,Ramp
886,145874.0,Cooldown
887,147073.0,Cooldown
888,146920.0,Cooldown
889,143456.0,Ramp
890,140084.0,Ramp
891,145436.0,Ramp
892,143957.0,Ramp
893,147245.0,Cooldown
894,143857.0,Ramp
895,141091.0,Ramp
896,143675.0,Ramp
897,143365.0,Ramp
898,143816.0,Ramp
899,145298.0,Ramp
900,142853.0,Ramp
901,170418.0,Cooldown
902,152433.0,Cooldown
903,153994.0,Cooldown
904,147195.0,Cooldown
905,144074.0,Ramp
906,145172.0,Ramp
907,144529.0,Ramp
908,149328.0,Cooldown
909,144918.0,Ramp
910,145385.0,Ramp
911,146745.0,Burst
912,149973.0,Burst
913,153300.0,Cooldown
914,150789.0,Cooldown
915,149525.0,Burst
916,150560.0,Cooldown
917,149945.0,Cooldown
918,152410.0,Cooldown
919,147253.0,Cooldown
920,139581.0,Ramp
921,148816.0,Cooldown
922,147322.0,Cooldown
923,148143.0,Cooldown
924,146777.0,Cooldown
925,143036.0,Ramp
926,145126.0,Ramp
927,145150.0,Ramp
928,152008.0,Cooldown
929,145482.0,Ramp
930,145616.0,Ramp
931,149574.0,Burst
932,150109.0,Cooldown
933,153421.0,Cooldown
934,152111.0,Cooldown
935,144153.0,Ramp
936,146633.0,Burst
937,146803.0,Burst
938,151998.0,Cooldown
939,146563.0,Burst
940,144019.0,Ramp
941,146330.0,Burst
942,150339.0,Cooldown
943,153428.0,Cooldown
944,150638.0,Cooldown
945,146460.0,Burst
946,149355.0,Burst
947,148611.0,Burst
948,153027.0,Cooldown
949,151946.0,Cooldown
950,146166.0,Burst
951,148519.0,Burst
952,149857.0,Burst
953,150764.0,Cooldown
954,153107.0,Cooldown
955,147639.0,Burst
956,149043.0,Burst
957,149248.0,Burst
958,161951.0,Cooldown
959,150069.0,Burst
960,150070.0,Burst
961,177764.0,Cooldown
962,153189.0,Burst
963,157371.0,Cooldown
964,157319.0,Cooldown
965,151823.0,Burst
966,151646.0,Burst
967,149337.0,Burst
968,156475.0,Cooldown
969,152464.0,Cooldown
970,149823.0,Cooldown
971,145094.0,Ramp
972,146821.0,Burst
973,148054.0,Burst
974,151856.0,Cooldown
975,143775.0,Ramp
976,149028.0,Cooldown
977,147751.0,Cooldown
978,148421.0,Cooldown
979,144388.0,Ramp
980,145609.0,Ramp
981,145539.0,Ramp
982,149305.0,Cooldown
983,150630.0,Cooldown
984,149872.0,Cooldown
985,142629.0,Ramp
986,144322.0,Ramp
987,146526.0,Cooldown
988,148479.0,Cooldown
989,144906.0,Ramp
990,143152.0,Ramp
991,148463.0,Burst
992,148234.0,Cooldown
993,148753.0,Cooldown
994,149323.0,Cooldown
995,141671.0,Ramp
996,146778.0,Cooldown
997,144303.0,Ramp
998,148142.0,Cooldown
999,145210.0,Ramp
1000,140486.0,Ramp
1001,144674.0,Ramp
1002,145147.0,Ramp
1003,147016.0,Cooldown
1004,146565.0,Cooldown
1005,142901.0,Ramp
1006,145566.0,Ramp
1007,142675.0,Ramp
1008,147738.0,Cooldown
1009,140214.0,Ramp
1010,136666.0,Ramp
1011,140943.0,Ramp
1012,143333.0,Ramp
1013,142989.0,Ramp
1014,142780.0,Ramp
1015,139314.0,Ramp
1016,141724.0,Ramp
1017,142401.0,Ramp
1018,143728.0,Ramp
1019,140224.0,Ramp
1020,139871.0,Ramp
1021,167879.0,Cooldown
1022,149023.0,Cooldown
1023,148778.0,Cooldown
1024,146806.0,Cooldown
1025,139516.0,Ramp
1026,143052.0,Ramp
1027,143991.0,Ramp
1028,145911.0,Cooldown
1029,144492.0,Ramp
1030,141107.0,Ramp
1031,140365.0,Ramp
1032,143939.0,Ramp
1033,153231.0,Cooldown
1034,145779.0,Cooldown
1035,138535.0,Ramp
1036,142511.0,Ramp
1037,140266.0,Ramp
1038,145498.0,Ramp
1039,139809.0,Ramp
1040,138194.0,Ramp
1041,142124.0,Ramp
1042,143090.0,Ramp
1043,143732.0,Ramp
1044,145291.0,Ramp
1045,137983.0,Ramp
1046,139682.0,Ramp
1047,138271.0,Ramp
1048,145280.0,Ramp
1049,142398.0,Ramp
1050,142818.0,Ramp
1051,143774.0,Ramp
1052,145706.0,Cooldown
1053,147557.0,Cooldown
1054,146404.0,Cooldown
1055,136707.0,Ramp
1056,142820.0,Ramp
1057,139915.0,Ramp
1058,144307.0,Ramp
1059,150085.0,Cooldown
1060,140956.0,Ramp
1061,146502.0,Burst
1062,150423.0,Burst
1063,151905.0,Cooldown
1064,164810.0,Cooldown
1065,143067.0,Ramp
1066,142754.0,Ramp
1067,144103.0,Ramp
1068,147067.0,Burst
1069,143459.0,Ramp
1070,145429.0,Ramp
1071,155038.0,Cooldown
1072,150170.0,Cooldown
1073,144835.0,Ramp
1074,147390.0,Cooldown
1075,137904.0,Ramp
1076,142546.0,Ramp
1077,140129.0,Ramp
1078,144149.0,Ramp
1079,139794.0,Ramp
1080,139287.0,Ramp
1081,162471.0,Cooldown
1082,143678.0,Ramp
1083,147095.0,Cooldown
1084,144579.0,Ramp
1085,136857.0,Ramp
1086,142740.0,Ramp
1087,139352.0,Ramp
1088,145654.0,Ramp
1089,143582.0,Ramp
1090,139326.0,Ramp
1091,137868.0,Ramp
1092,143529.0,Ramp
1093,140569.0,Ramp
1094,146559.0,Cooldown
1095,136794.0,Ramp
1096,140357.0,Ramp
1097,138788.0,Ramp
1098,146166.0,Cooldown
1099,141203.0,Ramp
1100,139460.0,Ramp
1101,142306.0,Ramp
1102,143734.0,Ramp
1103,143558.0,Ramp
1104,144402.0,Ramp
1105,138931.0,Ramp
1106,142608.0,Ramp
1107,140309.0,Ramp
1108,140237.0,Ramp
1109,135327.0,Ramp
1110,136466.0,Ramp
1111,141112.0,Ramp
1112,141178.0,Ramp
1113,140850.0,Ramp
1114,142595.0,Ramp
1115,134494.0,Ramp
1116,138775.0,Ramp
1117,138470.0,Ramp
1118,142781.0,Ramp
1119,142758.0,Ramp
1120,137097.0,Ramp
1121,138124.0,Ramp
1122,139655.0,Ramp
1123,140057.0,Ramp
1124,142639.0,Ramp
1125,135761.0,Ramp
1126,140783.0,Ramp
1127,138824.0,Ramp
1128,141521.0,Ramp
1129,142867.0,Ramp
1130,135927.0,Ramp
1131,140697.0,Ramp
1132,138882.0,Ramp
1133,142236.0,Ramp
1134,142789.0,Ramp
1135,136025.0,Ramp
1136,136045.0,Ramp
1137,138632.0,Ramp
1138,139889.0,Ramp
1139,139077.0,Ramp
1140,134603.0,Ramp
1141,158585.0,Cooldown
1142,143706.0,Ramp
1143,144838.0,Ramp
1144,144963.0,Ramp
1145,133208.0,Ramp
1146,137789.0,Ramp
1147,136851.0,Ramp
1148,143968.0,Ramp
1149,142140.0,Ramp
1150,138893.0,Ramp
1151,138576.0,Ramp
1152,140343.0,Ramp
1153,142844.0,Ramp
1154,143872.0,Ramp
1155,137382.0,Ramp
1156,138615.0,Ramp
1157,136570.0,Ramp
1158,142584.0,Ramp
1159,139144.0,Ramp
1160,134901.0,Ramp
1161,144455.0,Ramp
1162,140900.0,Ramp
1163,142586.0,Ramp
1164,147336.0,Cooldown
1165,138745.0,Ramp
1166,137878.0,Ramp
1167,139847.0,Ramp
1168,141313.0,Ramp
1169,139932.0,Ramp
1170,137462.0,Ramp
1171,143761.0,Ramp
1172,144412.0,Ramp
1173,143496.0,Ramp
1174,147957.0,Cooldown
1175,137530.0,Ramp
1176,142684.0,Ramp
1177,146154.0,Cooldown
1178,148302.0,Cooldown
1179,143564.0,Ramp
1180,142270.0,Ramp
1181,137882.0,Ramp
1182,142297.0,Ramp
1183,142856.0,Ramp
1184,146581.0,Cooldown
1185,140632.0,Ramp
1186,140499.0,Ramp
1187,139531.0,Ramp
1188,142115.0,Ramp
1189,138888.0,Ramp
1190,140366.0,Ramp
1191,139910.0,Ramp
1192,140243.0,Ramp
1193,138312.0,Ramp
1194,140395.0,Ramp
1195,137520.0,Ramp
1196,138426.0,Ramp
1197,139253.0,Ramp
1198,142766.0,Ramp
1199,138786.0,Ramp
1200,137529.0,Ramp
1201,161292.0,Cooldown
1202,144295.0,Ramp
1203,141890.0,Ramp
1204,140508.0,Ramp
1205,134628.0,Ramp
1206,142774.0,Ramp
1207,144642.0,Ramp
1208,145763.0,Cooldown
1209,144922.0,Ramp
1210,139354.0,Ramp
1211,136649.0,Ramp
1212,138717.0,Ramp
1213,144648.0,Ramp
1214,140952.0,Ramp
1215,135212.0,Ramp
1216,140419.0,Ramp
1217,139579.0,Ramp
1218,140468.0,Ramp
1219,138981.0,Ramp
1220,137840.0,Ramp
1221,139803.0,Ramp
1222,139795.0,Ramp
1223,137746.0,Ramp
1224,143339.0,Ramp
1225,136329.0,Ramp
1226,137767.0,Ramp
1227,139032.0,Ramp
1228,142273.0,Ramp
1229,138352.0,Ramp
1230,136396.0,Ramp
1231,138856.0,Ramp
1232,142835.0,Ramp
1233,141699.0,Ramp
1234,144675.0,Ramp
1235,133720.0,Ramp
1236,136997.0,Ramp
1237,138302.0,Ramp
1238,142075.0,Ramp
1239,139065.0,Ramp
1240,134762.0,Ramp
1241,136304.0,Ramp
1242,139281.0,Ramp
1243,142233.0,Ramp
1244,142079.0,Ramp
1245,131147.0,Ramp
1246,136303.0,Ramp
1247,135715.0,Ramp
1248,139819.0,Ramp
1249,137991.0,Ramp
1250,134438.0,Ramp
1251,133939.0,Ramp
1252,136765.0,Ramp
1253,138291.0,Ramp
1254,141056.0,Ramp
1255,134204.0,Ramp
1256,135943.0,Ramp
1257,138657.0,Ramp
1258,138614.0,Ramp
1259,136349.0,Ramp
1260,134380.0,Ramp
1261,156990.0,Cooldown
1262,135393.0,Ramp
1263,138159.0,Ramp
1264,137811.0,Ramp
1265,131562.0,Ramp
1266,137669.0,Ramp
1267,140566.0,Ramp
1268,148687.0,Cooldown
1269,144151.0,Ramp
1270,134221.0,Ramp
1271,136286.0,Ramp
1272,138645.0,Ramp
1273,142220.0,Ramp
1274,144487.0,Ramp
1275,139798.0,Ramp
1276,141226.0,Ramp
1277,142352.0,Ramp
1278,145041.0,Ramp
1279,140115.0,Ramp
1280,138628.0,Ramp
1281,140277.0,Ramp
1282,140833.0,Ramp
1283,141765.0,Ramp
1284,140453.0,Ramp
1285,139404.0,Ramp
1286,144669.0,Ramp
1287,137691.0,Ramp
1288,142314.0,Ramp
1289,138429.0,Ramp
1290,130463.0,Ramp
1291,136357.0,Ramp
1292,135750.0,Ramp
1293,135432.0,Ramp
1294,133836.0,Ramp
1295,127820.0,Ramp
1296,134602.0,Ramp
1297,131401.0,Ramp
1298,134630.0,Ramp
1299,133591.0,Ramp
1300,131129.0,Ramp
1301,132097.0,Ramp
1302,133502.0,Ramp
1303,133296.0,Ramp
1304,133894.0,Ramp
1305,129112.0,Ramp
1306,130411.0,Ramp
1307,133680.0,Ramp
1308,138516.0,Ramp
1309,134033.0,Ramp
1310,133581.0,Ramp
1311,134659.0,Ramp
1312,133991.0,Ramp
1313,133833.0,Ramp
1314,134624.0,Ramp
1315,127749.0,Ramp
1316,135149.0,Ramp
1317,132104.0,Ramp
1318,136476.0,Ramp
1319,132033.0,Ramp
1320,128722.0,Ramp
1321,156507.0,Cooldown
1322,135918.0,Ramp
1323,132285.0,Ramp
1324,132333.0,Ramp
1325,126569.0,Ramp
1326,130584.0,Ramp
1327,128520.0,Ramp
1328,131832.0,Ramp
1329,132006.0,Ramp
1330,125541.0,Ramp
1331,125177.0,Ramp
1332,131034.0,Ramp
1333,130136.0,Ramp
1334,131801.0,Ramp
1335,124580.0,Ramp
1336,129745.0,Ramp
1337,129028.0,Ramp
1338,133301.0,Ramp
1339,130502.0,Ramp
1340,123651.0,Idle
1341,128728.0,Ramp
1342,129817.0,Ramp
1343,128602.0,Ramp
1344,130517.0,Ramp
1345,124307.0,Ramp
1346,127783.0,Ramp
1347,125323.0,Ramp
1348,127533.0,Ramp
1349,124680.0,Ramp
1350,122550.0,Idle
1351,129010.0,Ramp
1352,131842.0,Ramp
1353,129372.0,Ramp
1354,128199.0,Ramp
1355,124620.0,Ramp
1356,128218.0,Ramp
1357,125881.0,Ramp
1358,128829.0,Ramp
1359,127602.0,Ramp
1360,123506.0,Idle
1361,124164.0,Idle
1362,125969.0,Ramp
1363,128666.0,Ramp
1364,128643.0,Ramp
1365,123138.0,Idle
1366,129431.0,Ramp
1367,125761.0,Ramp
1368,129892.0,Ramp
1369,126462.0,Ramp
1370,123937.0,Idle
1371,126803.0,Ramp
1372,126675.0,Ramp
1373,125581.0,Ramp
1374,127634.0,Ramp
1375,123115.0,Idle
1376,125658.0,Ramp
1377,125103.0,Ramp
1378,128630.0,Ramp
1379,126392.0,Ramp
1380,123676.0,Idle
1381,152427.0,Cooldown
1382,132108.0,Ramp
1383,129945.0,Ramp
1384,126632.0,Ramp
1385,122516.0,Idle
1386,124683.0,Ramp
1387,125359.0,Ramp
1388,128716.0,Ramp
1389,128722.0,Ramp
1390,122385.0,Idle
1391,126107.0,Ramp
1392,124979.0,Ramp
1393,127796.0,Ramp
1394,128113.0,Ramp
1395,124203.0,Ramp
1396,123816.0,Idle
1397,125764.0,Ramp
1398,137741.0,Ramp
1399,128371.0,Ramp
1400,125593.0,Ramp
1401,127147.0,Ramp
1402,125689.0,Ramp
1403,130965.0,Ramp
1404,129251.0,Ramp
1405,120461.0,Idle
1406,122002.0,Idle
1407,123331.0,Idle
1408,126365.0,Ramp
1409,123819.0,Idle
1410,121919.0,Idle
1411,122802.0,Idle
1412,124798.0,Ramp
1413,125329.0,Ramp
1414,124357.0,Ramp
1415,117622.0,Idle
1416,121950.0,Idle
1417,121763.0,Idle
1418,126243.0,Ramp
1419,123313.0,Idle
1420,120102.0,Idle
1421,121509.0,Idle
1422,125451.0,Ramp
1423,126995.0,Ramp
1424,126949.0,Ramp
1425,120415.0,Idle
1426,125390.0,Ramp
1427,124025.0,Idle
1428,128703.0,Ramp
1429,126584.0,Ramp
1430,120752.0,Idle
1431,124451.0,Ramp
1432,124216.0,Ramp
1433,126396.0,Ramp
1434,126415.0,Ramp
1435,119036.0,Idle
1436,122521.0,Idle
1437,122285.0,Idle
1438,125012.0,Ramp
1439,123902.0,Idle
1440,121053.0,Idle
1441,155003.0,Cooldown
1442,135360.0,Ramp
1443,132856.0,Ramp
1444,133965.0,Ramp
1445,128137.0,Ramp
1446,127383.0,Ramp
1447,124861.0,Ramp
1448,128152.0,Ramp
1449,124932.0,Ramp
1450,123963.0,Idle
1451,126150.0,Ramp
1452,127981.0,Ramp
1453,130473.0,Ramp
1454,130379.0,Ramp
1455,121455.0,Idle
1456,125335.0,Ramp
1457,124284.0,Ramp
1458,128097.0,Ramp
1459,126496.0,Ramp
1460,121796.0,Idle
1461,129209.0,Ramp
1462,127303.0,Ramp
1463,127444.0,Ramp
1464,131657.0,Ramp
1465,125364.0,Ramp
1466,127097.0,Ramp
1467,129784.0,Ramp
1468,129471.0,Ramp
1469,128442.0,Ramp
1470,126167.0,Ramp
1471,129438.0,Ramp
1472,128070.0,Ramp
1473,129383.0,Ramp
1474,131420.0,Ramp
1475,121074.0,Idle
1476,122804.0,Idle
1477,123565.0,Idle
1478,104705.0,Idle
1479,153713.0,Cooldown
1480,126442.0,Ramp
1481,127202.0,Ramp
1482,131522.0,Ramp
1483,132305.0,Ramp
1484,129835.0,Ramp
1485,123662.0,Idle
1486,127201.0,Ramp
1487,127695.0,Ramp
1488,132188.0,Ramp
1489,127665.0,Ramp
1490,124210.0,Ramp
1491,124816.0,Ramp
1492,123872.0,Idle
1493,124972.0,Ramp
1494,126128.0,Ramp
1495,122521.0,Idle
1496,125002.0,Ramp
1497,124518.0,Ramp
1498,128917.0,Ramp
1499,125952.0,Ramp
1500,124035.0,Idle
1501,145377.0,Ramp
1502,130107.0,Ramp
1503,129583.0,Ramp
1504,126907.0,Ramp
1505,122161.0,Idle
1506,126422.0,Ramp
1507,127012.0,Ramp
1508,133870.0,Ramp
1509,127897.0,Ramp
1510,123769.0,Idle
1511,121936.0,Idle
1512,126465.0,Ramp
1513,130320.0,Ramp
1514,128889.0,Ramp
1515,120480.0,Idle
1516,120275.0,Idle
1517,121586.0,Idle
1518,127417.0,Ramp
1519,124945.0,Ramp
1520,121555.0,Idle
1521,123059.0,Idle
1522,129128.0,Ramp
1523,130233.0,Ramp
1524,132759.0,Ramp
1525,125579.0,Ramp
1526,127298.0,Ramp
1527,126414.0,Ramp
1528,129975.0,Ramp
1529,126022.0,Ramp
1530,121926.0,Idle
1531,126126.0,Ramp
1532,129087.0,Ramp
1533,132190.0,Ramp
1534,128488.0,Ramp
1535,122412.0,Idle
1536,125131.0,Ramp
1537,123095.0,Idle
1538,129538.0,Ramp
1539,125079.0,Ramp
1540,121337.0,Idle
1541,119152.0,Idle
1542,124525.0,Ramp
1543,131766.0,Ramp
1544,129909.0,Ramp
1545,121480.0,Idle
1546,123974.0,Idle
1547,125764.0,Ramp
1548,129717.0,Ramp
1549,126436.0,Ramp
1550,122652.0,Idle
1551,121221.0,Idle
1552,126073.0,Ramp
1553,127176.0,Ramp
1554,126716.0,Ramp
1555,122393.0,Idle
1556,122661.0,Idle
1557,126233.0,Ramp
1558,131523.0,Ramp
1559,126260.0,Ramp
1560,123229.0,Idle
1561,146490.0,Cooldown
1562,132462.0,Ramp
1563,129229.0,Ramp
1564,129945.0,Ramp
1565,120994.0,Idle
1566,123674.0,Idle
1567,126018.0,Ramp
1568,133078.0,Ramp
1569,129869.0,Ramp
1570,127207.0,Ramp
1571,125929.0,Ramp
1572,127625.0,Ramp
1573,129213.0,Ramp
1574,127705.0,Ramp
1575,124978.0,Ramp
1576,126216.0,Ramp
1577,126625.0,Ramp
1578,128909.0,Ramp
1579,125190.0,Ramp
1580,121406.0,Idle
1581,122588.0,Idle
1582,126145.0,Ramp
1583,128194.0,Ramp
1584,130401.0,Ramp
1585,122209.0,Idle
1586,124625.0,Ramp
1587,122474.0,Idle
1588,125287.0,Ramp
1589,121752.0,Idle
1590,121033.0,Idle
1591,122725.0,Idle
1592,124915.0,Ramp
1593,128067.0,Ramp
1594,127918.0,Ramp
1595,119279.0,Idle
1596,122818.0,Idle
1597,124476.0,Ramp
1598,130504.0,Ramp
1599,125276.0,Ramp
1600,123304.0,Idle
1601,123436.0,Idle
1602,133446.0,Ramp
1603,135510.0,Ramp
1604,132363.0,Ramp
1605,123011.0,Idle
1606,125520.0,Ramp
1607,124324.0,Ramp
1608,130371.0,Ramp
1609,123364.0,Idle
1610,120191.0,Idle
1611,121732.0,Idle
1612,124723.0,Ramp
1613,123870.0,Idle
1614,122460.0,Idle
1615,114848.0,Idle
1616,120539.0,Idle
1617,122879.0,Idle
1618,124720.0,Ramp
1619,120943.0,Idle
1620,119137.0,Idle
1621,146623.0,Cooldown
1622,126535.0,Ramp
1623,128713.0,Ramp
1624,126676.0,Ramp
1625,117614.0,Idle
1626,121235.0,Idle
1627,122832.0,Idle
1628,127138.0,Ramp
1629,123444.0,Idle
1630,119511.0,Idle
1631,118773.0,Idle
1632,122797.0,Idle
1633,124946.0,Ramp
1634,125343.0,Ramp
1635,118926.0,Idle
1636,123005.0,Idle
1637,122632.0,Idle
1638,127854.0,Ramp
1639,121919.0,Idle
1640,117765.0,Idle
1641,118998.0,Idle
1642,122838.0,Idle
1643,126328.0,Ramp
1644,125892.0,Ramp
1645,118690.0,Idle
1646,122854.0,Idle
1647,122322.0,Idle
1648,129665.0,Ramp
1649,124024.0,Idle
1650,122101.0,Idle
1651,125607.0,Ramp
1652,124437.0,Ramp
1653,128219.0,Ramp
1654,127042.0,Ramp
1655,120423.0,Idle
1656,122175.0,Idle
1657,122634.0,Idle
1658,129646.0,Ramp
1659,127483.0,Ramp
1660,122033.0,Idle
1661,122501.0,Idle
1662,125463.0,Ramp
1663,127396.0,Ramp
1664,127395.0,Ramp
1665,118900.0,Idle
1666,122782.0,Idle
1667,123961.0,Idle
1668,128065.0,Ramp
1669,122780.0,Idle
1670,118681.0,Idle
1671,120404.0,Idle
1672,122828.0,Idle
1673,123736.0,Idle
1674,125373.0,Ramp
1675,119635.0,Idle
1676,122445.0,Idle
1677,123197.0,Idle
1678,125546.0,Ramp
1679,125400.0,Ramp
1680,122034.0,Idle
1681,161373.0,Cooldown
1682,136969.0,Ramp
1683,127244.0,Ramp
1684,126060.0,Ramp
1685,117631.0,Idle
1686,121331.0,Idle
1687,121329.0,Idle
1688,126163.0,Ramp
1689,121938.0,Idle
1690,119772.0,Idle
1691,121048.0,Idle
1692,123609.0,Idle
1693,126310.0,Ramp
1694,125349.0,Ramp
1695,115161.0,Idle
1696,119476.0,Idle
1697,118983.0,Idle
1698,123426.0,Idle
1699,119716.0,Idle
1700,116306.0,Idle
1701,116133.0,Idle
1702,119221.0,Idle
1703,118566.0,Idle
1704,117238.0,Idle
1705,112373.0,Idle
1706,114708.0,Idle
1707,118887.0,Idle
1708,120133.0,Idle
1709,118973.0,Idle
1710,116859.0,Idle
1711,121376.0,Idle
1712,119581.0,Idle
1713,120635.0,Idle
1714,119677.0,Idle
1715,114274.0,Idle
1716,115888.0,Idle
1717,116823.0,Idle
1718,122192.0,Idle
1719,124684.0,Ramp
1720,115277.0,Idle
1721,115660.0,Idle
1722,118054.0,Idle
1723,120469.0,Idle
1724,120704.0,Idle
1725,113539.0,Idle
1726,117786.0,Idle
1727,120818.0,Idle
1728,123412.0,Idle
1729,119225.0,Idle
1730,113806.0,Idle
1731,115083.0,Idle
1732,118024.0,Idle
1733,118191.0,Idle
1734,119631.0,Idle
1735,113351.0,Idle
1736,118284.0,Idle
1737,119079.0,Idle
1738,122266.0,Idle
1739,119822.0,Idle
1740,116544.0,Idle
1741,145715.0,Cooldown
1742,127848.0,Ramp
1743,133253.0,Ramp
1744,123368.0,Idle
1745,116327.0,Idle
1746,120477.0,Idle
1747,121901.0,Idle
1748,127219.0,Ramp
1749,126319.0,Ramp
1750,121886.0,Idle
1751,122482.0,Idle
1752,120375.0,Idle
1753,123728.0,Idle
1754,125706.0,Ramp
1755,118439.0,Idle
1756,118971.0,Idle
1757,122488.0,Idle
1758,127941.0,Ramp
1759,122097.0,Idle
1760,120708.0,Idle
1761,120419.0,Idle
1762,124613.0,Ramp
1763,123756.0,Idle
1764,126830.0,Ramp
1765,121658.0,Idle
1766,123263.0,Idle
1767,122996.0,Idle
1768,123700.0,Idle
1769,125095.0,Ramp
1770,120626.0,Idle
1771,122956.0,Idle
1772,122666.0,Idle
1773,124932.0,Ramp
1774,123824.0,Idle
1775,116877.0,Idle
1776,121197.0,Idle
1777,118191.0,Idle
1778,127027.0,Ramp
1779,125878.0,Ramp
1780,122136.0,Idle
1781,121906.0,Idle
1782,125501.0,Ramp
1783,127428.0,Ramp
1784,126797.0,Ramp
1785,117118.0,Idle
1786,123383.0,Idle
1787,124744.0,Ramp
1788,126015.0,Ramp
1789,124465.0,Ramp
1790,119004.0,Idle
1791,120005.0,Idle
1792,122619.0,Idle
1793,123905.0,Idle
1794,126009.0,Ramp
1795,120651.0,Idle
1796,121809.0,Idle
1797,123205.0,Idle
1798,124440.0,Ramp
1799,123583.0,Idle
1800,122996.0,Idle
1801,153012.0,Cooldown
1802,136104.0,Ramp
1803,133501.0,Ramp
1804,129202.0,Ramp
1805,122676.0,Idle
1806,125178.0,Ramp
1807,126283.0,Ramp
1808,130766.0,Ramp
1809,128797.0,Ramp
1810,117620.0,Idle
1811,122651.0,Idle
1812,125216.0,Ramp
1813,129729.0,Ramp
1814,130605.0,Ramp
1815,123822.0,Idle
1816,126411.0,Ramp
1817,125219.0,Ramp
1818,133145.0,Ramp
1819,125548.0,Ramp
1820,120011.0,Idle
1821,124473.0,Ramp
1822,128339.0,Ramp
1823,129905.0,Ramp
1824,129284.0,Ramp
1825,125126.0,Ramp
1826,124192.0,Ramp
1827,127427.0,Ramp
1828,129357.0,Ramp
1829,125303.0,Ramp
1830,123792.0,Idle
1831,127684.0,Ramp
1832,130830.0,Ramp
1833,131231.0,Ramp
1834,128821.0,Ramp
1835,123325.0,Idle
1836,126862.0,Ramp
1837,127005.0,Ramp
1838,133995.0,Ramp
1839,129104.0,Ramp
1840,125757.0,Ramp
1841,125953.0,Ramp
1842,130443.0,Ramp
1843,132830.0,Ramp
1844,130039.0,Ramp
1845,124639.0,Ramp
1846,128874.0,Ramp
1847,126592.0,Ramp
1848,133950.0,Ramp
1849,129555.0,Ramp
1850,123662.0,Idle
1851,126807.0,Ramp
1852,128630.0,Ramp
1853,131256.0,Ramp
1854,133144.0,Ramp
1855,127182.0,Ramp
1856,133282.0,Ramp
1857,133467.0,Ramp
1858,131819.0,Ramp
1859,128036.0,Ramp
1860,128879.0,Ramp
1861,156530.0,Cooldown
1862,142469.0,Ramp
1863,135381.0,Ramp
1864,136788.0,Ramp
1865,137445.0,Ramp
1866,136459.0,Ramp
1867,137631.0,Ramp
1868,139172.0,Ramp
1869,134251.0,Ramp
1870,132484.0,Ramp
1871,135436.0,Ramp
1872,135368.0,Ramp
1873,141350.0,Ramp
1874,137475.0,Ramp
1875,135211.0,Ramp
1876,133614.0,Ramp
1877,132623.0,Ramp
1878,139002.0,Ramp
1879,133448.0,Ramp
1880,134947.0,Ramp
1881,135549.0,Ramp
1882,138703.0,Ramp
1883,136772.0,Ramp
1884,136066.0,Ramp
1885,131797.0,Ramp
1886,132090.0,Ramp
1887,136199.0,Ramp
1888,138861.0,Ramp
1889,135818.0,Ramp
1890,131251.0,Ramp
1891,137687.0,Ramp
1892,136050.0,Ramp
1893,139087.0,Ramp
1894,138814.0,Ramp
1895,132347.0,Ramp
1896,135258.0,Ramp
1897,134723.0,Ramp
1898,138397.0,Ramp
1899,134837.0,Ramp
1900,135461.0,Ramp
1901,131673.0,Ramp
1902,135640.0,Ramp
1903,138704.0,Ramp
1904,137376.0,Ramp
1905,134701.0,Ramp
1906,136159.0,Ramp
1907,137466.0,Ramp
1908,142155.0,Ramp
1909,136655.0,Ramp
1910,133102.0,Ramp
1911,132914.0,Ramp
1912,134026.0,Ramp
1913,139333.0,Ramp
1914,136556.0,Ramp
1915,134315.0,Ramp
1916,138212.0,Ramp
1917,136674.0,Ramp
1918,139910.0,Ramp
1919,141006.0,Ramp
1920,140697.0,Ramp
1921,157284.0,Cooldown
1922,139788.0,Ramp
1923,137385.0,Ramp
1924,137642.0,Ramp
1925,131278.0,Ramp
1926,136577.0,Ramp
1927,136203.0,Ramp
1928,141560.0,Ramp
1929,143558.0,Ramp
1930,150335.0,Cooldown
1931,151443.0,Cooldown
1932,140213.0,Ramp
1933,142643.0,Ramp
1934,134805.0,Ramp
1935,134743.0,Ramp
1936,141473.0,Ramp
1937,139646.0,Ramp
1938,145449.0,Ramp
1939,140724.0,Ramp
1940,140787.0,Ramp
1941,137075.0,Ramp
1942,140334.0,Ramp
1943,137741.0,Ramp
1944,133131.0,Ramp
1945,130641.0,Ramp
1946,133241.0,Ramp
1947,136109.0,Ramp
1948,138620.0,Ramp
1949,132756.0,Ramp
1950,132933.0,Ramp
1951,133158.0,Ramp
1952,135495.0,Ramp
1953,138188.0,Ramp
1954,134713.0,Ramp
1955,129389.0,Ramp
1956,132783.0,Ramp
1957,131018.0,Ramp
1958,138445.0,Ramp
1959,135005.0,Ramp
1960,135805.0,Ramp
1961,132825.0,Ramp
1962,136198.0,Ramp
1963,134439.0,Ramp
1964,135906.0,Ramp
1965,131239.0,Ramp
1966,133305.0,Ramp
1967,133225.0,Ramp
1968,136647.0,Ramp
1969,134660.0,Ramp
1970,129903.0,Ramp
1971,132213.0,Ramp
1972,132871.0,Ramp
1973,133085.0,Ramp
1974,133384.0,Ramp
1975,131436.0,Ramp
1976,134021.0,Ramp
1977,133554.0,Ramp
1978,134056.0,Ramp
1979,133462.0,Ramp
1980,132527.0,Ramp
1981,159013.0,Cooldown
1982,141414.0,Ramp
1983,134073.0,Ramp
1984,133460.0,Ramp
1985,129644.0,Ramp
1986,134984.0,Ramp
1987,133464.0,Ramp
1988,137156.0,Ramp
1989,134105.0,Ramp
1990,135008.0,Ramp
1991,134647.0,Ramp
1992,137217.0,Ramp
1993,136498.0,Ramp
1994,140070.0,Ramp
1995,142953.0,Ramp
1996,145239.0,Ramp
1997,140278.0,Ramp
1998,139952.0,Ramp
1999,133986.0,Ramp
2000,131985.0,Ramp
2001,135455.0,Ramp
2002,137988.0,Ramp
2003,134821.0,Ramp
2004,137360.0,Ramp
2005,134153.0,Ramp
2006,131406.0,Ramp
2007,130893.0,Ramp
2008,135793.0,Ramp
2009,129440.0,Ramp
2010,130721.0,Ramp
2011,133188.0,Ramp
2012,134703.0,Ramp
2013,134342.0,Ramp
2014,133189.0,Ramp
2015,130273.0,Ramp
2016,134167.0,Ramp
2017,130543.0,Ramp
2018,138216.0,Ramp
2019,132518.0,Ramp
2020,132843.0,Ramp
2021,133528.0,Ramp
2022,136523.0,Ramp
2023,138704.0,Ramp
2024,138666.0,Ramp
2025,132025.0,Ramp
2026,134487.0,Ramp
2027,133626.0,Ramp
2028,140092.0,Ramp
2029,134762.0,Ramp
2030,131859.0,Ramp
2031,134259.0,Ramp
2032,133888.0,Ramp
2033,134385.0,Ramp
2034,133513.0,Ramp
2035,132744.0,Ramp
2036,133353.0,Ramp
2037,133427.0,Ramp
2038,134605.0,Ramp
2039,132383.0,Ramp
2040,130660.0,Ramp
2041,157375.0,Cooldown
2042,140664.0,Ramp
2043,137278.0,Ramp
2044,137959.0,Ramp
2045,134851.0,Ramp
2046,136301.0,Ramp
2047,133361.0,Ramp
2048,137216.0,Ramp
2049,139217.0,Ramp
2050,135369.0,Ramp
2051,133657.0,Ramp
2052,134612.0,Ramp
2053,136690.0,Ramp
2054,137865.0,Ramp
2055,132731.0,Ramp
2056,134005.0,Ramp
2057,135551.0,Ramp
2058,138189.0,Ramp
2059,134187.0,Ramp
2060,132802.0,Ramp
2061,134159.0,Ramp
2062,138271.0,Ramp
2063,139336.0,Ramp
2064,137606.0,Ramp
2065,135506.0,Ramp
2066,135752.0,Ramp
2067,142358.0,Ramp
2068,146222.0,Cooldown
2069,142137.0,Ramp
2070,143411.0,Ramp
2071,147143.0,Cooldown
2072,154546.0,Cooldown
2073,145317.0,Ramp
2074,137277.0,Ramp
2075,135779.0,Ramp
2076,137289.0,Ramp
2077,136903.0,Ramp
2078,142602.0,Ramp
2079,147776.0,Cooldown
2080,148485.0,Cooldown
2081,136341.0,Ramp
2082,138282.0,Ramp
2083,139672.0,Ramp
2084,139873.0,Ramp
2085,132579.0,Ramp
2086,134345.0,Ramp
2087,138056.0,Ramp
2088,138979.0,Ramp
2089,137270.0,Ramp
2090,139593.0,Ramp
2091,136365.0,Ramp
2092,138149.0,Ramp
2093,137535.0,Ramp
2094,136971.0,Ramp
2095,134181.0,Ramp
2096,137897.0,Ramp
2097,137593.0,Ramp
2098,136103.0,Ramp
2099,135176.0,Ramp
2100,131775.0,Ramp
2101,158999.0,Cooldown
2102,141560.0,Ramp
2103,141884.0,Ramp
2104,147494.0,Cooldown
2105,141304.0,Ramp
2106,142930.0,Ramp
2107,139360.0,Ramp
2108,145249.0,Ramp
2109,139521.0,Ramp
2110,137129.0,Ramp
2111,135678.0,Ramp
2112,138542.0,Ramp
2113,142290.0,Ramp
2114,144259.0,Ramp
2115,138350.0,Ramp
2116,142015.0,Ramp
2117,141009.0,Ramp
2118,148909.0,Cooldown
2119,142648.0,Ramp
2120,136858.0,Ramp
2121,137920.0,Ramp
2122,141529.0,Ramp
2123,140111.0,Ramp
2124,140305.0,Ramp
2125,137477.0,Ramp
2126,138224.0,Ramp
2127,142683.0,Ramp
2128,143476.0,Ramp
2129,142660.0,Ramp
2130,141077.0,Ramp
2131,141927.0,Ramp
2132,143513.0,Ramp
2133,141590.0,Ramp
2134,139687.0,Ramp
2135,138235.0,Ramp
2136,139181.0,Ramp
2137,136797.0,Ramp
2138,143511.0,Ramp
2139,141851.0,Ramp
2140,140289.0,Ramp
2141,138878.0,Ramp
2142,139817.0,Ramp
2143,141428.0,Ramp
2144,143708.0,Ramp
2145,140081.0,Ramp
2146,137979.0,Ramp
2147,138342.0,Ramp
2148,143625.0,Ramp
2149,138165.0,Ramp
2150,136661.0,Ramp
2151,136845.0,Ramp
2152,140986.0,Ramp
2153,139740.0,Ramp
2154,143555.0,Ramp
2155,139787.0,Ramp
2156,142498.0,Ramp
2157,141074.0,Ramp
2158,141962.0,Ramp
2159,140436.0,Ramp
2160,139234.0,Ramp
2161,169975.0,Cooldown
2162,146562.0,Cooldown
2163,144511.0,Ramp
2164,143591.0,Ramp
2165,138664.0,Ramp
2166,144859.0,Ramp
2167,141574.0,Ramp
2168,145847.0,Cooldown
2169,142046.0,Ramp
2170,139761.0,Ramp
2171,140507.0,Ramp
2172,141479.0,Ramp
2173,145655.0,Ramp
2174,147511.0,Cooldown
2175,137184.0,Ramp
2176,143284.0,Ramp
2177,144648.0,Ramp
2178,145473.0,Ramp
2179,143976.0,Ramp
2180,141754.0,Ramp
2181,143854.0,Ramp
2182,143128.0,Ramp
2183,145716.0,Cooldown
2184,145951.0,Cooldown
2185,145657.0,Ramp
2186,144729.0,Ramp
2187,144066.0,Ramp
2188,146727.0,Cooldown
2189,143265.0,Ramp
2190,145088.0,Ramp
2191,147749.0,Cooldown
2192,145795.0,Cooldown
2193,147943.0,Cooldown
2194,142712.0,Ramp
2195,143523.0,Ramp
2196,148719.0,Burst
2197,146456.0,Burst
2198,151385.0,Cooldown
2199,149069.0,Cooldown
2200,144025.0,Ramp
2201,145871.0,Burst
2202,147588.0,Cooldown
2203,147057.0,Burst
2204,151298.0,Cooldown
2205,143625.0,Ramp
2206,151505.0,Cooldown
2207,147545.0,Burst
2208,153226.0,Cooldown
2209,147970.0,Cooldown
2210,143527.0,Ramp
2211,148137.0,Cooldown
2212,149518.0,Cooldown
2213,145604.0,Ramp
2214,146534.0,Burst
2215,147705.0,Burst
2216,150943.0,Burst
2217,150338.0,Burst
2218,157372.0,Burst
2219,154138.0,Burst
2220,150199.0,Burst
2221,178026.0,Cooldown
2222,155091.0,Cooldown
2223,151930.0,Burst
2224,151725.0,Burst
2225,148483.0,Burst
2226,157092.0,Burst
2227,156845.0,Burst
2228,158397.0,Cooldown
2229,156583.0,Burst
2230,156191.0,Burst
2231,155920.0,Burst
2232,158156.0,Cooldown
2233,156779.0,Cooldown
2234,161797.0,Cooldown
2235,150178.0,Burst
2236,156770.0,Cooldown
2237,153625.0,Burst
2238,157279.0,Cooldown
2239,153126.0,Burst
2240,152697.0,Burst
2241,159124.0,Cooldown
2242,159924.0,Cooldown
2243,157313.0,Cooldown
2244,155042.0,Cooldown
2245,153963.0,Cooldown
2246,154863.0,Cooldown
2247,151788.0,Cooldown
2248,153983.0,Cooldown
2249,150342.0,Burst
2250,147450.0,Burst
2251,152104.0,Burst
2252,153963.0,Cooldown
2253,149549.0,Burst
2254,153732.0,Cooldown
2255,146598.0,Burst
2256,151370.0,Burst
2257,150116.0,Burst
2258,155402.0,Cooldown
2259,149104.0,Burst
2260,152227.0,Cooldown
2261,147904.0,Burst
2262,155505.0,Cooldown
2263,150945.0,Burst
2264,153825.0,Cooldown
2265,148282.0,Burst
2266,152682.0,Cooldown
2267,148698.0,Burst
2268,156386.0,Cooldown
2269,150740.0,Cooldown
2270,145297.0,Ramp
2271,146115.0,Burst
2272,152302.0,Burst
2273,151184.0,Burst
2274,154225.0,Cooldown
2275,151895.0,Cooldown
2276,150962.0,Cooldown
2277,151657.0,Cooldown
2278,150213.0,Burst
2279,149973.0,Burst
2280,149787.0,Burst
2281,173328.0,Cooldown
2282,155964.0,Cooldown
2283,149800.0,Cooldown
2284,149572.0,Cooldown
2285,144820.0,Ramp
2286,152362.0,Cooldown
2287,150083.0,Burst
2288,154905.0,Cooldown
2289,151899.0,Cooldown
2290,147504.0,Burst
2291,151255.0,Burst
2292,152676.0,Cooldown
2293,153625.0,Cooldown
2294,154732.0,Cooldown
2295,149007.0,Burst
2296,153621.0,Burst
2297,155370.0,Burst
2298,159958.0,Cooldown
2299,153833.0,Burst
2300,157114.0,Cooldown
2301,162910.0,Cooldown
2302,149952.0,Burst
2303,148701.0,Burst
2304,155021.0,Cooldown
2305,154977.0,Burst
2306,151854.0,Burst
2307,151867.0,Burst
2308,162495.0,Cooldown
2309,166231.0,Cooldown
2310,157405.0,Cooldown
2311,152293.0,Burst
2312,151633.0,Burst
2313,158740.0,Cooldown
2314,155288.0,Cooldown
2315,147004.0,Burst
2316,152569.0,Cooldown
2317,150563.0,Burst
2318,155889.0,Cooldown
2319,150969.0,Burst
2320,147631.0,Burst
2321,153957.0,Burst
2322,158197.0,Cooldown
2323,153623.0,Cooldown
2324,154885.0,Cooldown
2325,152182.0,Burst
2326,150429.0,Burst
2327,149855.0,Burst
2328,156728.0,Cooldown
2329,149908.0,Burst
2330,147419.0,Burst
2331,152803.0,Burst
2332,152180.0,Cooldown
2333,147985.0,Burst
2334,158281.0,Cooldown
2335,150049.0,Burst
2336,151115.0,Cooldown
2337,148686.0,Burst
2338,152659.0,Burst
2339,149881.0,Burst
2340,149744.0,Burst
2341,171193.0,Cooldown
2342,155413.0,Burst
2343,153325.0,Burst
2344,156723.0,Cooldown
2345,157025.0,Cooldown
2346,152288.0,Cooldown
2347,145921.0,Burst
2348,152553.0,Cooldown
2349,152568.0,Cooldown
2350,149171.0,Burst
2351,150310.0,Burst
2352,151193.0,Burst
2353,157206.0,Cooldown
2354,157629.0,Cooldown
2355,149942.0,Burst
2356,154260.0,Burst
2357,155815.0,Cooldown
2358,157245.0,Cooldown
2359,153375.0,Cooldown
2360,148446.0,Burst
2361,152648.0,Cooldown
2362,150777.0,Burst
2363,151889.0,Cooldown
2364,153228.0,Cooldown
2365,148699.0,Burst
2366,151888.0,Cooldown
2367,149735.0,Cooldown
2368,150186.0,Cooldown
2369,147776.0,Burst
2370,149100.0,Burst
2371,152821.0,Cooldown
2372,153012.0,Cooldown
2373,148998.0,Burst
2374,153894.0,Cooldown
2375,144274.0,Ramp
2376,150846.0,Burst
2377,147644.0,Burst
2378,154281.0,Cooldown
2379,152321.0,Cooldown
2380,150989.0,Burst
2381,149666.0,Burst
2382,150661.0,Burst
2383,152817.0,Cooldown
2384,152586.0,Cooldown
2385,147668.0,Burst
2386,152029.0,Cooldown
2387,147752.0,Burst
2388,154580.0,Cooldown
2389,153260.0,Cooldown
2390,145608.0,Ramp
2391,148242.0,Burst
2392,147385.0,Burst
2393,151516.0,Burst
2394,150381.0,Burst
2395,153264.0,Cooldown
2396,151352.0,Burst
2397,149299.0,Burst
2398,154362.0,Burst
2399,151866.0,Burst
2400,149640.0,Burst
2401,172659.0,Cooldown
2402,152982.0,Cooldown
2403,150049.0,Cooldown
2404,150971.0,Cooldown
2405,143650.0,Ramp
2406,153395.0,Cooldown
2407,147856.0,Burst
2408,149188.0,Burst
2409,149621.0,Burst
2410,149423.0,Burst
2411,151531.0,Cooldown
2412,150711.0,Cooldown
2413,150895.0,Burst
2414,149711.0,Burst
2415,146600.0,Burst
2416,156477.0,Cooldown
2417,153791.0,Burst
2418,156729.0,Cooldown
2419,154483.0,Cooldown
2420,152830.0,Cooldown
2421,152100.0,Burst
2422,153497.0,Cooldown
2423,149927.0,Burst
2424,154317.0,Cooldown
2425,148619.0,Burst
2426,150396.0,Cooldown
2427,147632.0,Burst
2428,149278.0,Cooldown
2429,148867.0,Burst
2430,149191.0,Burst
2431,148763.0,Burst
2432,150265.0,Burst
2433,155109.0,Cooldown
2434,155085.0,Cooldown
2435,150349.0,Burst
2436,154500.0,Cooldown
2437,149617.0,Burst
2438,153988.0,Cooldown
2439,148508.0,Burst
2440,149600.0,Cooldown
2441,148238.0,Burst
2442,147779.0,Burst
2443,150151.0,Cooldown
2444,150552.0,Cooldown
2445,143619.0,Ramp
2446,150673.0,Cooldown
2447,151612.0,Cooldown
2448,153060.0,Cooldown
2449,146103.0,Cooldown
2450,143279.0,Ramp
2451,145085.0,Ramp
2452,144618.0,Ramp
2453,146094.0,Cooldown
2454,148158.0,Cooldown
2455,143084.0,Ramp
2456,146030.0,Burst
2457,145192.0,Ramp
2458,148851.0,Burst
2459,144450.0,Ramp
2460,143560.0,Ramp
2461,172162.0,Cooldown
2462,151876.0,Cooldown
2463,150709.0,Cooldown
2464,150203.0,Cooldown
2465,144778.0,Ramp
2466,146564.0,Burst
2467,148910.0,Cooldown
2468,150004.0,Cooldown
2469,144235.0,Ramp
2470,145779.0,Burst
2471,147674.0,Burst
2472,151229.0,Cooldown
2473,150862.0,Cooldown
2474,148618.0,Cooldown
2475,145674.0,Ramp
2476,146518.0,Burst
2477,147418.0,Cooldown
2478,148815.0,Cooldown
2479,145964.0,Burst
2480,144171.0,Ramp
2481,149587.0,Cooldown
2482,151604.0,Cooldown
2483,148705.0,Cooldown
2484,147624.0,Burst
2485,147188.0,Burst
2486,149119.0,Cooldown
2487,148065.0,Cooldown
2488,149289.0,Cooldown
2489,146183.0,Burst
2490,143414.0,Ramp
2491,147325.0,Burst
2492,150789.0,Cooldown
2493,147103.0,Cooldown
2494,146211.0,Cooldown
2495,142918.0,Ramp
2496,146369.0,Cooldown
2497,143265.0,Ramp
2498,145418.0,Ramp
2499,143434.0,Ramp
2500,145115.0,Ramp
2501,146938.0,Burst
2502,147319.0,Cooldown
2503,147615.0,Cooldown
2504,148348.0,Cooldown
2505,142880.0,Ramp
2506,147959.0,Cooldown
2507,147724.0,Cooldown
2508,149930.0,Cooldown
2509,145950.0,Cooldown
2510,140658.0,Ramp
2511,142216.0,Ramp
2512,149519.0,Cooldown
2513,144734.0,Ramp
2514,143975.0,Ramp
2515,145853.0,Burst
2516,149097.0,Cooldown
2517,148771.0,Cooldown
2518,147842.0,Burst
2519,147644.0,Burst
2520,147664.0,Burst
2521,167373.0,Cooldown
2522,150804.0,Cooldown
2523,149733.0,Cooldown
2524,147824.0,Cooldown
2525,143572.0,Ramp
2526,148166.0,Cooldown
2527,146327.0,Cooldown
2528,146427.0,Cooldown
2529,143848.0,Ramp
2530,146152.0,Burst
2531,143970.0,Ramp
2532,148122.0,Cooldown
2533,148164.0,Cooldown
2534,148542.0,Cooldown
2535,143145.0,Ramp
2536,146650.0,Burst
2537,149942.0,Cooldown
2538,148354.0,Cooldown
2539,147242.0,Cooldown
2540,142430.0,Ramp
2541,145662.0,Ramp
2542,148876.0,Cooldown
2543,146147.0,Burst
2544,148965.0,Cooldown
2545,142354.0,Ramp
2546,151815.0,Cooldown
2547,145475.0,Ramp
2548,146715.0,Cooldown
2549,142004.0,Ramp
2550,144394.0,Ramp
2551,147415.0,Cooldown
2552,148489.0,Cooldown
2553,147530.0,Cooldown
2554,145998.0,Cooldown
2555,140642.0,Ramp
2556,147396.0,Cooldown
2557,145971.0,Cooldown
2558,147215.0,Cooldown
2559,144704.0,Ramp
2560,140233.0,Ramp
2561,142044.0,Ramp
2562,145955.0,Cooldown
2563,147475.0,Cooldown
2564,146626.0,Cooldown
2565,141636.0,Ramp
2566,147366.0,Burst
2567,148304.0,Cooldown
2568,149259.0,Cooldown
2569,147080.0,Cooldown
2570,144976.0,Ramp
2571,144955.0,Ramp
2572,148801.0,Cooldown
2573,144251.0,Ramp
2574,147635.0,Cooldown
2575,145689.0,Ramp
2576,146488.0,Burst
2577,148340.0,Cooldown
2578,148668.0,Burst
2579,145887.0,Burst
2580,146621.0,Burst
2581,168100.0,Cooldown
2582,150514.0,Burst
2583,157653.0,Cooldown
2584,164035.0,Cooldown
2585,146156.0,Burst
2586,154370.0,Cooldown
2587,151963.0,Cooldown
2588,152467.0,Cooldown
2589,146583.0,Burst
2590,147965.0,Burst
2591,149980.0,Burst
2592,151988.0,Burst
2593,150940.0,Burst
2594,161933.0,Cooldown
2595,151428.0,Burst
2596,150457.0,Burst
2597,150344.0,Burst
2598,158779.0,Cooldown
2599,147841.0,Burst
2600,148846.0,Cooldown
2601,145913.0,Burst
2602,150831.0,Cooldown
2603,147981.0,Burst
2604,150865.0,Cooldown
2605,148240.0,Cooldown
2606,145963.0,Burst
2607,147994.0,Cooldown
2608,145943.0,Burst
2609,144217.0,Ramp
2610,144825.0,Ramp
2611,151102.0,Cooldown
2612,150560.0,Cooldown
2613,145908.0,Cooldown
2614,147336.0,Cooldown
2615,138702.0,Ramp
2616,148317.0,Cooldown
2617,144093.0,Ramp
2618,144063.0,Ramp
2619,140637.0,Ramp
2620,141351.0,Ramp
2621,145780.0,Burst
2622,148779.0,Cooldown
2623,146981.0,Cooldown
2624,144977.0,Ramp
2625,138749.0,Ramp
2626,145323.0,Ramp
2627,142893.0,Ramp
2628,148564.0,Cooldown
2629,143976.0,Ramp
2630,143106.0,Ramp
2631,145346.0,Ramp
2632,144847.0,Ramp
2633,140487.0,Ramp
2634,142282.0,Ramp
2635,137549.0,Ramp
2636,141498.0,Ramp
2637,142964.0,Ramp
2638,141057.0,Ramp
2639,139228.0,Ramp
2640,143504.0,Ramp
2641,166583.0,Cooldown
2642,146167.0,Cooldown
2643,143687.0,Ramp
2644,143294.0,Ramp
2645,139184.0,Ramp
2646,145012.0,Ramp
2647,145114.0,Ramp
2648,147104.0,Cooldown
2649,141191.0,Ramp
2650,141820.0,Ramp
2651,144782.0,Ramp
2652,143161.0,Ramp
2653,139664.0,Ramp
2654,139310.0,Ramp
2655,137238.0,Ramp
2656,138807.0,Ramp
2657,140485.0,Ramp
2658,144655.0,Ramp
2659,142896.0,Ramp
2660,137052.0,Ramp
2661,135952.0,Ramp
2662,140616.0,Ramp
2663,140054.0,Ramp
2664,138924.0,Ramp
2665,139372.0,Ramp
2666,143348.0,Ramp
2667,144221.0,Ramp
2668,142892.0,Ramp
2669,141789.0,Ramp
2670,142170.0,Ramp
2671,144154.0,Ramp
2672,141570.0,Ramp
2673,142704.0,Ramp
2674,144723.0,Ramp
2675,138553.0,Ramp
2676,147920.0,Cooldown
2677,143361.0,Ramp
2678,144659.0,Ramp
2679,144280.0,Ramp
2680,157508.0,Cooldown
2681,153497.0,Cooldown
2682,143276.0,Ramp
2683,141464.0,Ramp
2684,142504.0,Ramp
2685,140204.0,Ramp
2686,140470.0,Ramp
2687,143455.0,Ramp
2688,146872.0,Cooldown
2689,143191.0,Ramp
2690,139863.0,Ramp
2691,139422.0,Ramp
2692,145830.0,Cooldown
2693,140011.0,Ramp
2694,139293.0,Ramp
2695,140378.0,Ramp
2696,140658.0,Ramp
2697,140405.0,Ramp
2698,141239.0,Ramp
2699,139815.0,Ramp
2700,140503.0,Ramp
2701,161384.0,Cooldown
2702,146558.0,Cooldown
2703,143041.0,Ramp
2704,141554.0,Ramp
2705,142572.0,Ramp
2706,146369.0,Burst
2707,145749.0,Burst
2708,151270.0,Cooldown
2709,143491.0,Ramp
2710,147407.0,Burst
2711,147929.0,Cooldown
2712,149555.0,Cooldown
2713,145500.0,Ramp
2714,144709.0,Ramp
2715,145777.0,Burst
2716,144764.0,Ramp
2717,148507.0,Cooldown
2718,149651.0,Cooldown
2719,142554.0,Ramp
2720,143989.0,Ramp
2721,148705.0,Cooldown
2722,149745.0,Cooldown
2723,143842.0,Ramp
2724,145866.0,Burst
2725,144544.0,Ramp
2726,148048.0,Cooldown
2727,149288.0,Cooldown
2728,151010.0,Cooldown
2729,141820.0,Ramp
2730,141700.0,Ramp
2731,142605.0,Ramp
2732,145718.0,Cooldown
2733,147518.0,Cooldown
2734,146294.0,Cooldown
2735,142469.0,Ramp
2736,146103.0,Cooldown
2737,143033.0,Ramp
2738,144991.0,Ramp
2739,140746.0,Ramp
2740,139599.0,Ramp
2741,137807.0,Ramp
2742,139928.0,Ramp
2743,145942.0,Cooldown
2744,142243.0,Ramp
2745,137386.0,Ramp
2746,143098.0,Ramp
2747,142753.0,Ramp
2748,153351.0,Cooldown
2749,144893.0,Ramp
2750,143456.0,Ramp
2751,146298.0,Cooldown
2752,143577.0,Ramp
2753,142002.0,Ramp
2754,144117.0,Ramp
2755,141176.0,Ramp
2756,143252.0,Ramp
2757,140220.0,Ramp
2758,144205.0,Ramp
2759,143706.0,Ramp
2760,143308.0,Ramp
2761,167566.0,Cooldown
2762,148236.0,Cooldown
2763,145469.0,Ramp
2764,145900.0,Cooldown
2765,142429.0,Ramp
2766,145620.0,Ramp
2767,141244.0,Ramp
2768,146997.0,Cooldown
2769,143519.0,Ramp
2770,143276.0,Ramp
2771,141305.0,Ramp
2772,140447.0,Ramp
2773,144546.0,Ramp
2774,141359.0,Ramp
2775,137451.0,Ramp
2776,139194.0,Ramp
2777,137601.0,Ramp
2778,142812.0,Ramp
2779,142906.0,Ramp
2780,139042.0,Ramp
2781,138847.0,Ramp
2782,142266.0,Ramp
2783,139821.0,Ramp
2784,140139.0,Ramp
2785,136095.0,Ramp
2786,138092.0,Ramp
2787,138820.0,Ramp
2788,139406.0,Ramp
2789,138703.0,Ramp
2790,137331.0,Ramp
2791,137023.0,Ramp
2792,139976.0,Ramp
2793,140620.0,Ramp
2794,136924.0,Ramp
2795,132174.0,Ramp
2796,136961.0,Ramp
2797,136058.0,Ramp
2798,138958.0,Ramp
2799,139516.0,Ramp
2800,138357.0,Ramp
2801,135909.0,Ramp
2802,140047.0,Ramp
2803,140317.0,Ramp
2804,139981.0,Ramp
2805,134816.0,Ramp
2806,137229.0,Ramp
2807,138696.0,Ramp
2808,141921.0,Ramp
2809,136181.0,Ramp
2810,135729.0,Ramp
2811,134649.0,Ramp
2812,136382.0,Ramp
2813,136173.0,Ramp
2814,136391.0,Ramp
2815,133160.0,Ramp
2816,138402.0,Ramp
2817,135884.0,Ramp
2818,138480.0,Ramp
2819,136076.0,Ramp
2820,133564.0,Ramp
2821,162661.0,Cooldown
2822,142840.0,Ramp
2823,140988.0,Ramp
2824,136972.0,Ramp
2825,134703.0,Ramp
2826,139077.0,Ramp
2827,137224.0,Ramp
2828,141093.0,Ramp
2829,130360.0,Ramp
2830,132338.0,Ramp
2831,133225.0,Ramp
2832,132986.0,Ramp
2833,136236.0,Ramp
2834,134579.0,Ramp
2835,130768.0,Ramp
2836,137272.0,Ramp
2837,134547.0,Ramp
2838,138940.0,Ramp
2839,139341.0,Ramp
2840,134677.0,Ramp
2841,137722.0,Ramp
2842,136109.0,Ramp
2843,135218.0,Ramp
2844,135327.0,Ramp
2845,133242.0,Ramp
2846,137037.0,Ramp
2847,132755.0,Ramp
2848,135234.0,Ramp
2849,135208.0,Ramp
2850,133591.0,Ramp
2851,135705.0,Ramp
2852,136638.0,Ramp
2853,135566.0,Ramp
2854,138408.0,Ramp
2855,132099.0,Ramp
2856,135291.0,Ramp
2857,134545.0,Ramp
2858,134609.0,Ramp
2859,132052.0,Ramp
2860,135229.0,Ramp
2861,134560.0,Ramp
2862,133658.0,Ramp
2863,134040.0,Ramp
2864,135063.0,Ramp
2865,129999.0,Ramp
2866,134386.0,Ramp
2867,132983.0,Ramp
2868,134727.0,Ramp
2869,133372.0,Ramp
2870,129896.0,Ramp
2871,128710.0,Ramp
2872,129411.0,Ramp
2873,130439.0,Ramp
2874,131142.0,Ramp
2875,129029.0,Ramp
2876,132642.0,Ramp
2877,132497.0,Ramp
2878,131275.0,Ramp
2879,129497.0,Ramp
2880,132082.0,Ramp
2881,164571.0,Cooldown
2882,141992.0,Ramp
2883,136014.0,Ramp
2884,134151.0,Ramp
2885,130741.0,Ramp
2886,134760.0,Ramp
2887,133352.0,Ramp
2888,135313.0,Ramp
2889,133528.0,Ramp
2890,133118.0,Ramp
2891,133548.0,Ramp
2892,132643.0,Ramp
2893,131536.0,Ramp
2894,132270.0,Ramp
2895,128928.0,Ramp
2896,133706.0,Ramp
2897,130976.0,Ramp
2898,135883.0,Ramp
2899,134881.0,Ramp
2900,131232.0,Ramp
2901,130777.0,Ramp
2902,134644.0,Ramp
2903,133230.0,Ramp
2904,134528.0,Ramp
2905,135481.0,Ramp
2906,135760.0,Ramp
2907,136136.0,Ramp
2908,135881.0,Ramp
2909,135063.0,Ramp
2910,134628.0,Ramp
2911,136012.0,Ramp
2912,135895.0,Ramp
2913,134822.0,Ramp
2914,135235.0,Ramp
2915,130108.0,Ramp
2916,134535.0,Ramp
2917,134831.0,Ramp
2918,136351.0,Ramp
2919,134076.0,Ramp
2920,135931.0,Ramp
2921,133309.0,Ramp
2922,139081.0,Ramp
2923,134205.0,Ramp
2924,135439.0,Ramp
2925,129680.0,Ramp
2926,132236.0,Ramp
2927,131700.0,Ramp
2928,136120.0,Ramp
2929,130303.0,Ramp
2930,127646.0,Ramp
2931,130151.0,Ramp
2932,128120.0,Ramp
2933,125235.0,Ramp
2934,129435.0,Ramp
2935,129512.0,Ramp
2936,129454.0,Ramp
2937,127718.0,Ramp
2938,133688.0,Ramp
2939,134609.0,Ramp
2940,132699.0,Ramp
2941,161332.0,Cooldown
2942,146443.0,Cooldown
2943,143462.0,Ramp
2944,136559.0,Ramp
2945,138534.0,Ramp
2946,136076.0,Ramp
2947,132656.0,Ramp
2948,137259.0,Ramp
2949,135457.0,Ramp
2950,139305.0,Ramp
2951,133003.0,Ramp
2952,133838.0,Ramp
2953,136676.0,Ramp
2954,135985.0,Ramp
2955,134180.0,Ramp
2956,134402.0,Ramp
2957,133031.0,Ramp
2958,137384.0,Ramp
2959,133667.0,Ramp
2960,132592.0,Ramp
2961,134824.0,Ramp
2962,130474.0,Ramp
2963,131046.0,Ramp
2964,134576.0,Ramp
2965,136475.0,Ramp
2966,137525.0,Ramp
2967,139400.0,Ramp
2968,142637.0,Ramp
2969,138441.0,Ramp
2970,138270.0,Ramp
2971,141833.0,Ramp
2972,141511.0,Ramp
2973,141846.0,Ramp
2974,140050.0,Ramp
2975,135627.0,Ramp
2976,139776.0,Ramp
2977,138120.0,Ramp
2978,137109.0,Ramp
2979,134898.0,Ramp
2980,139656.0,Ramp
2981,133974.0,Ramp
2982,133742.0,Ramp
2983,135608.0,Ramp
2984,138353.0,Ramp
2985,133576.0,Ramp
2986,136388.0,Ramp
2987,137702.0,Ramp
2988,139498.0,Ramp
2989,135801.0,Ramp
2990,130833.0,Ramp
2991,135390.0,Ramp
2992,134226.0,Ramp
2993,134545.0,Ramp
2994,132536.0,Ramp
2995,131194.0,Ramp
2996,133687.0,Ramp
2997,130898.0,Ramp
2998,131545.0,Ramp
2999,128868.0,Ramp
3000,127118.0,Ramp
3001,154935.0,Cooldown
3002,137954.0,Ramp
3003,135329.0,Ramp
3004,129702.0,Ramp
3005,129485.0,Ramp
3006,130566.0,Ramp
3007,134432.0,Ramp
3008,135360.0,Ramp
3009,133255.0,Ramp
3010,133983.0,Ramp
3011,132913.0,Ramp
3012,130033.0,Ramp
3013,131019.0,Ramp
3014,133463.0,Ramp
3015,131225.0,Ramp
3016,140924.0,Ramp
3017,127454.0,Ramp
3018,134336.0,Ramp
3019,128755.0,Ramp
3020,127117.0,Ramp
3021,127372.0,Ramp
3022,128761.0,Ramp
3023,127688.0,Ramp
3024,128413.0,Ramp
3025,127631.0,Ramp
3026,126688.0,Ramp
3027,125939.0,Ramp
3028,126936.0,Ramp
3029,125206.0,Ramp
3030,124913.0,Ramp
3031,126184.0,Ramp
3032,124200.0,Ramp
3033,126271.0,Ramp
3034,124852.0,Ramp
3035,119866.0,Idle
3036,122790.0,Idle
3037,123023.0,Idle
3038,127152.0,Ramp
3039,123107.0,Idle
3040,125773.0,Ramp
3041,125947.0,Ramp
3042,124321.0,Ramp
3043,126183.0,Ramp
3044,126412.0,Ramp
3045,123507.0,Idle
3046,123118.0,Idle
3047,121811.0,Idle
3048,127798.0,Ramp
3049,125183.0,Ramp
3050,120736.0,Idle
3051,121846.0,Idle
3052,126908.0,Ramp
3053,125087.0,Ramp
3054,127913.0,Ramp
3055,123988.0,Idle
3056,125003.0,Ramp
3057,124217.0,Ramp
3058,124395.0,Ramp
3059,134451.0,Ramp
3060,120882.0,Idle
3061,148751.0,Cooldown
3062,128814.0,Ramp
3063,125622.0,Ramp
3064,126823.0,Ramp
3065,120491.0,Idle
3066,123600.0,Idle
3067,125504.0,Ramp
3068,127427.0,Ramp
3069,123701.0,Idle
3070,124530.0,Ramp
3071,119909.0,Idle
3072,122859.0,Idle
3073,127080.0,Ramp
3074,123968.0,Idle
3075,122326.0,Idle
3076,121378.0,Idle
3077,120813.0,Idle
3078,125682.0,Ramp
3079,124133.0,Idle
3080,121263.0,Idle
3081,122300.0,Idle
3082,122122.0,Idle
3083,120859.0,Idle
3084,124562.0,Ramp
3085,123496.0,Idle
3086,120743.0,Idle
3087,120069.0,Idle
3088,122868.0,Idle
3089,121475.0,Idle
3090,121806.0,Idle
3091,121342.0,Idle
3092,121598.0,Idle
3093,121379.0,Idle
3094,121924.0,Idle
3095,118083.0,Idle
3096,121310.0,Idle
3097,123035.0,Idle
3098,121956.0,Idle
3099,122118.0,Idle
3100,122050.0,Idle
3101,121919.0,Idle
3102,120445.0,Idle
3103,122546.0,Idle
3104,122558.0,Idle
3105,120193.0,Idle
3106,120827.0,Idle
3107,119730.0,Idle
3108,122792.0,Idle
3109,120752.0,Idle
3110,119557.0,Idle
3111,120589.0,Idle
3112,120716.0,Idle
3113,120613.0,Idle
3114,121997.0,Idle
3115,119917.0,Idle
3116,120455.0,Idle
3117,122087.0,Idle
3118,121340.0,Idle
3119,121201.0,Idle
3120,119280.0,Idle
3121,158873.0,Cooldown
3122,134093.0,Ramp
3123,123826.0,Idle
3124,123340.0,Idle
3125,121884.0,Idle
3126,120613.0,Idle
3127,120634.0,Idle
3128,124368.0,Ramp
3129,122808.0,Idle
3130,122789.0,Idle
3131,119813.0,Idle
3132,120589.0,Idle
3133,122475.0,Idle
3134,122201.0,Idle
3135,119429.0,Idle
3136,120802.0,Idle
3137,120677.0,Idle
3138,126130.0,Ramp
3139,123965.0,Idle
3140,121354.0,Idle
3141,122785.0,Idle
3142,125527.0,Ramp
3143,122599.0,Idle
3144,125069.0,Ramp
3145,123194.0,Idle
3146,122684.0,Idle
3147,120790.0,Idle
3148,123127.0,Idle
3149,122283.0,Idle
3150,121059.0,Idle
3151,123211.0,Idle
3152,122685.0,Idle
3153,123646.0,Idle
3154,121114.0,Idle
3155,121697.0,Idle
3156,119803.0,Idle
3157,122409.0,Idle
3158,124345.0,Ramp
3159,122251.0,Idle
3160,124463.0,Ramp
3161,121032.0,Idle
3162,123252.0,Idle
3163,121542.0,Idle
3164,126184.0,Ramp
3165,122804.0,Idle
3166,122321.0,Idle
3167,122982.0,Idle
3168,126734.0,Ramp
3169,124074.0,Idle
3170,118779.0,Idle
3171,120416.0,Idle
3172,124003.0,Idle
3173,121016.0,Idle
3174,122945.0,Idle
3175,121194.0,Idle
3176,124156.0,Idle
3177,123194.0,Idle
3178,122442.0,Idle
3179,119710.0,Idle
3180,121418.0,Idle
3181,158212.0,Cooldown
3182,135054.0,Ramp
3183,124464.0,Ramp
3184,126586.0,Ramp
3185,124170.0,Ramp
3186,126489.0,Ramp
3187,123840.0,Idle
3188,122839.0,Idle
3189,122917.0,Idle
3190,124552.0,Ramp
3191,122370.0,Idle
3192,124346.0,Ramp
3193,123320.0,Idle
3194,123611.0,Idle
3195,123325.0,Idle
3196,123259.0,Idle
3197,123859.0,Idle
3198,125208.0,Ramp
3199,122750.0,Idle
3200,121269.0,Idle
3201,123806.0,Idle
3202,128860.0,Ramp
3203,124890.0,Ramp
3204,125890.0,Ramp
3205,124529.0,Ramp
3206,126044.0,Ramp
3207,126592.0,Ramp
3208,125858.0,Ramp
3209,121889.0,Idle
3210,122710.0,Idle
3211,125408.0,Ramp
3212,126344.0,Ramp
3213,125437.0,Ramp
3214,126753.0,Ramp
3215,123602.0,Idle
3216,122880.0,Idle
3217,124036.0,Idle
3218,125805.0,Ramp
3219,121815.0,Idle
3220,125248.0,Ramp
3221,124220.0,Ramp
3222,129064.0,Ramp
3223,127556.0,Ramp
3224,127418.0,Ramp
3225,127203.0,Ramp
3226,126141.0,Ramp
3227,126912.0,Ramp
3228,129000.0,Ramp
3229,128108.0,Ramp
3230,124313.0,Ramp
3231,122446.0,Idle
3232,129530.0,Ramp
3233,125710.0,Ramp
3234,127570.0,Ramp
3235,125497.0,Ramp
3236,125682.0,Ramp
3237,128666.0,Ramp
3238,133070.0,Ramp
3239,124252.0,Ramp
3240,126591.0,Ramp
3241,158080.0,Cooldown
3242,144717.0,Ramp
3243,133635.0,Ramp
3244,132599.0,Ramp
3245,129001.0,Ramp
3246,130230.0,Ramp
3247,133449.0,Ramp
3248,133721.0,Ramp
3249,128982.0,Ramp
3250,130525.0,Ramp
3251,126104.0,Ramp
3252,130372.0,Ramp
3253,132509.0,Ramp
3254,131429.0,Ramp
3255,126912.0,Ramp
3256,127570.0,Ramp
3257,130816.0,Ramp
3258,132487.0,Ramp
3259,126841.0,Ramp
3260,124171.0,Ramp
3261,123511.0,Idle
3262,132004.0,Ramp
3263,128652.0,Ramp
3264,130170.0,Ramp
3265,130408.0,Ramp
3266,128317.0,Ramp
3267,131864.0,Ramp
3268,132892.0,Ramp
3269,125841.0,Ramp
3270,126796.0,Ramp
3271,128369.0,Ramp
3272,134977.0,Ramp
3273,131281.0,Ramp
3274,130859.0,Ramp
3275,129693.0,Ramp
3276,131650.0,Ramp
3277,131627.0,Ramp
3278,133404.0,Ramp
3279,131762.0,Ramp
3280,129247.0,Ramp
3281,126258.0,Ramp
3282,136050.0,Ramp
3283,130567.0,Ramp
3284,132843.0,Ramp
3285,129836.0,Ramp
3286,128111.0,Ramp
3287,133769.0,Ramp
3288,133744.0,Ramp
3289,130578.0,Ramp
3290,128518.0,Ramp
3291,130038.0,Ramp
3292,134929.0,Ramp
3293,131394.0,Ramp
3294,130677.0,Ramp
3295,131588.0,Ramp
3296,135777.0,Ramp
3297,134965.0,Ramp
3298,135420.0,Ramp
3299,130339.0,Ramp
3300,128741.0,Ramp
3301,153186.0,Cooldown
3302,144825.0,Ramp
3303,136580.0,Ramp
3304,136038.0,Ramp
3305,135167.0,Ramp
3306,136699.0,Ramp
3307,137353.0,Ramp
3308,138174.0,Ramp
3309,134472.0,Ramp
3310,135040.0,Ramp
3311,134926.0,Ramp
3312,138219.0,Ramp
3313,140347.0,Ramp
3314,137804.0,Ramp
3315,133779.0,Ramp
3316,133512.0,Ramp
3317,137708.0,Ramp
3318,139520.0,Ramp
3319,135763.0,Ramp
3320,137000.0,Ramp
3321,133649.0,Ramp
3322,137453.0,Ramp
3323,138508.0,Ramp
3324,135679.0,Ramp
3325,135643.0,Ramp
3326,136277.0,Ramp
3327,137666.0,Ramp
3328,136929.0,Ramp
3329,138066.0,Ramp
3330,134182.0,Ramp
3331,136784.0,Ramp
3332,140375.0,Ramp
3333,135781.0,Ramp
3334,138842.0,Ramp
3335,138851.0,Ramp
3336,138880.0,Ramp
3337,139979.0,Ramp
3338,138070.0,Ramp
3339,135107.0,Ramp
3340,137088.0,Ramp
3341,137179.0,Ramp
3342,141314.0,Ramp
3343,141183.0,Ramp
3344,141102.0,Ramp
3345,141809.0,Ramp
3346,138404.0,Ramp
3347,140792.0,Ramp
3348,142191.0,Ramp
3349,135846.0,Ramp
3350,135362.0,Ramp
3351,134528.0,Ramp
3352,140903.0,Ramp
3353,139147.0,Ramp
3354,141024.0,Ramp
3355,139908.0,Ramp
3356,143412.0,Ramp
3357,145235.0,Ramp
3358,141302.0,Ramp
3359,137820.0,Ramp
3360,135521.0,Ramp
3361,158160.0,Cooldown
3362,144653.0,Ramp
3363,139189.0,Ramp
3364,138921.0,Ramp
3365,139227.0,Ramp
3366,140996.0,Ramp
3367,143494.0,Ramp
3368,143380.0,Ramp
3369,134816.0,Ramp
3370,137968.0,Ramp
3371,138340.0,Ramp
3372,136687.0,Ramp
3373,140199.0,Ramp
3374,140660.0,Ramp
3375,140040.0,Ramp
3376,136101.0,Ramp
3377,139933.0,Ramp
3378,140591.0,Ramp
3379,139354.0,Ramp
3380,132882.0,Ramp
3381,133352.0,Ramp
3382,136622.0,Ramp
3383,135614.0,Ramp
3384,134644.0,Ramp
3385,132381.0,Ramp
3386,133447.0,Ramp
3387,136385.0,Ramp
3388,134771.0,Ramp
3389,135164.0,Ramp
3390,133341.0,Ramp
3391,135469.0,Ramp
3392,137216.0,Ramp
3393,133715.0,Ramp
3394,135796.0,Ramp
3395,132566.0,Ramp
3396,133650.0,Ramp
3397,137359.0,Ramp
3398,138117.0,Ramp
3399,133394.0,Ramp
3400,136540.0,Ramp
3401,134440.0,Ramp
3402,139399.0,Ramp
3403,136939.0,Ramp
3404,135243.0,Ramp
3405,128103.0,Ramp
3406,136699.0,Ramp
3407,135603.0,Ramp
3408,137311.0,Ramp
3409,134973.0,Ramp
3410,129170.0,Ramp
3411,128740.0,Ramp
3412,133758.0,Ramp
3413,131639.0,Ramp
3414,133466.0,Ramp
3415,133005.0,Ramp
3416,133884.0,Ramp
3417,134817.0,Ramp
3418,133497.0,Ramp
3419,133828.0,Ramp
3420,131779.0,Ramp
3421,161886.0,Cooldown
3422,144921.0,Ramp
3423,139893.0,Ramp
3424,150789.0,Burst
3425,155587.0,Burst
3426,155993.0,Cooldown
3427,155115.0,Cooldown
3428,156741.0,Cooldown
3429,153104.0,Cooldown
3430,150384.0,Burst
3431,151057.0,Burst
3432,154858.0,Cooldown
3433,154716.0,Cooldown
3434,163444.0,Cooldown
3435,146131.0,Cooldown
3436,134337.0,Ramp
3437,136469.0,Ramp
3438,136910.0,Ramp
3439,133172.0,Ramp
3440,130055.0,Ramp
3441,133359.0,Ramp
3442,139521.0,Ramp
3443,135024.0,Ramp
3444,138776.0,Ramp
3445,134996.0,Ramp
3446,137371.0,Ramp
3447,140981.0,Ramp
3448,140324.0,Ramp
3449,136549.0,Ramp
3450,133626.0,Ramp
3451,136169.0,Ramp
3452,140052.0,Ramp
3453,134574.0,Ramp
3454,134412.0,Ramp
3455,131402.0,Ramp
3456,137537.0,Ramp
3457,142310.0,Ramp
3458,139683.0,Ramp
3459,136127.0,Ramp
3460,133074.0,Ramp
3461,137774.0,Ramp
3462,141308.0,Ramp
3463,140744.0,Ramp
3464,137830.0,Ramp
3465,135547.0,Ramp
3466,136262.0,Ramp
3467,139127.0,Ramp
3468,138213.0,Ramp
3469,137001.0,Ramp
3470,136292.0,Ramp
3471,133657.0,Ramp
3472,139350.0,Ramp
3473,137242.0,Ramp
3474,139482.0,Ramp
3475,134817.0,Ramp
3476,140389.0,Ramp
3477,144284.0,Ramp
3478,141858.0,Ramp
3479,138350.0,Ramp
3480,134331.0,Ramp
3481,157725.0,Cooldown
3482,150157.0,Cooldown
3483,139788.0,Ramp
3484,139396.0,Ramp
3485,133928.0,Ramp
3486,135258.0,Ramp
3487,138702.0,Ramp
3488,139971.0,Ramp
3489,141924.0,Ramp
3490,141461.0,Ramp
3491,137660.0,Ramp
3492,139348.0,Ramp
3493,137375.0,Ramp
3494,139876.0,Ramp
3495,135581.0,Ramp
3496,139604.0,Ramp
3497,139659.0,Ramp
3498,144502.0,Ramp
3499,141694.0,Ramp
3500,135613.0,Ramp
3501,137038.0,Ramp
3502,141515.0,Ramp
3503,138057.0,Ramp
3504,141790.0,Ramp
3505,136891.0,Ramp
3506,137929.0,Ramp
3507,141310.0,Ramp
3508,139705.0,Ramp
3509,139389.0,Ramp
3510,134207.0,Ramp
3511,144115.0,Ramp
3512,142905.0,Ramp
3513,143321.0,Ramp
3514,144799.0,Ramp
3515,137878.0,Ramp
3516,139771.0,Ramp
3517,140062.0,Ramp
3518,140847.0,Ramp
3519,140408.0,Ramp
3520,142779.0,Ramp
3521,136930.0,Ramp
3522,141974.0,Ramp
3523,141407.0,Ramp
3524,144030.0,Ramp
3525,133434.0,Ramp
3526,135731.0,Ramp
3527,139520.0,Ramp
3528,138902.0,Ramp
3529,136399.0,Ramp
3530,134343.0,Ramp
3531,136317.0,Ramp
3532,137116.0,Ramp
3533,134950.0,Ramp
3534,136579.0,Ramp
3535,133484.0,Ramp
3536,139339.0,Ramp
3537,139301.0,Ramp
3538,136478.0,Ramp
3539,137107.0,Ramp
3540,133632.0,Ramp
3541,160294.0,Cooldown
3542,146023.0,Cooldown
3543,141855.0,Ramp
3544,147286.0,Cooldown
3545,139106.0,Ramp
3546,141503.0,Ramp
3547,144609.0,Ramp
3548,141558.0,Ramp
3549,141033.0,Ramp
3550,138372.0,Ramp
3551,140425.0,Ramp
3552,142892.0,Ramp
3553,143663.0,Ramp
3554,145696.0,Ramp
3555,138327.0,Ramp
3556,140397.0,Ramp
3557,144302.0,Ramp
3558,141888.0,Ramp
3559,142929.0,Ramp
3560,140031.0,Ramp
3561,145342.0,Ramp
3562,145713.0,Cooldown
3563,143199.0,Ramp
3564,145004.0,Ramp
3565,139342.0,Ramp
3566,144895.0,Ramp
3567,146334.0,Cooldown
3568,143589.0,Ramp
3569,140997.0,Ramp
3570,137194.0,Ramp
3571,142407.0,Ramp
3572,141101.0,Ramp
3573,142624.0,Ramp
3574,145327.0,Ramp
3575,140939.0,Ramp
3576,140416.0,Ramp
3577,143783.0,Ramp
3578,139675.0,Ramp
3579,139322.0,Ramp
3580,137317.0,Ramp
3581,142169.0,Ramp
3582,140568.0,Ramp
3583,144934.0,Ramp
3584,147840.0,Cooldown
3585,138068.0,Ramp
3586,141470.0,Ramp
3587,145359.0,Ramp
3588,144440.0,Ramp
3589,145081.0,Ramp
3590,138197.0,Ramp
3591,137844.0,Ramp
3592,143886.0,Ramp
3593,143787.0,Ramp
3594,143885.0,Ramp
3595,141096.0,Ramp
3596,148000.0,Burst
3597,153156.0,Cooldown
3598,147797.0,Burst
3599,150892.0,Burst
3600,146226.0,Burst
3601,178970.0,Cooldown
3602,161426.0,Cooldown
3603,156164.0,Cooldown
3604,155410.0,Cooldown
3605,148787.0,Burst
3606,156674.0,Cooldown
3607,153213.0,Burst
3608,158589.0,Cooldown
3609,156068.0,Cooldown
3610,151485.0,Burst
3611,152093.0,Burst
3612,157667.0,Cooldown
3613,152706.0,Burst
3614,161330.0,Cooldown
3615,149240.0,Burst
3616,151435.0,Burst
3617,157021.0,Cooldown
3618,158872.0,Cooldown
3619,158013.0,Cooldown
3620,151972.0,Burst
3621,152629.0,Burst
3622,157799.0,Cooldown
3623,154963.0,Cooldown
3624,155977.0,Cooldown
3625,152129.0,Burst
3626,153433.0,Burst
3627,157313.0,Cooldown
3628,155705.0,Cooldown
3629,153874.0,Burst
3630,151120.0,Burst
3631,156634.0,Burst
3632,163009.0,Cooldown
3633,154847.0,Cooldown
3634,155878.0,Cooldown
3635,146565.0,Burst
3636,149996.0,Burst
3637,151923.0,Burst
3638,156001.0,Cooldown
3639,155176.0,Burst
3640,153564.0,Burst
3641,155955.0,Burst
3642,160722.0,Cooldown
3643,156873.0,Burst
3644,163594.0,Cooldown
3645,155520.0,Burst
3646,156857.0,Cooldown
3647,153445.0,Burst
3648,159576.0,Cooldown
3649,154534.0,Burst
3650,150483.0,Burst
3651,154001.0,Burst
3652,159799.0,Cooldown
3653,155432.0,Burst
3654,156811.0,Cooldown
3655,152550.0,Burst
3656,157979.0,Cooldown
3657,159077.0,Cooldown
3658,155144.0,Burst
3659,154536.0,Burst
3660,153525.0,Burst
3661,178490.0,Cooldown
3662,166198.0,Cooldown
3663,158358.0,Burst
3664,166104.0,Cooldown
3665,156435.0,Burst
3666,159547.0,Burst
3667,161450.0,Burst
3668,166552.0,Cooldown
3669,158068.0,Burst
3670,160158.0,Cooldown
3671,159410.0,Cooldown
3672,161785.0,Cooldown
3673,154262.0,Burst
3674,155914.0,Burst
3675,150974.0,Burst
3676,158059.0,Burst
3677,160005.0,Burst
3678,163968.0,Cooldown
3679,168011.0,Cooldown
3680,154247.0,Burst
3681,158094.0,Burst
3682,179465.0,Cooldown
3683,156908.0,Burst
3684,160810.0,Cooldown
3685,155425.0,Burst
3686,158971.0,Cooldown
3687,158747.0,Cooldown
3688,157743.0,Cooldown
3689,155872.0,Burst
3690,152507.0,Burst
3691,158862.0,Burst
3692,166394.0,Cooldown
3693,157739.0,Cooldown
3694,160389.0,Cooldown
3695,152456.0,Burst
3696,156086.0,Cooldown
3697,152694.0,Burst
3698,153975.0,Burst
3699,153338.0,Burst
3700,152929.0,Burst
3701,158480.0,Burst
3702,160964.0,Burst
3703,175494.0,Cooldown
3704,162438.0,Cooldown
3705,154607.0,Burst
3706,157603.0,Burst
3707,162282.0,Cooldown
3708,160516.0,Cooldown
3709,159033.0,Cooldown
3710,153397.0,Burst
3711,158177.0,Burst
3712,161970.0,Cooldown
3713,159473.0,Cooldown
3714,161275.0,Cooldown
3715,153176.0,Burst
3716,158536.0,Cooldown
3717,156956.0,Cooldown
3718,156994.0,Burst
3719,155912.0,Burst
3720,155632.0,Burst
3721,181544.0,Cooldown
3722,165972.0,Cooldown
3723,158497.0,Burst
3724,163578.0,Cooldown
3725,159171.0,Burst
3726,164056.0,Cooldown
3727,162654.0,Cooldown
3728,162023.0,Cooldown
3729,157204.0,Burst
3730,161669.0,Burst
3731,163619.0,Burst
3732,165429.0,Burst
3733,170159.0,Cooldown
3734,168535.0,Cooldown
3735,158287.0,Burst
3736,158676.0,Burst
3737,167197.0,Cooldown
3738,161223.0,Burst
3739,164712.0,Burst
3740,162482.0,Burst
3741,162923.0,Burst
3742,177166.0,Cooldown
3743,175143.0,Cooldown
3744,183414.0,Cooldown
3745,167488.0,Cooldown
3746,161841.0,Burst
3747,172821.0,Cooldown
3748,167521.0,Cooldown
3749,163272.0,Burst
3750,160666.0,Burst
3751,172462.0,Cooldown
3752,171585.0,Cooldown
3753,164043.0,Burst
3754,161475.0,Burst
3755,158491.0,Burst
3756,172182.0,Cooldown
3757,159015.0,Cooldown
3758,160572.0,Cooldown
3759,152457.0,Burst
3760,150696.0,Burst
3761,158551.0,Burst
3762,158676.0,Cooldown
3763,156830.0,Cooldown
3764,162173.0,Cooldown
3765,149246.0,Burst
3766,155082.0,Burst
3767,155438.0,Cooldown
3768,155706.0,Cooldown
3769,154214.0,Burst
3770,151932.0,Burst
3771,150705.0,Burst
3772,160612.0,Cooldown
3773,150382.0,Burst
3774,155976.0,Burst
3775,153227.0,Burst
3776,159822.0,Burst
3777,167198.0,Cooldown
3778,162685.0,Burst
3779,162655.0,Burst
3780,156273.0,Burst
3781,179700.0,Cooldown
3782,168863.0,Cooldown
3783,163737.0,Cooldown
3784,168159.0,Cooldown
3785,157445.0,Burst
3786,162908.0,Burst
3787,170458.0,Cooldown
3788,163905.0,Cooldown
3789,159497.0,Burst
3790,164809.0,Burst
3791,165065.0,Burst
3792,167989.0,Cooldown
3793,164037.0,Cooldown
3794,164645.0,Cooldown
3795,159444.0,Burst
3796,162231.0,Burst
3797,162604.0,Burst
3798,167958.0,Cooldown
3799,171018.0,Cooldown
3800,162705.0,Burst
3801,168590.0,Burst
3802,168787.0,Burst
3803,171556.0,Burst
3804,175167.0,Cooldown
3805,169532.0,Burst
3806,171282.0,Cooldown
3807,170685.0,Cooldown
3808,170485.0,Cooldown
3809,167603.0,Burst
3810,162423.0,Burst
3811,169321.0,Burst
3812,172197.0,Cooldown
3813,165415.0,Burst
3814,170592.0,Cooldown
3815,162895.0,Burst
3816,167675.0,Cooldown
3817,168638.0,Cooldown
3818,163906.0,Burst
3819,166518.0,Burst
3820,166473.0,Burst
3821,165808.0,Burst
3822,169431.0,Cooldown
3823,164672.0,Burst
3824,169353.0,Cooldown
3825,160168.0,Burst
3826,165618.0,Cooldown
3827,166956.0,Cooldown
3828,166030.0,Cooldown
3829,162727.0,Cooldown
3830,161144.0,Cooldown
3831,162053.0,Cooldown
3832,162678.0,Cooldown
3833,158549.0,Burst
3834,163157.0,Cooldown
3835,160854.0,Burst
3836,163125.0,Burst
3837,165474.0,Cooldown
3838,164528.0,Burst
3839,166684.0,Burst
3840,163750.0,Burst
3841,193205.0,Cooldown
3842,174519.0,Cooldown
3843,168155.0,Cooldown
3844,171148.0,Cooldown
3845,151433.0,Burst
3846,151858.0,Burst
3847,158741.0,Cooldown
3848,156506.0,Burst
3849,159221.0,Cooldown
3850,154182.0,Burst
3851,156518.0,Burst
3852,160129.0,Cooldown
3853,155353.0,Cooldown
3854,158474.0,Cooldown
3855,152313.0,Burst
3856,155200.0,Burst
3857,156367.0,Cooldown
3858,158921.0,Cooldown
3859,157023.0,Cooldown
3860,148878.0,Burst
3861,152149.0,Burst
3862,160133.0,Cooldown
3863,152364.0,Burst
3864,158974.0,Cooldown
3865,151829.0,Burst
3866,156781.0,Cooldown
3867,154530.0,Cooldown
3868,155046.0,Cooldown
3869,154857.0,Burst
3870,152699.0,Burst
3871,153588.0,Burst
3872,160086.0,Cooldown
3873,157770.0,Cooldown
3874,159112.0,Cooldown
3875,155304.0,Burst
3876,154602.0,Burst
3877,155575.0,Burst
3878,156900.0,Burst
3879,158680.0,Cooldown
3880,155737.0,Burst
3881,157447.0,Burst
3882,157799.0,Cooldown
3883,157612.0,Cooldown
3884,157079.0,Cooldown
3885,153607.0,Burst
3886,154803.0,Burst
3887,155927.0,Cooldown
3888,155738.0,Cooldown
3889,156482.0,Cooldown
3890,152700.0,Burst
3891,155166.0,Burst
3892,159324.0,Cooldown
3893,156644.0,Cooldown
3894,156220.0,Cooldown
3895,151883.0,Burst
3896,151438.0,Burst
3897,158156.0,Cooldown
3898,156871.0,Burst
3899,154212.0,Burst
3900,156364.0,Burst
3901,183110.0,Cooldown
3902,169826.0,Cooldown
3903,164829.0,Cooldown
3904,162072.0,Cooldown
3905,159242.0,Burst
3906,158788.0,Burst
3907,162537.0,Cooldown
3908,160973.0,Cooldown
3909,161180.0,Cooldown
3910,159598.0,Cooldown
3911,157435.0,Burst
3912,161388.0,Cooldown
3913,155715.0,Burst
3914,161217.0,Cooldown
3915,153067.0,Burst
3916,158453.0,Cooldown
3917,156731.0,Burst
3918,160220.0,Cooldown
3919,157148.0,Cooldown
3920,155638.0,Cooldown
3921,152651.0,Burst
3922,156411.0,Cooldown
3923,153309.0,Cooldown
3924,154415.0,Cooldown
3925,147270.0,Burst
3926,155233.0,Burst
3927,155558.0,Cooldown
3928,155723.0,Cooldown
3929,156194.0,Cooldown
3930,154290.0,Burst
3931,153436.0,Burst
3932,158593.0,Cooldown
3933,154060.0,Cooldown
3934,156471.0,Cooldown
3935,149176.0,Burst
3936,152708.0,Burst
3937,156925.0,Burst
3938,157205.0,Burst
3939,158482.0,Burst
3940,158929.0,Cooldown
3941,158614.0,Burst
3942,159969.0,Cooldown
3943,157545.0,Cooldown
3944,159202.0,Cooldown
3945,154019.0,Cooldown
3946,154079.0,Cooldown
3947,151691.0,Burst
3948,155323.0,Cooldown
3949,152957.0,Burst
3950,151754.0,Burst
3951,152519.0,Burst
3952,155486.0,Cooldown
3953,149332.0,Burst
3954,155069.0,Cooldown
3955,149362.0,Burst
3956,151375.0,Burst
3957,150687.0,Burst
3958,151881.0,Burst
3959,152375.0,Burst
3960,152594.0,Burst
3961,166991.0,Cooldown
3962,154333.0,Cooldown
3963,149781.0,Cooldown
3964,151352.0,Cooldown
3965,144919.0,Ramp
3966,147983.0,Burst
3967,153579.0,Cooldown
3968,152132.0,Cooldown
3969,156426.0,Cooldown
3970,150179.0,Burst
3971,148782.0,Burst
3972,154068.0,Cooldown
3973,152230.0,Cooldown
3974,153701.0,Cooldown
3975,145964.0,Burst
3976,145234.0,Ramp
3977,148665.0,Burst
3978,151427.0,Cooldown
3979,154198.0,Cooldown
3980,147827.0,Burst
3981,147672.0,Burst
3982,155899.0,Cooldown
3983,151112.0,Cooldown
3984,153098.0,Cooldown
3985,145316.0,Ramp
3986,147602.0,Burst
3987,150524.0,Cooldown
3988,152895.0,Cooldown
3989,147537.0,Burst
3990,146718.0,Burst
3991,147062.0,Burst
3992,151486.0,Cooldown
3993,145593.0,Ramp
3994,152733.0,Cooldown
3995,143954.0,Ramp
3996,148749.0,Burst
3997,148183.0,Burst
3998,154043.0,Cooldown
3999,150122.0,Burst
4000,151041.0,Cooldown
4001,147026.0,Burst
4002,152373.0,Cooldown
4003,149876.0,Cooldown
4004,153210.0,Cooldown
4005,145763.0,Burst
4006,145990.0,Burst
4007,148448.0,Burst
4008,151726.0,Cooldown
4009,152473.0,Cooldown
4010,147487.0,Burst
4011,148714.0,Burst
4012,150803.0,Cooldown
4013,150548.0,Cooldown
4014,151750.0,Cooldown
4015,148031.0,Burst
4016,148522.0,Burst
4017,151136.0,Cooldown
4018,150844.0,Burst
4019,148774.0,Burst
4020,144112.0,Ramp
4021,167498.0,Cooldown
4022,159414.0,Cooldown
4023,153492.0,Cooldown
4024,151842.0,Cooldown
4025,149139.0,Burst
4026,147826.0,Burst
4027,150965.0,Cooldown
4028,153787.0,Cooldown
4029,150443.0,Cooldown
4030,147430.0,Burst
4031,147079.0,Burst
4032,152044.0,Cooldown
4033,149189.0,Burst
4034,152246.0,Cooldown
4035,148317.0,Burst
4036,149861.0,Burst
4037,156415.0,Cooldown
4038,158356.0,Cooldown
4039,156575.0,Cooldown
4040,150902.0,Cooldown
4041,148490.0,Burst
4042,154330.0,Cooldown
4043,148216.0,Burst
4044,150712.0,Cooldown
4045,145163.0,Ramp
4046,150355.0,Burst
4047,154291.0,Cooldown
4048,149390.0,Burst
4049,149094.0,Burst
4050,149322.0,Burst
4051,149990.0,Burst
4052,152304.0,Cooldown
4053,150003.0,Cooldown
4054,149659.0,Cooldown
4055,144301.0,Ramp
4056,145010.0,Ramp
4057,145467.0,Ramp
4058,146091.0,Burst
4059,145646.0,Ramp
4060,147373.0,Cooldown
4061,145907.0,Burst
4062,148832.0,Cooldown
4063,146559.0,Burst
4064,150473.0,Cooldown
4065,144362.0,Ramp
4066,148926.0,Burst
4067,149327.0,Cooldown
4068,152722.0,Cooldown
4069,147685.0,Cooldown
4070,141728.0,Ramp
4071,148358.0,Burst
4072,150341.0,Cooldown
4073,148335.0,Burst
4074,149574.0,Cooldown
4075,145236.0,Ramp
4076,152594.0,Cooldown
4077,150116.0,Cooldown
4078,148715.0,Burst
4079,146955.0,Burst
4080,145950.0,Burst
4081,171270.0,Cooldown
4082,155602.0,Cooldown
4083,151552.0,Cooldown
4084,153920.0,Cooldown
4085,147739.0,Burst
4086,148630.0,Burst
4087,151751.0,Cooldown
4088,151077.0,Cooldown
4089,150536.0,Burst
4090,148486.0,Burst
4091,149020.0,Burst
4092,158943.0,Cooldown
4093,156124.0,Cooldown
4094,155849.0,Cooldown
4095,145017.0,Ramp
4096,150239.0,Burst
4097,152188.0,Burst
4098,153963.0,Cooldown
4099,153492.0,Burst
4100,155700.0,Cooldown
4101,152316.0,Burst
4102,159983.0,Cooldown
4103,149651.0,Burst
4104,154805.0,Cooldown
4105,147360.0,Burst
4106,154444.0,Cooldown
4107,151948.0,Cooldown
4108,150731.0,Cooldown
4109,149315.0,Burst
4110,148683.0,Burst
4111,153134.0,Burst
4112,158153.0,Cooldown
4113,154520.0,Cooldown
4114,155716.0,Cooldown
4115,152432.0,Burst
4116,149591.0,Burst
4117,155244.0,Cooldown
4118,155988.0,Cooldown
4119,152680.0,Cooldown
4120,148768.0,Burst
4121,152140.0,Burst
4122,153714.0,Cooldown
4123,150867.0,Cooldown
4124,152771.0,Cooldown
4125,144609.0,Ramp
4126,145568.0,Ramp
4127,152576.0,Cooldown
4128,152991.0,Cooldown
4129,148336.0,Burst
4130,147072.0,Burst
4131,147097.0,Burst
4132,152962.0,Cooldown
4133,149001.0,Burst
4134,152014.0,Cooldown
4135,146478.0,Burst
4136,150937.0,Cooldown
4137,153610.0,Cooldown
4138,150199.0,Burst
4139,148785.0,Burst
4140,146788.0,Burst
4141,168771.0,Cooldown
4142,160834.0,Cooldown
4143,154716.0,Cooldown
4144,155640.0,Cooldown
4145,151062.0,Burst
4146,148402.0,Burst
4147,152995.0,Burst
4148,158895.0,Cooldown
4149,157754.0,Cooldown
4150,156677.0,Cooldown
4151,153048.0,Burst
4152,154223.0,Cooldown
4153,152197.0,Cooldown
4154,155984.0,Cooldown
4155,150159.0,Burst
4156,149244.0,Burst
4157,156139.0,Cooldown
4158,151548.0,Cooldown
4159,151193.0,Burst
4160,147733.0,Burst
4161,152420.0,Burst
4162,158707.0,Cooldown
4163,156390.0,Cooldown
4164,158314.0,Cooldown
4165,148660.0,Burst
4166,148321.0,Burst
4167,154675.0,Cooldown
4168,155790.0,Cooldown
4169,152761.0,Cooldown
4170,148825.0,Burst
4171,149180.0,Burst
4172,157067.0,Cooldown
4173,154112.0,Cooldown
4174,155488.0,Cooldown
4175,145748.0,Burst
4176,148137.0,Burst
4177,149182.0,Cooldown
4178,149887.0,Cooldown
4179,148112.0,Cooldown
4180,146338.0,Burst
4181,145641.0,Ramp
4182,149923.0,Cooldown
4183,147182.0,Cooldown
4184,151080.0,Cooldown
4185,142190.0,Ramp
4186,144101.0,Ramp
4187,144743.0,Ramp
4188,147662.0,Cooldown
4189,146120.0,Cooldown
4190,142678.0,Ramp
4191,143570.0,Ramp
4192,150228.0,Cooldown
4193,144827.0,Ramp
4194,152063.0,Cooldown
4195,147328.0,Burst
4196,148005.0,Burst
4197,147831.0,Cooldown
4198,149441.0,Burst
4199,147173.0,Burst
4200,145619.0,Ramp
4201,169590.0,Cooldown
4202,154604.0,Cooldown
4203,147897.0,Cooldown
4204,150872.0,Cooldown
4205,142660.0,Ramp
4206,145238.0,Ramp
4207,148609.0,Cooldown
4208,147581.0,Cooldown
4209,147376.0,Cooldown
4210,146931.0,Cooldown
4211,145630.0,Ramp
4212,143950.0,Ramp
4213,144964.0,Ramp
4214,150407.0,Cooldown
4215,140050.0,Ramp
4216,138680.0,Ramp
4217,147631.0,Cooldown
4218,147374.0,Cooldown
4219,143985.0,Ramp
4220,141036.0,Ramp
4221,141460.0,Ramp
4222,147334.0,Cooldown
4223,144157.0,Ramp
4224,143270.0,Ramp
4225,138883.0,Ramp
4226,142446.0,Ramp
4227,145533.0,Ramp
4228,146531.0,Cooldown
4229,146194.0,Cooldown
4230,140471.0,Ramp
4231,139962.0,Ramp
4232,145946.0,Cooldown
4233,142827.0,Ramp
4234,144629.0,Ramp
4235,141843.0,Ramp
4236,140731.0,Ramp
4237,144041.0,Ramp
4238,148518.0,Cooldown
4239,145159.0,Ramp
4240,141640.0,Ramp
4241,140321.0,Ramp
4242,142806.0,Ramp
4243,143172.0,Ramp
4244,149672.0,Cooldown
4245,141537.0,Ramp
4246,140473.0,Ramp
4247,143061.0,Ramp
4248,148260.0,Cooldown
4249,145036.0,Ramp
4250,141625.0,Ramp
4251,140286.0,Ramp
4252,144253.0,Ramp
4253,143682.0,Ramp
4254,146761.0,Cooldown
4255,137602.0,Ramp
4256,139601.0,Ramp
4257,142962.0,Ramp
4258,143097.0,Ramp
4259,143461.0,Ramp
4260,138931.0,Ramp
4261,164033.0,Cooldown
4262,148104.0,Cooldown
4263,141956.0,Ramp
4264,144339.0,Ramp
4265,138394.0,Ramp
4266,138007.0,Ramp
4267,139581.0,Ramp
4268,140588.0,Ramp
4269,138190.0,Ramp
4270,138857.0,Ramp
4271,135576.0,Ramp
4272,143828.0,Ramp
4273,142892.0,Ramp
4274,145090.0,Ramp
4275,138217.0,Ramp
4276,137045.0,Ramp
4277,142478.0,Ramp
4278,143013.0,Ramp
4279,140530.0,Ramp
4280,138979.0,Ramp
4281,137789.0,Ramp
4282,145594.0,Ramp
4283,143810.0,Ramp
4284,143402.0,Ramp
4285,137363.0,Ramp
4286,134980.0,Ramp
4287,138859.0,Ramp
4288,140471.0,Ramp
4289,138192.0,Ramp
4290,135670.0,Ramp
4291,135368.0,Ramp
4292,144330.0,Ramp
4293,141711.0,Ramp
4294,140736.0,Ramp
4295,138027.0,Ramp
4296,137009.0,Ramp
4297,137750.0,Ramp
4298,139717.0,Ramp
4299,137792.0,Ramp
4300,136734.0,Ramp
4301,136182.0,Ramp
4302,140053.0,Ramp
4303,140458.0,Ramp
4304,141948.0,Ramp
4305,139237.0,Ramp
4306,137164.0,Ramp
4307,139606.0,Ramp
4308,141879.0,Ramp
4309,142939.0,Ramp
4310,136498.0,Ramp
4311,137067.0,Ramp
4312,142182.0,Ramp
4313,140824.0,Ramp
4314,141347.0,Ramp
4315,133587.0,Ramp
4316,134300.0,Ramp
4317,140155.0,Ramp
4318,136124.0,Ramp
4319,136361.0,Ramp
4320,135236.0,Ramp
4321,167062.0,Cooldown
4322,147955.0,Cooldown
4323,145259.0,Ramp
4324,143027.0,Ramp
4325,140536.0,Ramp
4326,140791.0,Ramp
4327,143869.0,Ramp
4328,142532.0,Ramp
4329,141651.0,Ramp
4330,139760.0,Ramp
4331,139838.0,Ramp
4332,143733.0,Ramp
4333,139855.0,Ramp
4334,143036.0,Ramp
4335,138240.0,Ramp
4336,142168.0,Ramp
4337,142399.0,Ramp
4338,144450.0,Ramp
4339,144156.0,Ramp
4340,138772.0,Ramp
4341,139977.0,Ramp
4342,145197.0,Ramp
4343,140028.0,Ramp
4344,143484.0,Ramp
4345,137796.0,Ramp
4346,141604.0,Ramp
4347,142156.0,Ramp
4348,141974.0,Ramp
4349,143236.0,Ramp
4350,138519.0,Ramp
4351,141654.0,Ramp
4352,145872.0,Cooldown
4353,143546.0,Ramp
4354,143624.0,Ramp
4355,137179.0,Ramp
4356,139282.0,Ramp
4357,139538.0,Ramp
4358,140770.0,Ramp
4359,139344.0,Ramp
4360,137007.0,Ramp
4361,136207.0,Ramp
4362,140272.0,Ramp
4363,137630.0,Ramp
4364,138471.0,Ramp
4365,133993.0,Ramp
4366,137217.0,Ramp
4367,135998.0,Ramp
4368,140406.0,Ramp
4369,139867.0,Ramp
4370,135674.0,Ramp
4371,137318.0,Ramp
4372,142153.0,Ramp
4373,139487.0,Ramp
4374,138349.0,Ramp
4375,134261.0,Ramp
4376,137489.0,Ramp
4377,141272.0,Ramp
4378,138999.0,Ramp
4379,137992.0,Ramp
4380,135901.0,Ramp
4381,157301.0,Cooldown
4382,145041.0,Ramp
4383,139875.0,Ramp
4384,141638.0,Ramp
4385,135715.0,Ramp
4386,139802.0,Ramp
4387,139763.0,Ramp
4388,141041.0,Ramp
4389,142260.0,Ramp
4390,139272.0,Ramp
4391,137547.0,Ramp
4392,141768.0,Ramp
4393,141791.0,Ramp
4394,141972.0,Ramp
4395,135533.0,Ramp
4396,139322.0,Ramp
4397,138064.0,Ramp
4398,140729.0,Ramp
4399,142798.0,Ramp
4400,136540.0,Ramp
4401,139404.0,Ramp
4402,149108.0,Cooldown
4403,141434.0,Ramp
4404,144109.0,Ramp
4405,136599.0,Ramp
4406,143095.0,Ramp
4407,143167.0,Ramp
4408,139919.0,Ramp
4409,138112.0,Ramp
4410,139323.0,Ramp
4411,142788.0,Ramp
4412,147752.0,Cooldown
4413,145641.0,Ramp
4414,146582.0,Cooldown
4415,141936.0,Ramp
4416,144872.0,Ramp
4417,146914.0,Cooldown
4418,147184.0,Cooldown
4419,147280.0,Cooldown
4420,142503.0,Ramp
4421,142902.0,Ramp
4422,146940.0,Cooldown
4423,145729.0,Burst
4424,148415.0,Cooldown
4425,141890.0,Ramp
4426,147633.0,Cooldown
4427,148301.0,Cooldown
4428,145863.0,Cooldown
4429,146088.0,Cooldown
4430,140960.0,Ramp
4431,142877.0,Ramp
4432,147631.0,Cooldown
4433,144061.0,Ramp
4434,144831.0,Ramp
4435,137770.0,Ramp
4436,141432.0,Ramp
4437,144314.0,Ramp
4438,144272.0,Ramp
4439,142204.0,Ramp
4440,141267.0,Ramp
4441,164999.0,Cooldown
4442,153107.0,Cooldown
4443,143939.0,Ramp
4444,142830.0,Ramp
4445,136651.0,Ramp
4446,140801.0,Ramp
4447,138714.0,Ramp
4448,146607.0,Cooldown
4449,139682.0,Ramp
4450,135628.0,Ramp
4451,136438.0,Ramp
4452,140122.0,Ramp
4453,140603.0,Ramp
4454,142464.0,Ramp
4455,133297.0,Ramp
4456,134316.0,Ramp
4457,138309.0,Ramp
4458,145145.0,Ramp
4459,139668.0,Ramp
4460,134779.0,Ramp
4461,135125.0,Ramp
4462,140741.0,Ramp
4463,135553.0,Ramp
4464,138424.0,Ramp
4465,133139.0,Ramp
4466,132786.0,Ramp
4467,137568.0,Ramp
4468,137805.0,Ramp
4469,134217.0,Ramp
4470,130040.0,Ramp
4471,133507.0,Ramp
4472,137484.0,Ramp
4473,136362.0,Ramp
4474,136620.0,Ramp
4475,133337.0,Ramp
4476,133509.0,Ramp
4477,137926.0,Ramp
4478,139181.0,Ramp
4479,135715.0,Ramp
4480,136135.0,Ramp
4481,133675.0,Ramp
4482,136588.0,Ramp
4483,138837.0,Ramp
4484,139401.0,Ramp
4485,132913.0,Ramp
4486,134933.0,Ramp
4487,137073.0,Ramp
4488,137568.0,Ramp
4489,134940.0,Ramp
4490,132133.0,Ramp
4491,129639.0,Ramp
4492,140747.0,Ramp
4493,136551.0,Ramp
4494,136238.0,Ramp
4495,133711.0,Ramp
4496,135988.0,Ramp
4497,135141.0,Ramp
4498,133441.0,Ramp
4499,133021.0,Ramp
4500,131023.0,Ramp
4501,154902.0,Cooldown
4502,139225.0,Ramp
4503,136366.0,Ramp
4504,137405.0,Ramp
4505,132084.0,Ramp
4506,131595.0,Ramp
4507,135977.0,Ramp
4508,137199.0,Ramp
4509,133633.0,Ramp
4510,130967.0,Ramp
4511,131029.0,Ramp
4512,138662.0,Ramp
4513,133370.0,Ramp
4514,135531.0,Ramp
4515,129677.0,Ramp
4516,130747.0,Ramp
4517,133487.0,Ramp
4518,138989.0,Ramp
4519,134582.0,Ramp
4520,129954.0,Ramp
4521,131000.0,Ramp
4522,134122.0,Ramp
4523,132310.0,Ramp
4524,134008.0,Ramp
4525,131302.0,Ramp
4526,132932.0,Ramp
4527,134135.0,Ramp
4528,132226.0,Ramp
4529,133100.0,Ramp
4530,133637.0,Ramp
4531,133769.0,Ramp
4532,134221.0,Ramp
4533,134379.0,Ramp
4534,138083.0,Ramp
4535,130043.0,Ramp
4536,132001.0,Ramp
4537,134641.0,Ramp
4538,135678.0,Ramp
4539,134527.0,Ramp
4540,132515.0,Ramp
4541,133396.0,Ramp
4542,133621.0,Ramp
4543,134316.0,Ramp
4544,134956.0,Ramp
4545,128544.0,Ramp
4546,133107.0,Ramp
4547,134489.0,Ramp
4548,133653.0,Ramp
4549,131897.0,Ramp
4550,128789.0,Ramp
4551,128430.0,Ramp
4552,133835.0,Ramp
4553,132177.0,Ramp
4554,134300.0,Ramp
4555,129394.0,Ramp
4556,131185.0,Ramp
4557,132068.0,Ramp
4558,130119.0,Ramp
4559,131211.0,Ramp
4560,128975.0,Ramp
4561,168652.0,Cooldown
4562,143668.0,Ramp
4563,134758.0,Ramp
4564,136772.0,Ramp
4565,128515.0,Ramp
4566,131843.0,Ramp
4567,134973.0,Ramp
4568,134256.0,Ramp
4569,132165.0,Ramp
4570,133408.0,Ramp
4571,130414.0,Ramp
4572,134552.0,Ramp
4573,134667.0,Ramp
4574,137853.0,Ramp
4575,131220.0,Ramp
4576,130242.0,Ramp
4577,134206.0,Ramp
4578,132944.0,Ramp
4579,132617.0,Ramp
4580,129306.0,Ramp
4581,130757.0,Ramp
4582,138210.0,Ramp
4583,136610.0,Ramp
4584,138219.0,Ramp
4585,132340.0,Ramp
4586,133573.0,Ramp
4587,135411.0,Ramp
4588,133201.0,Ramp
4589,132726.0,Ramp
4590,129341.0,Ramp
4591,131748.0,Ramp
4592,136744.0,Ramp
4593,133742.0,Ramp
4594,135517.0,Ramp
4595,131243.0,Ramp
4596,131303.0,Ramp
4597,133639.0,Ramp
4598,133619.0,Ramp
4599,133193.0,Ramp
4600,132130.0,Ramp
4601,134207.0,Ramp
4602,134860.0,Ramp
4603,133707.0,Ramp
4604,136808.0,Ramp
4605,135157.0,Ramp
4606,134429.0,Ramp
4607,136918.0,Ramp
4608,139534.0,Ramp
4609,135984.0,Ramp
4610,130750.0,Ramp
4611,131619.0,Ramp
4612,137005.0,Ramp
4613,133007.0,Ramp
4614,134097.0,Ramp
4615,129781.0,Ramp
4616,131371.0,Ramp
4617,133468.0,Ramp
4618,133454.0,Ramp
4619,134214.0,Ramp
4620,130081.0,Ramp
4621,165911.0,Cooldown
4622,140168.0,Ramp
4623,136461.0,Ramp
4624,138805.0,Ramp
4625,131374.0,Ramp
4626,133327.0,Ramp
4627,132592.0,Ramp
4628,135859.0,Ramp
4629,135624.0,Ramp
4630,135052.0,Ramp
4631,137337.0,Ramp
4632,139158.0,Ramp
4633,138139.0,Ramp
4634,137873.0,Ramp
4635,135700.0,Ramp
4636,134493.0,Ramp
4637,137798.0,Ramp
4638,134286.0,Ramp
4639,137045.0,Ramp
4640,132845.0,Ramp
4641,130442.0,Ramp
4642,138966.0,Ramp
4643,131971.0,Ramp
4644,137126.0,Ramp
4645,132428.0,Ramp
4646,135652.0,Ramp
4647,135540.0,Ramp
4648,133150.0,Ramp
4649,134587.0,Ramp
4650,129368.0,Ramp
4651,134788.0,Ramp
4652,137993.0,Ramp
4653,135537.0,Ramp
4654,140525.0,Ramp
4655,130747.0,Ramp
4656,133210.0,Ramp
4657,138341.0,Ramp
4658,136267.0,Ramp
4659,135508.0,Ramp
4660,133687.0,Ramp
4661,135351.0,Ramp
4662,137510.0,Ramp
4663,138326.0,Ramp
4664,136938.0,Ramp
4665,136130.0,Ramp
4666,136875.0,Ramp
4667,138964.0,Ramp
4668,137316.0,Ramp
4669,137502.0,Ramp
4670,133561.0,Ramp
4671,134168.0,Ramp
4672,136326.0,Ramp
4673,135160.0,Ramp
4674,134363.0,Ramp
4675,136002.0,Ramp
4676,135508.0,Ramp
4677,137200.0,Ramp
4678,139652.0,Ramp
4679,137046.0,Ramp
4680,134493.0,Ramp
4681,167932.0,Cooldown
4682,158628.0,Cooldown
4683,151721.0,Cooldown
4684,152663.0,Cooldown
4685,147811.0,Cooldown
4686,148746.0,Cooldown
4687,142734.0,Ramp
4688,144037.0,Ramp
4689,140567.0,Ramp
4690,141439.0,Ramp
4691,141194.0,Ramp
4692,144130.0,Ramp
4693,140394.0,Ramp
4694,144317.0,Ramp
4695,138569.0,Ramp
4696,140476.0,Ramp
4697,142420.0,Ramp
4698,141729.0,Ramp
4699,142478.0,Ramp
4700,135527.0,Ramp
4701,137316.0,Ramp
4702,140575.0,Ramp
4703,137365.0,Ramp
4704,140444.0,Ramp
4705,137549.0,Ramp
4706,140537.0,Ramp
4707,144027.0,Ramp
4708,143239.0,Ramp
4709,143765.0,Ramp
4710,142183.0,Ramp
4711,144756.0,Ramp
4712,150062.0,Cooldown
4713,148426.0,Burst
4714,153752.0,Cooldown
4715,147761.0,Burst
4716,153613.0,Cooldown
4717,148283.0,Burst
4718,153194.0,Cooldown
4719,153694.0,Cooldown
4720,143698.0,Ramp
4721,141721.0,Ramp
4722,146200.0,Cooldown
4723,141951.0,Ramp
4724,142560.0,Ramp
4725,136313.0,Ramp
4726,142001.0,Ramp
4727,151919.0,Burst
4728,148127.0,Burst
4729,178987.0,Burst
4730,179246.0,Cooldown
4731,189435.0,Cooldown
4732,178309.0,Cooldown
4733,155019.0,Cooldown
4734,153963.0,Cooldown
4735,147278.0,Burst
4736,147724.0,Burst
4737,150208.0,Burst
4738,206353.0,Cooldown
4739,199459.0,Cooldown
4740,148743.0,Burst
4741,180118.0,Cooldown
4742,160691.0,Cooldown
4743,158033.0,Cooldown
4744,158096.0,Cooldown
4745,151580.0,Burst
4746,153581.0,Burst
4747,161773.0,Cooldown
4748,160485.0,Cooldown
4749,159308.0,Cooldown
4750,153725.0,Burst
4751,157308.0,Cooldown
4752,159103.0,Cooldown
4753,153859.0,Burst
4754,154501.0,Burst
4755,155599.0,Burst
4756,157564.0,Burst
4757,161168.0,Cooldown
4758,162288.0,Cooldown
4759,165131.0,Cooldown
4760,153683.0,Burst
4761,158109.0,Cooldown
4762,161235.0,Cooldown
4763,158988.0,Burst
4764,153959.0,Burst
4765,162309.0,Burst
4766,169782.0,Cooldown
4767,162936.0,Cooldown
4768,166360.0,Cooldown
4769,156932.0,Burst
4770,160333.0,Burst
4771,161545.0,Cooldown
4772,165855.0,Cooldown
4773,161853.0,Cooldown
4774,156464.0,Burst
4775,157331.0,Burst
4776,160427.0,Burst
4777,164443.0,Cooldown
4778,164074.0,Cooldown
4779,155559.0,Burst
4780,157696.0,Burst
4781,155408.0,Burst
4782,162588.0,Cooldown
4783,162858.0,Cooldown
4784,159633.0,Cooldown
4785,156521.0,Cooldown
4786,153668.0,Burst
4787,155889.0,Burst
4788,153689.0,Burst
4789,162291.0,Cooldown
4790,155522.0,Cooldown
4791,150759.0,Burst
4792,157297.0,Burst
4793,157058.0,Burst
4794,163217.0,Burst
4795,163081.0,Burst
4796,164888.0,Cooldown
4797,164617.0,Cooldown
4798,162612.0,Burst
4799,161515.0,Burst
4800,153373.0,Burst
4801,177312.0,Cooldown
4802,158804.0,Burst
4803,161418.0,Burst
4804,166729.0,Cooldown
4805,164350.0,Cooldown
4806,159652.0,Burst
4807,163541.0,Cooldown
4808,164148.0,Cooldown
4809,155523.0,Burst
4810,164476.0,Cooldown
4811,150841.0,Burst
4812,152808.0,Burst
4813,152705.0,Burst
4814,160156.0,Burst
4815,169246.0,Cooldown
4816,167206.0,Cooldown
4817,159088.0,Burst
4818,165031.0,Cooldown
4819,164531.0,Cooldown
4820,158957.0,Burst
4821,166311.0,Cooldown
4822,162217.0,Cooldown
4823,151683.0,Burst
4824,158587.0,Burst
4825,155677.0,Burst
4826,158156.0,Burst
4827,166245.0,Cooldown
4828,156838.0,Burst
4829,164526.0,Cooldown
4830,160641.0,Cooldown
4831,159630.0,Burst
4832,160636.0,Cooldown
4833,160625.0,Cooldown
4834,159061.0,Cooldown
4835,156033.0,Burst
4836,157357.0,Cooldown
4837,155472.0,Cooldown
4838,156918.0,Burst
4839,151777.0,Burst
4840,155620.0,Burst
4841,182874.0,Cooldown
4842,212095.0,Cooldown
4843,160909.0,Cooldown
4844,149645.0,Cooldown
4845,143410.0,Ramp
4846,147566.0,Burst
4847,157506.0,Cooldown
4848,152529.0,Cooldown
4849,145161.0,Ramp
4850,143288.0,Ramp
4851,144821.0,Ramp
4852,169772.0,Burst
4853,197088.0,Cooldown
4854,180501.0,Cooldown
4855,149909.0,Cooldown
4856,151522.0,Cooldown
4857,146831.0,Burst
4858,147777.0,Burst
4859,154950.0,Burst
4860,146523.0,Burst
4861,175507.0,Cooldown
4862,165808.0,Cooldown
4863,161549.0,Cooldown
4864,157897.0,Cooldown
4865,156814.0,Cooldown
4866,151043.0,Burst
4867,152759.0,Burst
4868,159465.0,Cooldown
4869,158178.0,Burst
4870,157109.0,Burst
4871,159230.0,Cooldown
4872,159165.0,Cooldown
4873,153398.0,Burst
4874,157515.0,Cooldown
4875,155542.0,Cooldown
4876,154818.0,Cooldown
4877,158039.0,Cooldown
4878,151237.0,Burst
4879,154966.0,Cooldown
4880,150385.0,Burst
4881,150721.0,Burst
4882,163321.0,Cooldown
4883,149566.0,Burst
4884,155932.0,Cooldown
4885,154196.0,Cooldown
4886,156165.0,Cooldown
4887,148723.0,Burst
4888,151551.0,Cooldown
4889,147589.0,Burst
4890,147568.0,Burst
4891,153323.0,Burst
4892,166679.0,Cooldown
4893,152826.0,Cooldown
4894,148319.0,Burst
4895,146143.0,Burst
4896,158963.0,Burst
4897,159657.0,Cooldown
4898,162663.0,Cooldown
4899,154658.0,Cooldown
4900,148260.0,Burst
4901,152745.0,Burst
4902,153847.0,Burst
4903,151452.0,Burst
4904,172871.0,Cooldown
4905,155933.0,Burst
4906,162149.0,Cooldown
4907,164472.0,Cooldown
4908,158357.0,Cooldown
4909,154792.0,Burst
4910,156363.0,Burst
4911,154048.0,Burst
4912,157090.0,Burst
4913,158004.0,Burst
4914,163341.0,Cooldown
4915,158753.0,Cooldown
4916,158641.0,Cooldown
4917,160865.0,Cooldown
4918,153583.0,Burst
4919,151136.0,Burst
4920,148976.0,Burst
4921,179188.0,Cooldown
4922,161286.0,Cooldown
4923,152777.0,Burst
4924,159440.0,Cooldown
4925,152328.0,Burst
4926,152711.0,Burst
4927,161918.0,Cooldown
4928,150875.0,Cooldown
4929,150742.0,Cooldown
4930,148340.0,Burst
4931,148485.0,Burst
4932,154704.0,Cooldown
4933,151857.0,Cooldown
4934,152324.0,Cooldown
4935,145596.0,Ramp
4936,148882.0,Burst
4937,149197.0,Burst
4938,152315.0,Cooldown
4939,150282.0,Cooldown
4940,146744.0,Burst
4941,148235.0,Burst
4942,152608.0,Cooldown
4943,155954.0,Cooldown
4944,152157.0,Cooldown
4945,146362.0,Burst
4946,151013.0,Cooldown
4947,149946.0,Cooldown
4948,143229.0,Ramp
4949,155561.0,Cooldown
4950,141262.0,Ramp
4951,151807.0,Cooldown
4952,150874.0,Burst
4953,147651.0,Burst
4954,152624.0,Cooldown
4955,153975.0,Cooldown
4956,148615.0,Cooldown
4957,147712.0,Cooldown
4958,145781.0,Burst
4959,147408.0,Burst
4960,144391.0,Ramp
4961,153061.0,Cooldown
4962,152357.0,Cooldown
4963,147633.0,Burst
4964,150960.0,Cooldown
4965,143794.0,Ramp
4966,148816.0,Burst
4967,155708.0,Cooldown
4968,150213.0,Cooldown
4969,152530.0,Cooldown
4970,148752.0,Burst
4971,147339.0,Burst
4972,154734.0,Burst
4973,157014.0,Burst
4974,164113.0,Cooldown
4975,153970.0,Burst
4976,153232.0,Burst
4977,158171.0,Cooldown
4978,153722.0,Burst
4979,151603.0,Burst
4980,158290.0,Burst
4981,176796.0,Cooldown
4982,164391.0,Cooldown
4983,156451.0,Burst
4984,157224.0,Burst
4985,153801.0,Burst
4986,160995.0,Cooldown
4987,160555.0,Cooldown
4988,158663.0,Cooldown
4989,160169.0,Cooldown
4990,153491.0,Burst
4991,160137.0,Burst
4992,164404.0,Cooldown
4993,159330.0,Burst
4994,164520.0,Cooldown
4995,160876.0,Cooldown
4996,165108.0,Cooldown
4997,162082.0,Cooldown
4998,155434.0,Burst
4999,161337.0,Cooldown
5000,157923.0,Burst
5001,157724.0,Burst
5002,167124.0,Cooldown
5003,160297.0,Burst
5004,161194.0,Burst
5005,159460.0,Burst
5006,162180.0,Burst
5007,166231.0,Burst
5008,162164.0,Burst
5009,186218.0,Cooldown
5010,185089.0,Cooldown
5011,166829.0,Burst
5012,161278.0,Burst
5013,194398.0,Cooldown
5014,169575.0,Cooldown
5015,159867.0,Burst
5016,161432.0,Burst
5017,165488.0,Cooldown
5018,161968.0,Cooldown
5019,158806.0,Burst
5020,158177.0,Burst
5021,158019.0,Burst
5022,168577.0,Cooldown
5023,159415.0,Burst
5024,160171.0,Burst
5025,156669.0,Burst
5026,164918.0,Burst
5027,168311.0,Cooldown
5028,163920.0,Cooldown
5029,162628.0,Burst
5030,161217.0,Burst
5031,163347.0,Burst
5032,173887.0,Cooldown
5033,164553.0,Cooldown
5034,163378.0,Cooldown
5035,157380.0,Burst
5036,159559.0,Burst
5037,158354.0,Burst
5038,158539.0,Burst
5039,164196.0,Burst
5040,164962.0,Burst
5041,192538.0,Cooldown
5042,173230.0,Cooldown
5043,164725.0,Burst
5044,172592.0,Cooldown
5045,163460.0,Burst
5046,165378.0,Cooldown
5047,165592.0,Cooldown
5048,164986.0,Cooldown
5049,164717.0,Cooldown
5050,161982.0,Cooldown
5051,159527.0,Burst
5052,162037.0,Cooldown
5053,159302.0,Burst
5054,163603.0,Burst
5055,161073.0,Burst
5056,166571.0,Burst
5057,165008.0,Burst
5058,166994.0,Cooldown
5059,167802.0,Cooldown
5060,165130.0,Burst
5061,165327.0,Burst
5062,171177.0,Cooldown
5063,163832.0,Cooldown
5064,166928.0,Cooldown
5065,158800.0,Burst
5066,162767.0,Cooldown
5067,162355.0,Cooldown
5068,154712.0,Burst
5069,156532.0,Burst
5070,158648.0,Burst
5071,161571.0,Burst
5072,160485.0,Burst
5073,161257.0,Burst
5074,163418.0,Burst
5075,161221.0,Burst
5076,168137.0,Cooldown
5077,176143.0,Cooldown
5078,165175.0,Cooldown
5079,161434.0,Burst
5080,159315.0,Burst
5081,163325.0,Cooldown
5082,165897.0,Cooldown
5083,158830.0,Burst
5084,161207.0,Burst
5085,158845.0,Burst
5086,169544.0,Cooldown
5087,165994.0,Cooldown
5088,162215.0,Cooldown
5089,159250.0,Burst
5090,157582.0,Burst
5091,160465.0,Burst
5092,168476.0,Cooldown
5093,161670.0,Burst
5094,159169.0,Burst
5095,159383.0,Burst
5096,169716.0,Cooldown
5097,162537.0,Burst
5098,165454.0,Burst
5099,162509.0,Burst
5100,162722.0,Burst
5101,188499.0,Cooldown
5102,179582.0,Cooldown
5103,172391.0,Burst
5104,178224.0,Cooldown
5105,170892.0,Burst
5106,176784.0,Cooldown
5107,177133.0,Cooldown
5108,178221.0,Cooldown
5109,171532.0,Burst
5110,176943.0,Burst
5111,175077.0,Burst
5112,179034.0,Cooldown
5113,177334.0,Cooldown
5114,174062.0,Burst
5115,170107.0,Burst
5116,183195.0,Cooldown
5117,173428.0,Burst
5118,181143.0,Burst
5119,183321.0,Burst
5120,181861.0,Burst
5121,183092.0,Burst
5122,192859.0,Cooldown
5123,188904.0,Cooldown
5124,178372.0,Cooldown
5125,166497.0,Burst
5126,176211.0,Cooldown
5127,172637.0,Cooldown
5128,170484.0,Burst
5129,170567.0,Burst
5130,166891.0,Burst
5131,174539.0,Cooldown
5132,173284.0,Cooldown
5133,169908.0,Cooldown
5134,165918.0,Burst
5135,166872.0,Burst
5136,168405.0,Cooldown
5137,167743.0,Cooldown
5138,168381.0,Cooldown
5139,165696.0,Burst
5140,163679.0,Burst
5141,170171.0,Burst
5142,178006.0,Cooldown
5143,168884.0,Cooldown
5144,166754.0,Burst
5145,166340.0,Burst
5146,170210.0,Cooldown
5147,170391.0,Cooldown
5148,166587.0,Cooldown
5149,167449.0,Cooldown
5150,161207.0,Burst
5151,163651.0,Cooldown
5152,165412.0,Cooldown
5153,160679.0,Burst
5154,164210.0,Cooldown
5155,160725.0,Burst
5156,164727.0,Cooldown
5157,162374.0,Cooldown
5158,161510.0,Burst
5159,162465.0,Burst
5160,162005.0,Burst
5161,186309.0,Cooldown
5162,169199.0,Cooldown
5163,163925.0,Burst
5164,174316.0,Cooldown
5165,165328.0,Cooldown
5166,164824.0,Cooldown
5167,166758.0,Cooldown
5168,159478.0,Burst
5169,164743.0,Burst
5170,162483.0,Burst
5171,164733.0,Burst
5172,167629.0,Cooldown
5173,162462.0,Burst
5174,165394.0,Cooldown
5175,161469.0,Burst
5176,164363.0,Cooldown
5177,163812.0,Cooldown
5178,164491.0,Cooldown
5179,163963.0,Cooldown
5180,160203.0,Burst
5181,163338.0,Burst
5182,164782.0,Cooldown
5183,165272.0,Cooldown
5184,166334.0,Cooldown
5185,161157.0,Burst
5186,164768.0,Cooldown
5187,168821.0,Cooldown
5188,158120.0,Burst
5189,159252.0,Burst
5190,155828.0,Burst
5191,163562.0,Cooldown
5192,165490.0,Cooldown
5193,160650.0,Cooldown
5194,162344.0,Cooldown
5195,158099.0,Cooldown
5196,156582.0,Burst
5197,157487.0,Cooldown
5198,154771.0,Burst
5199,157660.0,Burst
5200,159608.0,Burst
5201,156659.0,Burst
5202,164274.0,Cooldown
5203,159313.0,Cooldown
5204,164728.0,Cooldown
5205,154953.0,Burst
5206,158137.0,Cooldown
5207,157482.0,Cooldown
5208,153922.0,Cooldown
5209,154777.0,Burst
5210,151088.0,Burst
5211,152822.0,Burst
5212,161269.0,Cooldown
5213,154138.0,Burst
5214,157235.0,Cooldown
5215,152890.0,Burst
5216,155600.0,Cooldown
5217,156021.0,Cooldown
5218,151828.0,Burst
5219,153879.0,Burst
5220,153175.0,Burst
5221,180027.0,Cooldown
5222,168705.0,Cooldown
5223,157470.0,Cooldown
5224,158358.0,Cooldown
5225,153385.0,Burst
5226,158753.0,Cooldown
5227,157933.0,Cooldown
5228,155939.0,Burst
5229,155666.0,Burst
5230,155911.0,Burst
5231,159229.0,Burst
5232,161023.0,Cooldown
5233,156443.0,Burst
5234,160405.0,Cooldown
5235,155523.0,Burst
5236,159084.0,Cooldown
5237,158301.0,Cooldown
5238,156772.0,Burst
5239,159838.0,Burst
5240,157494.0,Burst
5241,161327.0,Cooldown
5242,163646.0,Cooldown
5243,158891.0,Cooldown
5244,159374.0,Cooldown
5245,156286.0,Burst
5246,158039.0,Burst
5247,163061.0,Cooldown
5248,156857.0,Burst
5249,156622.0,Burst
5250,155055.0,Burst
5251,158950.0,Cooldown
5252,158184.0,Cooldown
5253,150792.0,Burst
5254,158437.0,Cooldown
5255,152484.0,Burst
5256,156423.0,Cooldown
5257,155372.0,Burst
5258,155934.0,Burst
5259,156801.0,Burst
5260,155818.0,Burst
5261,156331.0,Burst
5262,160797.0,Cooldown
5263,157965.0,Cooldown
5264,155933.0,Burst
5265,154315.0,Burst
5266,156037.0,Cooldown
5267,157589.0,Cooldown
5268,155747.0,Cooldown
5269,154115.0,Burst
5270,155130.0,Burst
5271,154317.0,Burst
5272,158818.0,Cooldown
5273,154338.0,Burst
5274,155711.0,Cooldown
5275,153499.0,Burst
5276,155525.0,Burst
5277,157234.0,Cooldown
5278,153770.0,Burst
5279,156034.0,Burst
5280,157937.0,Burst
5281,183698.0,Cooldown
5282,169288.0,Cooldown
5283,160828.0,Burst
5284,160875.0,Burst
5285,167161.0,Cooldown
5286,165699.0,Cooldown
5287,159076.0,Burst
5288,161507.0,Burst
5289,164817.0,Cooldown
5290,166609.0,Cooldown
5291,162703.0,Burst
5292,161957.0,Burst
5293,162824.0,Burst
5294,168369.0,Cooldown
5295,162549.0,Cooldown
5296,160969.0,Burst
5297,163485.0,Cooldown
5298,161445.0,Cooldown
5299,162128.0,Burst
5300,161250.0,Burst
5301,158622.0,Burst
5302,167716.0,Cooldown
5303,158072.0,Burst
5304,157595.0,Burst
5305,156688.0,Burst
5306,160547.0,Burst
5307,165334.0,Cooldown
5308,156331.0,Burst
5309,161455.0,Cooldown
5310,158351.0,Burst
5311,160269.0,Burst
5312,164400.0,Cooldown
5313,160810.0,Cooldown
5314,159831.0,Cooldown
5315,157418.0,Burst
5316,160755.0,Burst
5317,157782.0,Burst
5318,160539.0,Burst
5319,169116.0,Cooldown
5320,159930.0,Cooldown
5321,159910.0,Cooldown
5322,162907.0,Cooldown
5323,155621.0,Burst
5324,157788.0,Cooldown
5325,155176.0,Burst
5326,155437.0,Cooldown
5327,156912.0,Cooldown
5328,156437.0,Cooldown
5329,150289.0,Burst
5330,148078.0,Burst
5331,150374.0,Cooldown
5332,153579.0,Cooldown
5333,147660.0,Burst
5334,149509.0,Burst
5335,150205.0,Burst
5336,154046.0,Cooldown
5337,154458.0,Cooldown
5338,151564.0,Burst
5339,149145.0,Burst
5340,150403.0,Burst
5341,176971.0,Cooldown
5342,158731.0,Cooldown
5343,151851.0,Burst
5344,155176.0,Cooldown
5345,150267.0,Burst
5346,153202.0,Cooldown
5347,154837.0,Cooldown
5348,150846.0,Burst
5349,152626.0,Burst
5350,150401.0,Burst
5351,155920.0,Burst
5352,158312.0,Cooldown
5353,153906.0,Cooldown
5354,156926.0,Cooldown
5355,149360.0,Burst
5356,151687.0,Cooldown
5357,152821.0,Cooldown
5358,151001.0,Cooldown
5359,151166.0,Burst
5360,146485.0,Burst
5361,154082.0,Burst
5362,156500.0,Cooldown
5363,154919.0,Cooldown
5364,152084.0,Burst
5365,150059.0,Burst
5366,155913.0,Cooldown
5367,154972.0,Cooldown
5368,150855.0,Burst
5369,151906.0,Burst
5370,151905.0,Burst
5371,155223.0,Burst
5372,160640.0,Cooldown
5373,157223.0,Cooldown
5374,159294.0,Cooldown
5375,151584.0,Cooldown
5376,149376.0,Burst
5377,151334.0,Burst
5378,152731.0,Cooldown
5379,151957.0,Burst
5380,151322.0,Burst
5381,153655.0,Burst
5382,157602.0,Cooldown
5383,156186.0,Cooldown
5384,158961.0,Cooldown
5385,151345.0,Burst
5386,156481.0,Cooldown
5387,154180.0,Cooldown
5388,154580.0,Cooldown
5389,153200.0,Burst
5390,151532.0,Burst
5391,151699.0,Burst
5392,157460.0,Cooldown
5393,154960.0,Burst
5394,154923.0,Burst
5395,155098.0,Cooldown
5396,155736.0,Cooldown
5397,154326.0,Cooldown
5398,154237.0,Burst
5399,154091.0,Burst
5400,150841.0,Burst
5401,176338.0,Cooldown
5402,163803.0,Cooldown
5403,152754.0,Burst
5404,157550.0,Cooldown
5405,153345.0,Burst
5406,161012.0,Cooldown
5407,156256.0,Cooldown
5408,151362.0,Burst
5409,153524.0,Burst
5410,154690.0,Cooldown
5411,153799.0,Cooldown
5412,155845.0,Cooldown
5413,149728.0,Burst
5414,154593.0,Cooldown
5415,149611.0,Burst
5416,150939.0,Cooldown
5417,150403.0,Cooldown
5418,149460.0,Burst
5419,150869.0,Cooldown
5420,146835.0,Burst
5421,150725.0,Cooldown
5422,150920.0,Cooldown
5423,145043.0,Ramp
5424,150328.0,Burst
5425,146694.0,Burst
5426,152872.0,Burst
5427,156589.0,Cooldown
5428,152816.0,Burst
5429,151733.0,Burst
5430,150463.0,Burst
5431,157457.0,Cooldown
5432,160513.0,Cooldown
5433,151721.0,Burst
5434,158162.0,Burst
5435,155064.0,Burst
5436,159045.0,Cooldown
5437,161462.0,Cooldown
5438,158190.0,Cooldown
5439,155780.0,Cooldown
5440,155766.0,Cooldown
5441,151789.0,Burst
5442,159321.0,Cooldown
5443,153285.0,Burst
5444,158425.0,Cooldown
5445,150959.0,Burst
5446,154693.0,Cooldown
5447,153903.0,Cooldown
5448,152412.0,Cooldown
5449,151742.0,Cooldown
5450,149606.0,Burst
5451,148466.0,Burst
5452,153897.0,Cooldown
5453,148620.0,Burst
5454,153426.0,Burst
5455,149311.0,Burst
5456,154170.0,Cooldown
5457,156970.0,Cooldown
5458,148635.0,Burst
5459,149386.0,Burst
5460,152317.0,Burst
5461,175799.0,Cooldown
5462,157575.0,Cooldown
5463,152340.0,Burst
5464,157722.0,Cooldown
5465,154241.0,Burst
5466,161845.0,Cooldown
5467,152578.0,Cooldown
5468,152446.0,Cooldown
5469,151290.0,Burst
5470,150481.0,Burst
5471,153149.0,Burst
5472,157462.0,Cooldown
5473,151837.0,Cooldown
5474,151337.0,Cooldown
5475,146638.0,Burst
5476,151437.0,Burst
5477,154907.0,Cooldown
5478,153849.0,Cooldown
5479,153218.0,Cooldown
5480,146038.0,Burst
5481,151091.0,Burst
5482,154811.0,Cooldown
5483,151085.0,Burst
5484,151797.0,Burst
5485,149159.0,Burst
5486,153133.0,Cooldown
5487,153499.0,Cooldown
5488,147533.0,Burst
5489,147571.0,Burst
5490,152611.0,Burst
5491,154652.0,Cooldown
5492,153968.0,Cooldown
5493,150985.0,Cooldown
5494,153136.0,Cooldown
5495,147291.0,Burst
5496,148306.0,Cooldown
5497,148277.0,Burst
5498,146659.0,Burst
5499,147825.0,Burst
5500,150428.0,Burst
5501,153800.0,Burst
5502,160378.0,Cooldown
5503,153925.0,Burst
5504,157056.0,Burst
5505,156990.0,Burst
5506,157282.0,Cooldown
5507,163017.0,Cooldown
5508,154057.0,Cooldown
5509,149610.0,Burst
5510,147814.0,Burst
5511,153286.0,Cooldown
5512,151797.0,Cooldown
5513,148495.0,Burst
5514,149380.0,Burst
5515,147034.0,Burst
5516,152700.0,Cooldown
5517,150535.0,Cooldown
5518,147513.0,Burst
5519,147447.0,Burst
5520,154086.0,Burst
5521,179358.0,Cooldown
5522,163714.0,Cooldown
5523,160132.0,Burst
5524,163947.0,Cooldown
5525,161974.0,Cooldown
5526,159566.0,Burst
5527,164844.0,Cooldown
5528,154615.0,Burst
5529,160988.0,Cooldown
5530,155899.0,Cooldown
5531,151142.0,Cooldown
5532,154753.0,Cooldown
5533,147305.0,Burst
5534,147645.0,Burst
5535,145271.0,Ramp
5536,152703.0,Burst
5537,150824.0,Burst
5538,157075.0,Burst
5539,157179.0,Burst
5540,160993.0,Cooldown
5541,157355.0,Burst
5542,164145.0,Cooldown
5543,159298.0,Burst
5544,158207.0,Burst
5545,159460.0,Cooldown
5546,164128.0,Cooldown
5547,164891.0,Cooldown
5548,149097.0,Burst
5549,149375.0,Burst
5550,148471.0,Burst
5551,151939.0,Cooldown
5552,152496.0,Cooldown
5553,149917.0,Cooldown
5554,148967.0,Cooldown
5555,147278.0,Burst
5556,150076.0,Cooldown
5557,146482.0,Burst
5558,147817.0,Cooldown
5559,147782.0,Burst
5560,146452.0,Burst
5561,144906.0,Ramp
5562,153218.0,Cooldown
5563,148742.0,Cooldown
5564,150913.0,Cooldown
5565,144947.0,Ramp
5566,148909.0,Burst
5567,151396.0,Burst
5568,149696.0,Burst
5569,152398.0,Burst
5570,156744.0,Burst
5571,157353.0,Burst
5572,166373.0,Cooldown
5573,161962.0,Burst
5574,167450.0,Burst
5575,161169.0,Burst
5576,170809.0,Cooldown
5577,173295.0,Cooldown
5578,158322.0,Cooldown
5579,151421.0,Burst
5580,146250.0,Burst
5581,170414.0,Cooldown
5582,153794.0,Cooldown
5583,149455.0,Burst
5584,153583.0,Burst
5585,152374.0,Burst
5586,162423.0,Burst
5587,168166.0,Cooldown
5588,162566.0,Burst
5589,161870.0,Burst
5590,164252.0,Burst
5591,165009.0,Burst
5592,167834.0,Burst
5593,169277.0,Cooldown
5594,172563.0,Cooldown
5595,167597.0,Cooldown
5596,162783.0,Cooldown
5597,164795.0,Cooldown
5598,153094.0,Cooldown
5599,153309.0,Cooldown
5600,147854.0,Burst
5601,150064.0,Burst
5602,152424.0,Cooldown
5603,149984.0,Cooldown
5604,148250.0,Burst
5605,145984.0,Burst
5606,150955.0,Cooldown
5607,151094.0,Cooldown
5608,145749.0,Cooldown
5609,144464.0,Ramp
5610,144516.0,Ramp
5611,145317.0,Ramp
5612,149208.0,Cooldown
5613,145832.0,Burst
5614,146518.0,Cooldown
5615,144073.0,Ramp
5616,147346.0,Cooldown
5617,143456.0,Ramp
5618,144409.0,Ramp
5619,145141.0,Ramp
5620,142560.0,Ramp
5621,142927.0,Ramp
5622,148617.0,Cooldown
5623,145208.0,Ramp
5624,148161.0,Cooldown
5625,144029.0,Ramp
5626,145765.0,Burst
5627,146867.0,Cooldown
5628,147890.0,Cooldown
5629,147567.0,Cooldown
5630,144661.0,Ramp
5631,145240.0,Ramp
5632,146584.0,Cooldown
5633,144914.0,Ramp
5634,145147.0,Ramp
5635,140355.0,Ramp
5636,146976.0,Cooldown
5637,146401.0,Cooldown
5638,143211.0,Ramp
5639,143374.0,Ramp
5640,141898.0,Ramp
5641,169314.0,Cooldown
5642,152264.0,Cooldown
5643,141720.0,Ramp
5644,142953.0,Ramp
5645,139667.0,Ramp
5646,141833.0,Ramp
5647,141316.0,Ramp
5648,139298.0,Ramp
5649,141954.0,Ramp
5650,140484.0,Ramp
5651,139811.0,Ramp
5652,145788.0,Cooldown
5653,140522.0,Ramp
5654,142446.0,Ramp
5655,141389.0,Ramp
5656,142394.0,Ramp
5657,139099.0,Ramp
5658,141144.0,Ramp
5659,138903.0,Ramp
5660,136382.0,Ramp
5661,137657.0,Ramp
5662,140657.0,Ramp
5663,141229.0,Ramp
5664,141007.0,Ramp
5665,143220.0,Ramp
5666,147977.0,Cooldown
5667,147708.0,Cooldown
5668,146015.0,Cooldown
5669,138185.0,Ramp
5670,133978.0,Ramp
5671,134640.0,Ramp
5672,133043.0,Ramp
5673,133594.0,Ramp
5674,131429.0,Ramp
5675,130383.0,Ramp
5676,140820.0,Ramp
5677,139731.0,Ramp
5678,140859.0,Ramp
5679,143270.0,Ramp
5680,142709.0,Ramp
5681,142138.0,Ramp
5682,143673.0,Ramp
5683,147436.0,Cooldown
5684,146285.0,Cooldown
5685,139518.0,Ramp
5686,142529.0,Ramp
5687,134701.0,Ramp
5688,137376.0,Ramp
5689,137957.0,Ramp
5690,133153.0,Ramp
5691,134526.0,Ramp
5692,136664.0,Ramp
5693,136487.0,Ramp
5694,133532.0,Ramp
5695,129853.0,Ramp
5696,133120.0,Ramp
5697,136501.0,Ramp
5698,132642.0,Ramp
5699,132188.0,Ramp
5700,133260.0,Ramp
5701,164622.0,Cooldown
5702,151761.0,Cooldown
5703,143440.0,Ramp
5704,142604.0,Ramp
5705,141067.0,Ramp
5706,143746.0,Ramp
5707,141847.0,Ramp
5708,139319.0,Ramp
5709,141518.0,Ramp
5710,135387.0,Ramp
5711,131005.0,Ramp
5712,136139.0,Ramp
5713,131070.0,Ramp
5714,131455.0,Ramp
5715,128969.0,Ramp
5716,131056.0,Ramp
5717,133852.0,Ramp
5718,134606.0,Ramp
5719,132219.0,Ramp
5720,128337.0,Ramp
5721,130967.0,Ramp
5722,132466.0,Ramp
5723,132029.0,Ramp
5724,133861.0,Ramp
5725,128510.0,Ramp
5726,132756.0,Ramp
5727,132672.0,Ramp
5728,130491.0,Ramp
5729,133992.0,Ramp
5730,134068.0,Ramp
5731,131291.0,Ramp
5732,131975.0,Ramp
5733,127766.0,Ramp
5734,129996.0,Ramp
5735,124943.0,Ramp
5736,128532.0,Ramp
5737,130045.0,Ramp
5738,129381.0,Ramp
5739,127907.0,Ramp
5740,127134.0,Ramp
5741,128423.0,Ramp
5742,131733.0,Ramp
5743,129598.0,Ramp
5744,134172.0,Ramp
5745,134756.0,Ramp
5746,134920.0,Ramp
5747,127013.0,Ramp
5748,127390.0,Ramp
5749,129022.0,Ramp
5750,125689.0,Ramp
5751,124054.0,Idle
5752,129271.0,Ramp
5753,135948.0,Ramp
5754,137045.0,Ramp
5755,125421.0,Ramp
5756,130844.0,Ramp
5757,133600.0,Ramp
5758,127059.0,Ramp
5759,129146.0,Ramp
5760,126281.0,Ramp
5761,155294.0,Cooldown
5762,137720.0,Ramp
5763,131608.0,Ramp
5764,134191.0,Ramp
5765,129366.0,Ramp
5766,139119.0,Ramp
5767,133299.0,Ramp
5768,131021.0,Ramp
5769,130692.0,Ramp
5770,134518.0,Ramp
5771,133398.0,Ramp
5772,136012.0,Ramp
5773,133140.0,Ramp
5774,132738.0,Ramp
5775,127606.0,Ramp
5776,132400.0,Ramp
5777,133230.0,Ramp
5778,132745.0,Ramp
5779,130323.0,Ramp
5780,131540.0,Ramp
5781,127215.0,Ramp
5782,131958.0,Ramp
5783,130545.0,Ramp
5784,131629.0,Ramp
5785,137737.0,Ramp
5786,133103.0,Ramp
5787,136388.0,Ramp
5788,134562.0,Ramp
5789,134671.0,Ramp
5790,135796.0,Ramp
5791,135835.0,Ramp
5792,138420.0,Ramp
5793,136582.0,Ramp
5794,137430.0,Ramp
5795,135172.0,Ramp
5796,137528.0,Ramp
5797,139530.0,Ramp
5798,140173.0,Ramp
5799,139357.0,Ramp
5800,133606.0,Ramp
5801,126277.0,Ramp
5802,131841.0,Ramp
5803,127534.0,Ramp
5804,128058.0,Ramp
5805,127845.0,Ramp
5806,128823.0,Ramp
5807,128845.0,Ramp
5808,127127.0,Ramp
5809,127881.0,Ramp
5810,128947.0,Ramp
5811,126587.0,Ramp
5812,127162.0,Ramp
5813,125789.0,Ramp
5814,125321.0,Ramp
5815,123740.0,Idle
5816,124978.0,Ramp
5817,125693.0,Ramp
5818,124560.0,Ramp
5819,122838.0,Idle
5820,122387.0,Idle
5821,149067.0,Cooldown
5822,130846.0,Ramp
5823,127134.0,Ramp
5824,126600.0,Ramp
5825,125909.0,Ramp
5826,122990.0,Idle
5827,123710.0,Idle
5828,126303.0,Ramp
5829,125030.0,Ramp
5830,124460.0,Ramp
5831,123107.0,Idle
5832,127963.0,Ramp
5833,126814.0,Ramp
5834,125962.0,Ramp
5835,122342.0,Idle
5836,123211.0,Idle
5837,123388.0,Idle
5838,124356.0,Ramp
5839,122454.0,Idle
5840,123498.0,Idle
5841,122737.0,Idle
5842,129531.0,Ramp
5843,126870.0,Ramp
5844,125939.0,Ramp
5845,125078.0,Ramp
5846,126453.0,Ramp
5847,126806.0,Ramp
5848,125971.0,Ramp
5849,128489.0,Ramp
5850,129430.0,Ramp
5851,129565.0,Ramp
5852,132489.0,Ramp
5853,126811.0,Ramp
5854,129125.0,Ramp
5855,124870.0,Ramp
5856,124395.0,Ramp
5857,124795.0,Ramp
5858,127255.0,Ramp
5859,127978.0,Ramp
5860,128187.0,Ramp
5861,125120.0,Ramp
5862,129165.0,Ramp
5863,127975.0,Ramp
5864,135436.0,Ramp
5865,129276.0,Ramp
5866,127383.0,Ramp
5867,129241.0,Ramp
5868,127714.0,Ramp
5869,126778.0,Ramp
5870,128789.0,Ramp
5871,126284.0,Ramp
5872,128053.0,Ramp
5873,126585.0,Ramp
5874,126546.0,Ramp
5875,124890.0,Ramp
5876,124804.0,Ramp
5877,126587.0,Ramp
5878,122579.0,Idle
5879,120816.0,Idle
5880,121630.0,Idle
5881,143291.0,Ramp
5882,129781.0,Ramp
5883,123128.0,Idle
5884,125299.0,Ramp
5885,122072.0,Idle
5886,121223.0,Idle
5887,122179.0,Idle
5888,124064.0,Idle
5889,123896.0,Idle
5890,120800.0,Idle
5891,121673.0,Idle
5892,125639.0,Ramp
5893,122368.0,Idle
5894,122667.0,Idle
5895,121052.0,Idle
5896,120944.0,Idle
5897,121862.0,Idle
5898,120871.0,Idle
5899,119764.0,Idle
5900,120992.0,Idle
5901,117307.0,Idle
5902,122679.0,Idle
5903,119389.0,Idle
5904,120008.0,Idle
5905,117749.0,Idle
5906,117688.0,Idle
5907,120584.0,Idle
5908,118425.0,Idle
5909,116749.0,Idle
5910,116803.0,Idle
5911,116889.0,Idle
5912,121359.0,Idle
5913,117992.0,Idle
5914,120132.0,Idle
5915,116092.0,Idle
5916,115844.0,Idle
5917,114852.0,Idle
5918,116716.0,Idle
5919,116975.0,Idle
5920,118007.0,Idle
5921,115615.0,Idle
5922,120967.0,Idle
5923,119753.0,Idle
5924,123535.0,Idle
5925,118512.0,Idle
5926,118124.0,Idle
5927,119458.0,Idle
5928,122027.0,Idle
5929,118769.0,Idle
5930,117498.0,Idle
5931,115085.0,Idle
5932,117209.0,Idle
5933,114871.0,Idle
5934,117485.0,Idle
5935,115639.0,Idle
5936,118678.0,Idle
5937,119097.0,Idle
5938,117290.0,Idle
5939,116176.0,Idle
5940,115153.0,Idle
5941,146456.0,Cooldown
5942,121859.0,Idle
5943,120502.0,Idle
5944,122939.0,Idle
5945,139242.0,Ramp
5946,120289.0,Idle
5947,115243.0,Idle
5948,116483.0,Idle
5949,116042.0,Idle
5950,117760.0,Idle
5951,117016.0,Idle
5952,119462.0,Idle
5953,118034.0,Idle
5954,116307.0,Idle
5955,115727.0,Idle
5956,117434.0,Idle
5957,115471.0,Idle
5958,115167.0,Idle
5959,116193.0,Idle
5960,115943.0,Idle
5961,114245.0,Idle
5962,119670.0,Idle
5963,115824.0,Idle
5964,117039.0,Idle
5965,115164.0,Idle
5966,115942.0,Idle
5967,117121.0,Idle
5968,114500.0,Idle
5969,116388.0,Idle
5970,113700.0,Idle
5971,116225.0,Idle
5972,120186.0,Idle
5973,117303.0,Idle
5974,114084.0,Idle
5975,113817.0,Idle
5976,114574.0,Idle
5977,117158.0,Idle
5978,116446.0,Idle
5979,114787.0,Idle
5980,113522.0,Idle
5981,112778.0,Idle
5982,119797.0,Idle
5983,116337.0,Idle
5984,119097.0,Idle
5985,121627.0,Idle
5986,116972.0,Idle
5987,118379.0,Idle
5988,122561.0,Idle
5989,113468.0,Idle
5990,112878.0,Idle
5991,114959.0,Idle
5992,119400.0,Idle
5993,114745.0,Idle
5994,114085.0,Idle
5995,111164.0,Idle
5996,113234.0,Idle
5997,117374.0,Idle
5998,115106.0,Idle
5999,116418.0,Idle
6000,120106.0,Idle
6001,159605.0,Cooldown
6002,135761.0,Ramp
6003,122520.0,Idle
6004,119134.0,Idle
6005,119035.0,Idle
6006,119410.0,Idle
6007,117471.0,Idle
6008,117703.0,Idle
6009,119556.0,Idle
6010,119394.0,Idle
6011,120355.0,Idle
6012,124911.0,Ramp
6013,127526.0,Ramp
6014,126953.0,Ramp
6015,123878.0,Idle
6016,125374.0,Ramp
6017,128441.0,Ramp
6018,127490.0,Ramp
6019,127164.0,Ramp
6020,130148.0,Ramp
6021,127491.0,Ramp
6022,131222.0,Ramp
6023,126625.0,Ramp
6024,126103.0,Ramp
6025,119701.0,Idle
6026,119103.0,Idle
6027,121901.0,Idle
6028,118125.0,Idle
6029,121617.0,Idle
6030,118361.0,Idle
6031,123169.0,Idle
6032,121871.0,Idle
6033,119345.0,Idle
6034,120637.0,Idle
6035,120419.0,Idle
6036,117797.0,Idle
6037,120960.0,Idle
6038,117516.0,Idle
6039,119653.0,Idle
6040,119324.0,Idle
6041,117272.0,Idle
6042,123161.0,Idle
6043,119986.0,Idle
6044,122283.0,Idle
6045,119100.0,Idle
6046,118620.0,Idle
6047,122539.0,Idle
6048,120081.0,Idle
6049,119930.0,Idle
6050,119711.0,Idle
6051,118038.0,Idle
6052,120552.0,Idle
6053,120600.0,Idle
6054,119692.0,Idle
6055,119590.0,Idle
6056,120171.0,Idle
6057,125357.0,Ramp
6058,120276.0,Idle
6059,122865.0,Idle
6060,121689.0,Idle
6061,154055.0,Cooldown
6062,135105.0,Ramp
6063,123781.0,Idle
6064,126414.0,Ramp
6065,124808.0,Ramp
6066,124086.0,Idle
6067,130584.0,Ramp
6068,128113.0,Ramp
6069,123111.0,Idle
6070,122647.0,Idle
6071,121900.0,Idle
6072,127870.0,Ramp
6073,124335.0,Ramp
6074,125661.0,Ramp
6075,122568.0,Idle
6076,122823.0,Idle
6077,122870.0,Idle
6078,123351.0,Idle
6079,124879.0,Ramp
6080,123811.0,Idle
6081,124734.0,Ramp
6082,125486.0,Ramp
6083,124538.0,Ramp
6084,125126.0,Ramp
6085,127729.0,Ramp
6086,125144.0,Ramp
6087,125393.0,Ramp
6088,121153.0,Idle
6089,120833.0,Idle
6090,122125.0,Idle
6091,126175.0,Ramp
6092,127707.0,Ramp
6093,124361.0,Ramp
6094,127212.0,Ramp
6095,124606.0,Ramp
6096,123786.0,Idle
6097,123315.0,Idle
6098,124057.0,Idle
6099,123811.0,Idle
6100,123932.0,Idle
6101,121897.0,Idle
6102,133276.0,Ramp
6103,125636.0,Ramp
6104,127073.0,Ramp
6105,124685.0,Ramp
6106,122965.0,Idle
6107,127989.0,Ramp
6108,131195.0,Ramp
6109,132916.0,Ramp
6110,130024.0,Ramp
6111,128351.0,Ramp
6112,131510.0,Ramp
6113,134957.0,Ramp
6114,139473.0,Ramp
6115,137719.0,Ramp
6116,134860.0,Ramp
6117,135720.0,Ramp
6118,134402.0,Ramp
6119,135516.0,Ramp
6120,131148.0,Ramp
6121,165918.0,Cooldown
6122,169006.0,Cooldown
6123,136808.0,Ramp
6124,137485.0,Ramp
6125,136934.0,Ramp
6126,141228.0,Ramp
6127,138252.0,Ramp
6128,138780.0,Ramp
6129,138246.0,Ramp
6130,135552.0,Ramp
6131,139521.0,Ramp
6132,143782.0,Ramp
6133,139432.0,Ramp
6134,143002.0,Ramp
6135,138731.0,Ramp
6136,138469.0,Ramp
6137,140939.0,Ramp
6138,139111.0,Ramp
6139,143262.0,Ramp
6140,143963.0,Ramp
6141,142900.0,Ramp
6142,143174.0,Ramp
6143,137070.0,Ramp
6144,140218.0,Ramp
6145,139179.0,Ramp
6146,139482.0,Ramp
6147,142458.0,Ramp
6148,142512.0,Ramp
6149,138684.0,Ramp
6150,140573.0,Ramp
6151,146092.0,Burst
6152,149479.0,Cooldown
6153,144551.0,Ramp
6154,150604.0,Cooldown
6155,141602.0,Ramp
6156,145872.0,Burst
6157,152318.0,Cooldown
6158,142323.0,Ramp
6159,147966.0,Burst
6160,149541.0,Cooldown
6161,145289.0,Ramp
6162,150667.0,Cooldown
6163,142991.0,Ramp
6164,147239.0,Burst
6165,140133.0,Ramp
6166,151806.0,Cooldown
6167,154405.0,Cooldown
6168,144142.0,Ramp
6169,149152.0,Cooldown
6170,145750.0,Burst
6171,146496.0,Burst
6172,146442.0,Burst
6173,145780.0,Burst
6174,155475.0,Cooldown
6175,145353.0,Ramp
6176,158942.0,Cooldown
6177,162114.0,Cooldown
6178,151742.0,Burst
6179,152736.0,Burst
6180,152183.0,Burst
6181,171577.0,Cooldown
6182,167051.0,Cooldown
6183,165138.0,Cooldown
6184,170781.0,Cooldown
6185,163982.0,Cooldown
6186,154468.0,Burst
6187,154217.0,Burst
6188,166348.0,Burst
6189,174306.0,Cooldown
6190,165543.0,Cooldown
6191,161087.0,Cooldown
6192,154724.0,Cooldown
6193,151238.0,Cooldown
6194,145233.0,Ramp
6195,140213.0,Ramp
6196,148884.0,Burst
6197,155619.0,Cooldown
6198,151826.0,Cooldown
6199,150870.0,Cooldown
6200,140766.0,Ramp
6201,143842.0,Ramp
6202,143724.0,Ramp
6203,139236.0,Ramp
6204,143516.0,Ramp
6205,144665.0,Ramp
6206,145831.0,Burst
6207,150790.0,Cooldown
6208,151415.0,Cooldown
6209,149989.0,Cooldown
6210,148338.0,Cooldown
6211,142389.0,Ramp
6212,142660.0,Ramp
6213,143267.0,Ramp
6214,148417.0,Cooldown
6215,149881.0,Cooldown
6216,139751.0,Ramp
6217,143396.0,Ramp
6218,137296.0,Ramp
6219,135687.0,Ramp
6220,139744.0,Ramp
6221,142490.0,Ramp
6222,147874.0,Cooldown
6223,141615.0,Ramp
6224,137096.0,Ramp
6225,151331.0,Cooldown
6226,150769.0,Cooldown
6227,146804.0,Burst
6228,147855.0,Burst
6229,148444.0,Burst
6230,144927.0,Ramp
6231,153285.0,Burst
6232,150749.0,Burst
6233,152765.0,Burst
6234,157669.0,Cooldown
6235,159594.0,Cooldown
6236,143559.0,Ramp
6237,149430.0,Burst
6238,150151.0,Burst
6239,150400.0,Burst
6240,151376.0,Burst
6241,172481.0,Cooldown
6242,154252.0,Burst
6243,158947.0,Burst
6244,163171.0,Cooldown
6245,156638.0,Burst
6246,157574.0,Burst
6247,159331.0,Burst
6248,162395.0,Burst
6249,163598.0,Burst
6250,164484.0,Cooldown
6251,160336.0,Cooldown
6252,170576.0,Cooldown
6253,147667.0,Cooldown
6254,138925.0,Ramp
6255,136999.0,Ramp
6256,135548.0,Ramp
6257,140994.0,Ramp
6258,137745.0,Ramp
6259,137554.0,Ramp
6260,136402.0,Ramp
6261,136291.0,Ramp
6262,138972.0,Ramp
6263,133605.0,Ramp
6264,135424.0,Ramp
6265,133309.0,Ramp
6266,134841.0,Ramp
6267,140508.0,Ramp
6268,141355.0,Ramp
6269,137278.0,Ramp
6270,134929.0,Ramp
6271,135485.0,Ramp
6272,138025.0,Ramp
6273,140567.0,Ramp
6274,138869.0,Ramp
6275,141667.0,Ramp
6276,149538.0,Cooldown
6277,149667.0,Cooldown
6278,134056.0,Ramp
6279,137976.0,Ramp
6280,139851.0,Ramp
6281,140890.0,Ramp
6282,153659.0,Cooldown
6283,154558.0,Cooldown
6284,146087.0,Cooldown
6285,141544.0,Ramp
6286,140041.0,Ramp
6287,147385.0,Burst
6288,152493.0,Cooldown
6289,149998.0,Cooldown
6290,146897.0,Cooldown
6291,148795.0,Cooldown
6292,147328.0,Cooldown
6293,139223.0,Ramp
6294,140897.0,Ramp
6295,140558.0,Ramp
6296,145877.0,Cooldown
6297,144288.0,Ramp
6298,133594.0,Ramp
6299,133531.0,Ramp
6300,131730.0,Ramp
6301,165472.0,Cooldown
6302,158257.0,Cooldown
6303,145295.0,Ramp
6304,151845.0,Cooldown
6305,149620.0,Cooldown
6306,137526.0,Ramp
6307,140302.0,Ramp
6308,139098.0,Ramp
6309,138498.0,Ramp
6310,137625.0,Ramp
6311,138496.0,Ramp
6312,143813.0,Ramp
6313,134338.0,Ramp
6314,137275.0,Ramp
6315,133201.0,Ramp
6316,134481.0,Ramp
6317,141605.0,Ramp
6318,135761.0,Ramp
6319,135481.0,Ramp
6320,139203.0,Ramp
6321,138682.0,Ramp
6322,147597.0,Cooldown
6323,139741.0,Ramp
6324,144092.0,Ramp
6325,131780.0,Ramp
6326,135773.0,Ramp
6327,141627.0,Ramp
6328,138129.0,Ramp
6329,137690.0,Ramp
6330,133922.0,Ramp
6331,144967.0,Ramp
6332,163792.0,Cooldown
6333,160269.0,Cooldown
6334,144155.0,Ramp
6335,143384.0,Ramp
6336,141757.0,Ramp
6337,149826.0,Burst
6338,145754.0,Burst
6339,152062.0,Burst
6340,159638.0,Cooldown
6341,159580.0,Cooldown
6342,164951.0,Cooldown
6343,151204.0,Cooldown
6344,144580.0,Ramp
6345,139329.0,Ramp
6346,143077.0,Ramp
6347,149091.0,Cooldown
6348,144096.0,Ramp
6349,147221.0,Cooldown
6350,140760.0,Ramp
6351,146903.0,Burst
6352,151035.0,Cooldown
6353,149292.0,Burst
6354,150968.0,Burst
6355,150114.0,Burst
6356,153541.0,Cooldown
6357,155861.0,Cooldown
6358,149691.0,Burst
6359,141225.0,Ramp
6360,144931.0,Ramp
6361,170493.0,Cooldown
6362,158442.0,Cooldown
6363,149047.0,Cooldown
6364,149160.0,Cooldown
6365,143977.0,Ramp
6366,145932.0,Burst
6367,148514.0,Cooldown
6368,144511.0,Ramp
6369,147148.0,Burst
6370,146879.0,Burst
6371,154062.0,Burst
6372,156830.0,Cooldown
6373,154281.0,Cooldown
6374,156433.0,Cooldown
6375,149517.0,Burst
6376,149248.0,Burst
6377,160162.0,Cooldown
6378,152287.0,Cooldown
6379,145474.0,Ramp
6380,142400.0,Ramp
6381,142316.0,Ramp
6382,145760.0,Cooldown
6383,144391.0,Ramp
6384,144097.0,Ramp
6385,141386.0,Ramp
6386,144138.0,Ramp
6387,142680.0,Ramp
6388,139735.0,Ramp
6389,144171.0,Ramp
6390,141464.0,Ramp
6391,148371.0,Cooldown
6392,154106.0,Cooldown
6393,144496.0,Ramp
6394,145457.0,Ramp
6395,137072.0,Ramp
6396,144588.0,Ramp
6397,143817.0,Ramp
6398,144524.0,Ramp
6399,137453.0,Ramp
6400,141792.0,Ramp
6401,142130.0,Ramp
6402,152077.0,Cooldown
6403,142598.0,Ramp
6404,139472.0,Ramp
6405,136864.0,Ramp
6406,143988.0,Ramp
6407,143887.0,Ramp
6408,141396.0,Ramp
6409,139206.0,Ramp
6410,136372.0,Ramp
6411,141939.0,Ramp
6412,144372.0,Ramp
6413,135891.0,Ramp
6414,143044.0,Ramp
6415,141351.0,Ramp
6416,143319.0,Ramp
6417,145339.0,Ramp
6418,146304.0,Burst
6419,143857.0,Ramp
6420,145440.0,Ramp
6421,173104.0,Cooldown
6422,155434.0,Burst
6423,157888.0,Cooldown
6424,159285.0,Cooldown
6425,149410.0,Burst
6426,156468.0,Cooldown
6427,153583.0,Cooldown
6428,151154.0,Burst
6429,152583.0,Burst
6430,152086.0,Burst
6431,158652.0,Burst
6432,163992.0,Cooldown
6433,161291.0,Cooldown
6434,156547.0,Cooldown
6435,147826.0,Burst
6436,151042.0,Cooldown
6437,151515.0,Cooldown
6438,148656.0,Burst
6439,144253.0,Ramp
6440,151961.0,Burst
6441,158711.0,Burst
6442,173391.0,Cooldown
6443,165344.0,Cooldown
6444,154645.0,Cooldown
6445,145749.0,Burst
6446,148458.0,Cooldown
6447,151582.0,Cooldown
6448,144344.0,Ramp
6449,144242.0,Ramp
6450,153317.0,Burst
6451,161386.0,Cooldown
6452,158759.0,Cooldown
6453,153301.0,Cooldown
6454,153129.0,Cooldown
6455,148610.0,Cooldown
6456,146591.0,Burst
6457,147893.0,Cooldown
6458,147115.0,Burst
6459,144964.0,Ramp
6460,146372.0,Burst
6461,158189.0,Cooldown
6462,159280.0,Cooldown
6463,152644.0,Cooldown
6464,152145.0,Cooldown
6465,144429.0,Ramp
6466,153650.0,Cooldown
6467,152097.0,Cooldown
6468,151279.0,Cooldown
6469,146063.0,Burst
6470,142892.0,Ramp
6471,150687.0,Cooldown
6472,152745.0,Cooldown
6473,147180.0,Cooldown
6474,147346.0,Cooldown
6475,139773.0,Ramp
6476,143845.0,Ramp
6477,146403.0,Cooldown
6478,142774.0,Ramp
6479,141588.0,Ramp
6480,144485.0,Ramp
6481,174499.0,Cooldown
6482,154669.0,Cooldown
6483,149235.0,Cooldown
6484,148255.0,Burst
6485,143263.0,Ramp
6486,153573.0,Cooldown
6487,152287.0,Cooldown
6488,145343.0,Ramp
6489,145389.0,Ramp
6490,142944.0,Ramp
6491,148453.0,Burst
6492,155005.0,Cooldown
6493,149841.0,Cooldown
6494,147829.0,Cooldown
6495,145520.0,Ramp
6496,147176.0,Burst
6497,148278.0,Burst
6498,143120.0,Ramp
6499,152872.0,Cooldown
6500,149199.0,Burst
6501,154158.0,Cooldown
6502,155127.0,Cooldown
6503,146347.0,Burst
6504,146465.0,Burst
6505,149270.0,Burst
6506,151903.0,Cooldown
6507,152416.0,Cooldown
6508,148681.0,Cooldown
6509,150064.0,Burst
6510,144794.0,Ramp
6511,151131.0,Burst
6512,154502.0,Cooldown
6513,151592.0,Burst
6514,156069.0,Cooldown
6515,152922.0,Cooldown
6516,151733.0,Burst
6517,152812.0,Cooldown
6518,150538.0,Burst
6519,154754.0,Cooldown
6520,146438.0,Burst
6521,154761.0,Burst
6522,158515.0,Cooldown
6523,156835.0,Burst
6524,160193.0,Cooldown
6525,156952.0,Burst
6526,160472.0,Cooldown
6527,162084.0,Cooldown
6528,155257.0,Burst
6529,160023.0,Cooldown
6530,153298.0,Burst
6531,156435.0,Cooldown
6532,157590.0,Cooldown
6533,148502.0,Burst
6534,150674.0,Burst
6535,149243.0,Burst
6536,160449.0,Cooldown
6537,160438.0,Cooldown
6538,150983.0,Burst
6539,148118.0,Burst
6540,149490.0,Burst
6541,176417.0,Cooldown
6542,168997.0,Cooldown
6543,158476.0,Burst
6544,162931.0,Cooldown
6545,155521.0,Burst
6546,163187.0,Cooldown
6547,165659.0,Cooldown
6548,158515.0,Burst
6549,161016.0,Burst
6550,154671.0,Burst
6551,167427.0,Cooldown
6552,164098.0,Burst
6553,164964.0,Burst
6554,167888.0,Burst
6555,169985.0,Cooldown
6556,175728.0,Cooldown
6557,165454.0,Burst
6558,165278.0,Burst
6559,170314.0,Burst
6560,163541.0,Burst
6561,181018.0,Cooldown
6562,181066.0,Cooldown
6563,166598.0,Burst
6564,171031.0,Cooldown
6565,162808.0,Burst
6566,170195.0,Cooldown
6567,164458.0,Cooldown
6568,165182.0,Burst
6569,167047.0,Cooldown
6570,159176.0,Burst
6571,171140.0,Cooldown
6572,169329.0,Cooldown
6573,161448.0,Cooldown
6574,153839.0,Burst
6575,150490.0,Burst
6576,155447.0,Cooldown
6577,155875.0,Cooldown
6578,152947.0,Burst
6579,156553.0,Burst
6580,154245.0,Burst
6581,161118.0,Cooldown
6582,162256.0,Cooldown
6583,156694.0,Burst
6584,160361.0,Cooldown
6585,152360.0,Burst
6586,159179.0,Burst
6587,161176.0,Cooldown
6588,161761.0,Cooldown
6589,158258.0,Cooldown
6590,154027.0,Cooldown
6591,155810.0,Cooldown
6592,154392.0,Cooldown
6593,147891.0,Burst
6594,156412.0,Cooldown
6595,150887.0,Burst
6596,155861.0,Cooldown
6597,153484.0,Burst
6598,155623.0,Burst
6599,154691.0,Burst
6600,154090.0,Burst
6601,179800.0,Cooldown
6602,169882.0,Cooldown
6603,158252.0,Cooldown
6604,161221.0,Cooldown
6605,151812.0,Burst
6606,158830.0,Burst
6607,159564.0,Burst
6608,155106.0,Burst
6609,162303.0,Burst
6610,163488.0,Burst
6611,164897.0,Cooldown
6612,169623.0,Cooldown
6613,163398.0,Cooldown
6614,157527.0,Burst
6615,157056.0,Burst
6616,171153.0,Cooldown
6617,161521.0,Burst
6618,164725.0,Cooldown
6619,159957.0,Burst
6620,160902.0,Burst
6621,165565.0,Cooldown
6622,164668.0,Cooldown
6623,163358.0,Cooldown
6624,160288.0,Cooldown
6625,154657.0,Burst
6626,158233.0,Cooldown
6627,159334.0,Cooldown
6628,153328.0,Burst
6629,158915.0,Cooldown
6630,148265.0,Burst
6631,157911.0,Burst
6632,161775.0,Cooldown
6633,155384.0,Burst
6634,157603.0,Burst
6635,166233.0,Cooldown
6636,164736.0,Cooldown
6637,163280.0,Burst
6638,162379.0,Burst
6639,163614.0,Burst
6640,165378.0,Burst
6641,172648.0,Cooldown
6642,168011.0,Cooldown
6643,161826.0,Cooldown
6644,161314.0,Cooldown
6645,151747.0,Burst
6646,156653.0,Cooldown
6647,156863.0,Cooldown
6648,152530.0,Burst
6649,152646.0,Burst
6650,155338.0,Cooldown
6651,155815.0,Cooldown
6652,153942.0,Cooldown
6653,146709.0,Burst
6654,148874.0,Burst
6655,148426.0,Burst
6656,155134.0,Cooldown
6657,153592.0,Cooldown
6658,150760.0,Burst
6659,151019.0,Burst
6660,155075.0,Burst
6661,185874.0,Cooldown
6662,169774.0,Cooldown
6663,166719.0,Burst
6664,166305.0,Burst
6665,166802.0,Burst
6666,178261.0,Cooldown
6667,175290.0,Cooldown
6668,172746.0,Cooldown
6669,170100.0,Burst
6670,169424.0,Burst
6671,176043.0,Cooldown
6672,176006.0,Cooldown
6673,174806.0,Cooldown
6674,174223.0,Cooldown
6675,166055.0,Burst
6676,169748.0,Cooldown
6677,171732.0,Cooldown
6678,164997.0,Burst
6679,172275.0,Cooldown
6680,162238.0,Burst
6681,169424.0,Cooldown
6682,167150.0,Cooldown
6683,160676.0,Burst
6684,165434.0,Burst
6685,161520.0,Burst
6686,170723.0,Burst
6687,178869.0,Cooldown
6688,175899.0,Cooldown
6689,159955.0,Burst
6690,153625.0,Burst
6691,165562.0,Cooldown
6692,172835.0,Cooldown
6693,164102.0,Cooldown
6694,158400.0,Burst
6695,151945.0,Burst
6696,167044.0,Burst
6697,177692.0,Cooldown
6698,171848.0,Cooldown
6699,165792.0,Cooldown
6700,161863.0,Burst
6701,167419.0,Cooldown
6702,166701.0,Cooldown
6703,168218.0,Cooldown
6704,157178.0,Cooldown
6705,150895.0,Burst
6706,157342.0,Burst
6707,160261.0,Cooldown
6708,158606.0,Cooldown
6709,154834.0,Cooldown
6710,150365.0,Burst
6711,154438.0,Cooldown
6712,152107.0,Cooldown
6713,149560.0,Burst
6714,151500.0,Cooldown
6715,145826.0,Burst
6716,155021.0,Cooldown
6717,149790.0,Cooldown
6718,149332.0,Burst
6719,148963.0,Burst
6720,146943.0,Burst
6721,177059.0,Cooldown
6722,161543.0,Cooldown
6723,152276.0,Burst
6724,155018.0,Cooldown
6725,149665.0,Burst
6726,154317.0,Cooldown
6727,151346.0,Cooldown
6728,148562.0,Burst
6729,148506.0,Burst
6730,148500.0,Burst
6731,153650.0,Cooldown
6732,153981.0,Cooldown
6733,149532.0,Burst
6734,151915.0,Burst
6735,148711.0,Burst
6736,151045.0,Burst
6737,157758.0,Cooldown
6738,151095.0,Burst
6739,158647.0,Cooldown
6740,156222.0,Burst
6741,154679.0,Burst
6742,158177.0,Burst
6743,163173.0,Cooldown
6744,165302.0,Cooldown
6745,160635.0,Cooldown
6746,154108.0,Cooldown
6747,154080.0,Cooldown
6748,153202.0,Cooldown
6749,152190.0,Cooldown
6750,146580.0,Burst
6751,151655.0,Burst
6752,153129.0,Cooldown
6753,150514.0,Cooldown
6754,152546.0,Cooldown
6755,147020.0,Burst
6756,151920.0,Cooldown
6757,152893.0,Cooldown
6758,148491.0,Burst
6759,147624.0,Burst
6760,147696.0,Burst
6761,150173.0,Burst
6762,154470.0,Cooldown
6763,150874.0,Cooldown
6764,151404.0,Cooldown
6765,145588.0,Ramp
6766,152684.0,Cooldown
6767,152697.0,Cooldown
6768,145851.0,Burst
6769,151620.0,Cooldown
6770,148474.0,Cooldown
6771,149856.0,Cooldown
6772,147334.0,Burst
6773,147374.0,Burst
6774,149271.0,Cooldown
6775,147088.0,Burst
6776,152323.0,Cooldown
6777,148369.0,Burst
6778,148482.0,Burst
6779,150113.0,Burst
6780,146701.0,Burst
6781,170092.0,Cooldown
6782,156354.0,Cooldown
6783,147384.0,Burst
6784,152221.0,Cooldown
6785,144734.0,Ramp
6786,154185.0,Burst
6787,153642.0,Cooldown
6788,154281.0,Cooldown
6789,155877.0,Cooldown
6790,148667.0,Burst
6791,152643.0,Cooldown
6792,153151.0,Cooldown
6793,149247.0,Cooldown
6794,151642.0,Cooldown
6795,144406.0,Ramp
6796,149247.0,Burst
6797,157951.0,Cooldown
6798,152251.0,Burst
6799,152796.0,Burst
6800,148289.0,Burst
6801,161813.0,Cooldown
6802,159604.0,Cooldown
6803,156652.0,Cooldown
6804,155987.0,Cooldown
6805,147928.0,Burst
6806,155240.0,Cooldown
6807,153639.0,Cooldown
6808,147118.0,Burst
6809,149461.0,Burst
6810,144816.0,Ramp
6811,159322.0,Cooldown
6812,160849.0,Cooldown
6813,153221.0,Cooldown
6814,155082.0,Cooldown
6815,148332.0,Burst
6816,154445.0,Burst
6817,159787.0,Cooldown
6818,160431.0,Cooldown
6819,164858.0,Cooldown
6820,145224.0,Ramp
6821,154761.0,Cooldown
6822,154127.0,Cooldown
6823,149057.0,Burst
6824,150641.0,Burst
6825,152271.0,Burst
6826,155248.0,Burst
6827,161729.0,Cooldown
6828,156929.0,Cooldown
6829,150713.0,Cooldown
6830,147668.0,Burst
6831,150654.0,Cooldown
6832,148700.0,Cooldown
6833,149426.0,Cooldown
6834,148255.0,Cooldown
6835,144380.0,Ramp
6836,149953.0,Cooldown
6837,149621.0,Cooldown
6838,144829.0,Ramp
6839,147520.0,Burst
6840,145419.0,Ramp
6841,168917.0,Cooldown
6842,154051.0,Cooldown
6843,147400.0,Burst
6844,152624.0,Cooldown
6845,145414.0,Ramp
6846,150642.0,Cooldown
6847,149317.0,Cooldown
6848,142493.0,Ramp
6849,146651.0,Burst
6850,143915.0,Ramp
6851,147551.0,Cooldown
6852,149509.0,Cooldown
6853,143881.0,Ramp
6854,147147.0,Cooldown
6855,143211.0,Ramp
6856,146944.0,Burst
6857,148412.0,Cooldown
6858,143612.0,Ramp
6859,150787.0,Cooldown
6860,146003.0,Burst
6861,147220.0,Cooldown
6862,148036.0,Cooldown
6863,145225.0,Ramp
6864,144720.0,Ramp
6865,144674.0,Ramp
6866,146262.0,Burst
6867,152224.0,Burst
6868,154822.0,Burst
6869,156741.0,Burst
6870,155701.0,Burst
6871,162189.0,Cooldown
6872,154727.0,Cooldown
6873,155276.0,Cooldown
6874,158100.0,Cooldown
6875,146352.0,Burst
6876,153670.0,Cooldown
6877,148759.0,Cooldown
6878,147305.0,Cooldown
6879,147519.0,Cooldown
6880,139549.0,Ramp
6881,144738.0,Ramp
6882,145007.0,Ramp
6883,143098.0,Ramp
6884,143904.0,Ramp
6885,137330.0,Ramp
6886,141963.0,Ramp
6887,144824.0,Ramp
6888,140604.0,Ramp
6889,141069.0,Ramp
6890,137149.0,Ramp
6891,143965.0,Ramp
6892,145029.0,Ramp
6893,141186.0,Ramp
6894,142565.0,Ramp
6895,142910.0,Ramp
6896,146195.0,Cooldown
6897,148336.0,Cooldown
6898,142967.0,Ramp
6899,146498.0,Burst
6900,141969.0,Ramp
6901,168433.0,Cooldown
6902,153260.0,Cooldown
6903,146675.0,Cooldown
6904,147282.0,Cooldown
6905,143056.0,Ramp
6906,149259.0,Cooldown
6907,148414.0,Cooldown
6908,145289.0,Ramp
6909,148350.0,Cooldown
6910,145075.0,Ramp
6911,148204.0,Burst
6912,149884.0,Cooldown
6913,150526.0,Cooldown
6914,149924.0,Burst
6915,147092.0,Burst
6916,153603.0,Cooldown
6917,153270.0,Burst
6918,151789.0,Burst
6919,153969.0,Burst
6920,156093.0,Cooldown
6921,161927.0,Cooldown
6922,156847.0,Cooldown
6923,147316.0,Burst
6924,152797.0,Cooldown
6925,147234.0,Burst
6926,148338.0,Burst
6927,152847.0,Cooldown
6928,144911.0,Ramp
6929,147851.0,Burst
6930,141596.0,Ramp
6931,150244.0,Burst
6932,152503.0,Cooldown
6933,148134.0,Burst
6934,153829.0,Burst
6935,152459.0,Burst
6936,156798.0,Cooldown
6937,157645.0,Cooldown
6938,151908.0,Cooldown
6939,152246.0,Cooldown
6940,144644.0,Ramp
6941,146785.0,Cooldown
6942,146223.0,Cooldown
6943,147896.0,Cooldown
6944,145813.0,Burst
6945,143826.0,Ramp
6946,147298.0,Cooldown
6947,147277.0,Cooldown
6948,145386.0,Ramp
6949,145045.0,Ramp
6950,138863.0,Ramp
6951,144661.0,Ramp
6952,142843.0,Ramp
6953,141521.0,Ramp
6954,146607.0,Burst
6955,146306.0,Burst
6956,152010.0,Cooldown
6957,150980.0,Cooldown
6958,148468.0,Burst
6959,147381.0,Burst
6960,144710.0,Ramp
6961,167472.0,Cooldown
6962,146304.0,Cooldown
6963,143513.0,Ramp
6964,144108.0,Ramp
6965,140003.0,Ramp
6966,151422.0,Cooldown
6967,152537.0,Cooldown
6968,148143.0,Burst
6969,150793.0,Cooldown
6970,147849.0,Cooldown
6971,151431.0,Cooldown
6972,147489.0,Cooldown
6973,141391.0,Ramp
6974,144605.0,Ramp
6975,139700.0,Ramp
6976,145766.0,Cooldown
6977,142724.0,Ramp
6978,138148.0,Ramp
6979,143994.0,Ramp
6980,139873.0,Ramp
6981,144514.0,Ramp
6982,145619.0,Ramp
6983,141720.0,Ramp
6984,145189.0,Ramp
6985,141594.0,Ramp
6986,142457.0,Ramp
6987,143814.0,Ramp
6988,141570.0,Ramp
6989,142489.0,Ramp
6990,136259.0,Ramp
6991,146762.0,Cooldown
6992,145977.0,Cooldown
6993,140703.0,Ramp
6994,142802.0,Ramp
6995,138934.0,Ramp
6996,141691.0,Ramp
6997,144246.0,Ramp
6998,140658.0,Ramp
6999,142305.0,Ramp
7000,138327.0,Ramp
7001,139810.0,Ramp
7002,141883.0,Ramp
7003,140870.0,Ramp
7004,152334.0,Cooldown
7005,137241.0,Ramp
7006,142294.0,Ramp
7007,147203.0,Cooldown
7008,141971.0,Ramp
7009,144941.0,Ramp
7010,142307.0,Ramp
7011,144127.0,Ramp
7012,144788.0,Ramp
7013,139653.0,Ramp
7014,138823.0,Ramp
7015,136632.0,Ramp
7016,142753.0,Ramp
7017,142096.0,Ramp
7018,140075.0,Ramp
7019,138406.0,Ramp
7020,140468.0,Ramp
7021,166350.0,Cooldown
7022,145985.0,Cooldown
7023,139539.0,Ramp
7024,141750.0,Ramp
7025,137138.0,Ramp
7026,145379.0,Ramp
7027,147241.0,Cooldown
7028,142416.0,Ramp
7029,146723.0,Burst
7030,150607.0,Cooldown
7031,147046.0,Cooldown
7032,150421.0,Cooldown
7033,143053.0,Ramp
7034,144237.0,Ramp
7035,143429.0,Ramp
7036,146738.0,Cooldown
7037,145262.0,Ramp
7038,142816.0,Ramp
7039,143450.0,Ramp
7040,135712.0,Ramp
7041,137744.0,Ramp
7042,137850.0,Ramp
7043,131710.0,Ramp
7044,135091.0,Ramp
7045,133307.0,Ramp
7046,138578.0,Ramp
7047,139474.0,Ramp
7048,133882.0,Ramp
7049,134912.0,Ramp
7050,136119.0,Ramp
7051,145469.0,Ramp
7052,148369.0,Cooldown
7053,137474.0,Ramp
7054,138577.0,Ramp
7055,135963.0,Ramp
7056,139490.0,Ramp
7057,143149.0,Ramp
7058,137604.0,Ramp
7059,137846.0,Ramp
7060,134521.0,Ramp
7061,137689.0,Ramp
7062,139748.0,Ramp
7063,139107.0,Ramp
7064,139228.0,Ramp
7065,134156.0,Ramp
7066,137024.0,Ramp
7067,137420.0,Ramp
7068,136303.0,Ramp
7069,137597.0,Ramp
7070,133504.0,Ramp
7071,136010.0,Ramp
7072,135282.0,Ramp
7073,129794.0,Ramp
7074,130955.0,Ramp
7075,131997.0,Ramp
7076,134945.0,Ramp
7077,135653.0,Ramp
7078,133070.0,Ramp
7079,133155.0,Ramp
7080,128493.0,Ramp
7081,160271.0,Cooldown
7082,141708.0,Ramp
7083,131159.0,Ramp
7084,133992.0,Ramp
7085,130244.0,Ramp
7086,134186.0,Ramp
7087,132785.0,Ramp
7088,132522.0,Ramp
7089,132204.0,Ramp
7090,130942.0,Ramp
7091,132352.0,Ramp
7092,133215.0,Ramp
7093,131294.0,Ramp
7094,131926.0,Ramp
7095,130549.0,Ramp
7096,133117.0,Ramp
7097,135151.0,Ramp
7098,129044.0,Ramp
7099,137051.0,Ramp
7100,128253.0,Ramp
7101,132099.0,Ramp
7102,130963.0,Ramp
7103,129503.0,Ramp
7104,128507.0,Ramp
7105,126816.0,Ramp
7106,133461.0,Ramp
7107,127867.0,Ramp
7108,123551.0,Idle
7109,124674.0,Ramp
7110,122596.0,Idle
7111,128943.0,Ramp
7112,128808.0,Ramp
7113,124210.0,Ramp
7114,126085.0,Ramp
7115,122161.0,Idle
7116,126942.0,Ramp
7117,125465.0,Ramp
7118,122053.0,Idle
7119,125273.0,Ramp
7120,123948.0,Idle
7121,127192.0,Ramp
7122,128237.0,Ramp
7123,124522.0,Ramp
7124,129182.0,Ramp
7125,124793.0,Ramp
7126,128540.0,Ramp
7127,130137.0,Ramp
7128,123266.0,Idle
7129,126124.0,Ramp
7130,126099.0,Ramp
7131,127842.0,Ramp
7132,129300.0,Ramp
7133,125631.0,Ramp
7134,124696.0,Ramp
7135,125689.0,Ramp
7136,128050.0,Ramp
7137,127666.0,Ramp
7138,123154.0,Idle
7139,125629.0,Ramp
7140,124070.0,Idle
7141,150969.0,Cooldown
7142,132548.0,Ramp
7143,124755.0,Ramp
7144,124692.0,Ramp
7145,122078.0,Idle
7146,126127.0,Ramp
7147,124783.0,Ramp
7148,120863.0,Idle
7149,123393.0,Idle
7150,123042.0,Idle
7151,124254.0,Ramp
7152,125712.0,Ramp
7153,122406.0,Idle
7154,124222.0,Ramp
7155,120763.0,Idle
7156,120987.0,Idle
7157,123899.0,Idle
7158,123169.0,Idle
7159,121840.0,Idle
7160,120180.0,Idle
7161,123005.0,Idle
7162,125579.0,Ramp
7163,119308.0,Idle
7164,121071.0,Idle
7165,120919.0,Idle
7166,125131.0,Ramp
7167,124259.0,Ramp
7168,120009.0,Idle
7169,119536.0,Idle
7170,119043.0,Idle
7171,123936.0,Idle
7172,122929.0,Idle
7173,116074.0,Idle
7174,118843.0,Idle
7175,114318.0,Idle
7176,119421.0,Idle
7177,120950.0,Idle
7178,117554.0,Idle
7179,119580.0,Idle
7180,118581.0,Idle
7181,119507.0,Idle
7182,122746.0,Idle
7183,120675.0,Idle
7184,123366.0,Idle
7185,115660.0,Idle
7186,121760.0,Idle
7187,122626.0,Idle
7188,119293.0,Idle
7189,120605.0,Idle
7190,117421.0,Idle
7191,119441.0,Idle
7192,121531.0,Idle
7193,115151.0,Idle
7194,119454.0,Idle
7195,118041.0,Idle
7196,121750.0,Idle
7197,119589.0,Idle
7198,119110.0,Idle
7199,118918.0,Idle
7200,117431.0,Idle
7201,152276.0,Cooldown
7202,132789.0,Ramp
7203,123472.0,Idle
7204,126364.0,Ramp
7205,122283.0,Idle
7206,125870.0,Ramp
7207,124632.0,Ramp
7208,121992.0,Idle
7209,122751.0,Idle
7210,121589.0,Idle
7211,123450.0,Idle
7212,125880.0,Ramp
7213,123812.0,Idle
7214,125043.0,Ramp
7215,120637.0,Idle
7216,122720.0,Idle
7217,122200.0,Idle
7218,120624.0,Idle
7219,121297.0,Idle
7220,121627.0,Idle
7221,123467.0,Idle
7222,128446.0,Ramp
7223,122638.0,Idle
7224,125142.0,Ramp
7225,120046.0,Idle
7226,124135.0,Idle
7227,123927.0,Idle
7228,120869.0,Idle
7229,120040.0,Idle
7230,117984.0,Idle
7231,124342.0,Ramp
7232,123706.0,Idle
7233,121600.0,Idle
7234,123420.0,Idle
7235,117973.0,Idle
7236,123989.0,Idle
7237,125304.0,Ramp
7238,119976.0,Idle
7239,121617.0,Idle
7240,118955.0,Idle
7241,121798.0,Idle
7242,122194.0,Idle
7243,118276.0,Idle
7244,120981.0,Idle
7245,115951.0,Idle
7246,119621.0,Idle
7247,122387.0,Idle
7248,119112.0,Idle
7249,118215.0,Idle
7250,117368.0,Idle
7251,116945.0,Idle
7252,121173.0,Idle
7253,118439.0,Idle
7254,119783.0,Idle
7255,118163.0,Idle
7256,120973.0,Idle
7257,121707.0,Idle
7258,118720.0,Idle
7259,118524.0,Idle
7260,116158.0,Idle
7261,142992.0,Ramp
7262,127409.0,Ramp
7263,120802.0,Idle
7264,124639.0,Ramp
7265,119297.0,Idle
7266,124101.0,Idle
7267,124703.0,Ramp
7268,121338.0,Idle
7269,123682.0,Idle
7270,118565.0,Idle
7271,121613.0,Idle
7272,126587.0,Ramp
7273,122881.0,Idle
7274,126817.0,Ramp
7275,117887.0,Idle
7276,120000.0,Idle
7277,120780.0,Idle
7278,122866.0,Idle
7279,121867.0,Idle
7280,120236.0,Idle
7281,119812.0,Idle
7282,122164.0,Idle
7283,120893.0,Idle
7284,123501.0,Idle
7285,118935.0,Idle
7286,123202.0,Idle
7287,123517.0,Idle
7288,120280.0,Idle
7289,123589.0,Idle
7290,120294.0,Idle
7291,124514.0,Ramp
7292,127886.0,Ramp
7293,123564.0,Idle
7294,128691.0,Ramp
7295,122417.0,Idle
7296,124929.0,Ramp
7297,126071.0,Ramp
7298,121280.0,Idle
7299,125650.0,Ramp
7300,119348.0,Idle
7301,120813.0,Idle
7302,125484.0,Ramp
7303,125445.0,Ramp
7304,131230.0,Ramp
7305,123269.0,Idle
7306,123306.0,Idle
7307,124527.0,Ramp
7308,121618.0,Idle
7309,124724.0,Ramp
7310,120630.0,Idle
7311,121274.0,Idle
7312,124612.0,Ramp
7313,120658.0,Idle
7314,122730.0,Idle
7315,121945.0,Idle
7316,121774.0,Idle
7317,123494.0,Idle
7318,119302.0,Idle
7319,120577.0,Idle
7320,118649.0,Idle
7321,144625.0,Ramp
7322,132571.0,Ramp
7323,122764.0,Idle
7324,124629.0,Ramp
7325,118191.0,Idle
7326,122317.0,Idle
7327,122718.0,Idle
7328,122822.0,Idle
7329,128196.0,Ramp
7330,123323.0,Idle
7331,125193.0,Ramp
7332,129055.0,Ramp
7333,125578.0,Ramp
7334,128124.0,Ramp
7335,122967.0,Idle
7336,123653.0,Idle
7337,127351.0,Ramp
7338,122108.0,Idle
7339,125929.0,Ramp
7340,115531.0,Idle
7341,115832.0,Idle
7342,120687.0,Idle
7343,116870.0,Idle
7344,121925.0,Idle
7345,114347.0,Idle
7346,117557.0,Idle
7347,121111.0,Idle
7348,117195.0,Idle
7349,118061.0,Idle
7350,113888.0,Idle
7351,116331.0,Idle
7352,122024.0,Idle
7353,116269.0,Idle
7354,121546.0,Idle
7355,114775.0,Idle
7356,118289.0,Idle
7357,117691.0,Idle
7358,115579.0,Idle
7359,115759.0,Idle
7360,111703.0,Idle
7361,113334.0,Idle
7362,119578.0,Idle
7363,115268.0,Idle
7364,118060.0,Idle
7365,115576.0,Idle
7366,116273.0,Idle
7367,116318.0,Idle
7368,114406.0,Idle
7369,115180.0,Idle
7370,112662.0,Idle
7371,111956.0,Idle
7372,115406.0,Idle
7373,111787.0,Idle
7374,115369.0,Idle
7375,112041.0,Idle
7376,113194.0,Idle
7377,116060.0,Idle
7378,114541.0,Idle
7379,116820.0,Idle
7380,113724.0,Idle
7381,143072.0,Ramp
7382,123433.0,Idle
7383,116668.0,Idle
7384,120239.0,Idle
7385,114074.0,Idle
7386,116100.0,Idle
7387,116566.0,Idle
7388,112514.0,Idle
7389,114015.0,Idle
7390,110774.0,Idle
7391,112253.0,Idle
7392,117971.0,Idle
7393,113752.0,Idle
7394,114755.0,Idle
7395,110065.0,Idle
7396,112139.0,Idle
7397,115489.0,Idle
7398,113666.0,Idle
7399,115945.0,Idle
7400,111831.0,Idle
7401,113494.0,Idle
7402,121250.0,Idle
7403,111802.0,Idle
7404,115034.0,Idle
7405,111927.0,Idle
7406,115074.0,Idle
7407,119049.0,Idle
7408,114438.0,Idle
7409,116416.0,Idle
7410,112361.0,Idle
7411,116454.0,Idle
7412,117392.0,Idle
7413,113718.0,Idle
7414,119110.0,Idle
7415,116345.0,Idle
7416,116608.0,Idle
7417,117449.0,Idle
7418,113922.0,Idle
7419,115911.0,Idle
7420,114124.0,Idle
7421,115335.0,Idle
7422,119936.0,Idle
7423,114651.0,Idle
7424,118253.0,Idle
7425,113128.0,Idle
7426,114774.0,Idle
7427,118336.0,Idle
7428,115151.0,Idle
7429,120007.0,Idle
7430,112829.0,Idle
7431,113850.0,Idle
7432,117960.0,Idle
7433,112998.0,Idle
7434,121253.0,Idle
7435,113281.0,Idle
7436,112793.0,Idle
7437,116553.0,Idle
7438,114543.0,Idle
7439,114996.0,Idle
7440,113248.0,Idle
7441,150745.0,Cooldown
7442,130374.0,Ramp
7443,119582.0,Idle
7444,120529.0,Idle
7445,114423.0,Idle
7446,114769.0,Idle
7447,117072.0,Idle
7448,114555.0,Idle
7449,118633.0,Idle
7450,112587.0,Idle
7451,112615.0,Idle
7452,118916.0,Idle
7453,115658.0,Idle
7454,119079.0,Idle
7455,113052.0,Idle
7456,116080.0,Idle
7457,116427.0,Idle
7458,115515.0,Idle
7459,117232.0,Idle
7460,113933.0,Idle
7461,116057.0,Idle
7462,119290.0,Idle
7463,114876.0,Idle
7464,116678.0,Idle
7465,111858.0,Idle
7466,111758.0,Idle
7467,115363.0,Idle
7468,117137.0,Idle
7469,117750.0,Idle
7470,114010.0,Idle
7471,113393.0,Idle
7472,118284.0,Idle
7473,114619.0,Idle
7474,120284.0,Idle
7475,112426.0,Idle
7476,114987.0,Idle
7477,114345.0,Idle
7478,114138.0,Idle
7479,116774.0,Idle
7480,114508.0,Idle
7481,115403.0,Idle
7482,119240.0,Idle
7483,118582.0,Idle
7484,124523.0,Ramp
7485,114304.0,Idle
7486,115836.0,Idle
7487,117235.0,Idle
7488,114388.0,Idle
7489,117452.0,Idle
7490,113833.0,Idle
7491,113054.0,Idle
7492,117552.0,Idle
7493,112424.0,Idle
7494,115922.0,Idle
7495,112174.0,Idle
7496,115565.0,Idle
7497,116885.0,Idle
7498,114150.0,Idle
7499,117048.0,Idle
7500,114252.0,Idle
7501,153209.0,Cooldown
7502,127419.0,Ramp
7503,120173.0,Idle
7504,121185.0,Idle
7505,114785.0,Idle
7506,116998.0,Idle
7507,119936.0,Idle
7508,116538.0,Idle
7509,118084.0,Idle
7510,115424.0,Idle
7511,116270.0,Idle
7512,120415.0,Idle
7513,115934.0,Idle
7514,121522.0,Idle
7515,117195.0,Idle
7516,119699.0,Idle
7517,124293.0,Ramp
7518,119716.0,Idle
7519,120286.0,Idle
7520,117779.0,Idle
7521,120797.0,Idle
7522,125044.0,Ramp
7523,115449.0,Idle
7524,126901.0,Ramp
7525,139086.0,Ramp
7526,142153.0,Ramp
7527,142521.0,Ramp
7528,134867.0,Ramp
7529,130490.0,Ramp
7530,124020.0,Idle
7531,124854.0,Ramp
7532,131931.0,Ramp
7533,134906.0,Ramp
7534,130285.0,Ramp
7535,127372.0,Ramp
7536,122484.0,Idle
7537,117871.0,Idle
7538,116433.0,Idle
7539,118697.0,Idle
7540,117168.0,Idle
7541,114210.0,Idle
7542,119239.0,Idle
7543,119359.0,Idle
7544,126174.0,Ramp
7545,112608.0,Idle
7546,116418.0,Idle
7547,117882.0,Idle
7548,116321.0,Idle
7549,118955.0,Idle
7550,115756.0,Idle
7551,113774.0,Idle
7552,118097.0,Idle
7553,114706.0,Idle
7554,116514.0,Idle
7555,115188.0,Idle
7556,116851.0,Idle
7557,119425.0,Idle
7558,118121.0,Idle
7559,120281.0,Idle
7560,115950.0,Idle
7561,146500.0,Cooldown
7562,132994.0,Ramp
7563,119922.0,Idle
7564,122160.0,Idle
7565,116718.0,Idle
7566,116603.0,Idle
7567,118817.0,Idle
7568,116408.0,Idle
7569,118453.0,Idle
7570,117186.0,Idle
7571,117283.0,Idle
7572,122226.0,Idle
7573,120408.0,Idle
7574,119574.0,Idle
7575,115855.0,Idle
7576,118645.0,Idle
7577,121000.0,Idle
7578,118128.0,Idle
7579,120287.0,Idle
7580,119119.0,Idle
7581,118390.0,Idle
7582,126075.0,Ramp
7583,125172.0,Ramp
7584,123793.0,Idle
7585,124773.0,Ramp
7586,132429.0,Ramp
7587,141670.0,Ramp
7588,138471.0,Ramp
7589,136732.0,Ramp
7590,133527.0,Ramp
7591,143807.0,Ramp
7592,142247.0,Ramp
7593,127145.0,Ramp
7594,129734.0,Ramp
7595,127513.0,Ramp
7596,128121.0,Ramp
7597,129565.0,Ramp
7598,129176.0,Ramp
7599,130723.0,Ramp
7600,131160.0,Ramp
7601,128010.0,Ramp
7602,137665.0,Ramp
7603,128763.0,Ramp
7604,129261.0,Ramp
7605,128261.0,Ramp
7606,126259.0,Ramp
7607,129898.0,Ramp
7608,131287.0,Ramp
7609,130369.0,Ramp
7610,127882.0,Ramp
7611,131418.0,Ramp
7612,130053.0,Ramp
7613,128761.0,Ramp
7614,126997.0,Ramp
7615,125369.0,Ramp
7616,125083.0,Ramp
7617,129970.0,Ramp
7618,130922.0,Ramp
7619,130682.0,Ramp
7620,129706.0,Ramp
7621,158544.0,Cooldown
7622,139612.0,Ramp
7623,128017.0,Ramp
7624,131633.0,Ramp
7625,128362.0,Ramp
7626,130167.0,Ramp
7627,133838.0,Ramp
7628,134695.0,Ramp
7629,132096.0,Ramp
7630,133930.0,Ramp
7631,130129.0,Ramp
7632,133754.0,Ramp
7633,130297.0,Ramp
7634,134497.0,Ramp
7635,126816.0,Ramp
7636,131303.0,Ramp
7637,129823.0,Ramp
7638,126955.0,Ramp
7639,127147.0,Ramp
7640,126658.0,Ramp
7641,125570.0,Ramp
7642,131711.0,Ramp
7643,125712.0,Ramp
7644,130905.0,Ramp
7645,130771.0,Ramp
7646,128657.0,Ramp
7647,128928.0,Ramp
7648,131346.0,Ramp
7649,129313.0,Ramp
7650,132049.0,Ramp
7651,132843.0,Ramp
7652,137677.0,Ramp
7653,130609.0,Ramp
7654,135346.0,Ramp
7655,132296.0,Ramp
7656,132730.0,Ramp
7657,139399.0,Ramp
7658,136746.0,Ramp
7659,131007.0,Ramp
7660,129569.0,Ramp
7661,129025.0,Ramp
7662,132870.0,Ramp
7663,127198.0,Ramp
7664,130473.0,Ramp
7665,123586.0,Idle
7666,129562.0,Ramp
7667,127979.0,Ramp
7668,126486.0,Ramp
7669,131035.0,Ramp
7670,126705.0,Ramp
7671,128952.0,Ramp
7672,131672.0,Ramp
7673,123392.0,Idle
7674,125279.0,Ramp
7675,125441.0,Ramp
7676,126564.0,Ramp
7677,133462.0,Ramp
7678,129721.0,Ramp
7679,128184.0,Ramp
7680,124330.0,Ramp
7681,146844.0,Cooldown
7682,138692.0,Ramp
7683,122815.0,Idle
7684,127690.0,Ramp
7685,123217.0,Idle
7686,125988.0,Ramp
7687,125129.0,Ramp
7688,123959.0,Idle
7689,124068.0,Idle
7690,124545.0,Ramp
7691,126564.0,Ramp
7692,131418.0,Ramp
7693,126834.0,Ramp
7694,129349.0,Ramp
7695,121737.0,Idle
7696,125906.0,Ramp
7697,122684.0,Idle
7698,124278.0,Ramp
7699,124908.0,Ramp
7700,123065.0,Idle
7701,124039.0,Idle
7702,127869.0,Ramp
7703,123787.0,Idle
7704,126602.0,Ramp
7705,122203.0,Idle
7706,123252.0,Idle
7707,121473.0,Idle
7708,120364.0,Idle
7709,122830.0,Idle
7710,123860.0,Idle
7711,121778.0,Idle
7712,133456.0,Ramp
7713,122138.0,Idle
7714,125836.0,Ramp
7715,122070.0,Idle
7716,123210.0,Idle
7717,125384.0,Ramp
7718,126191.0,Ramp
7719,125952.0,Ramp
7720,124756.0,Ramp
7721,124076.0,Idle
7722,128829.0,Ramp
7723,128193.0,Ramp
7724,128364.0,Ramp
7725,121712.0,Idle
7726,125567.0,Ramp
7727,125960.0,Ramp
7728,123518.0,Idle
7729,126455.0,Ramp
7730,123048.0,Idle
7731,121532.0,Idle
7732,121625.0,Idle
7733,118791.0,Idle
7734,126002.0,Ramp
7735,121659.0,Idle
7736,122521.0,Idle
7737,120333.0,Idle
7738,119203.0,Idle
7739,118772.0,Idle
7740,118457.0,Idle
7741,145548.0,Ramp
7742,131718.0,Ramp
7743,119844.0,Idle
7744,125200.0,Ramp
7745,123177.0,Idle
7746,124361.0,Ramp
7747,121886.0,Idle
7748,120087.0,Idle
7749,118099.0,Idle
7750,120347.0,Idle
7751,120205.0,Idle
7752,124858.0,Ramp
7753,123627.0,Idle
7754,124090.0,Idle
7755,120925.0,Idle
7756,121073.0,Idle
7757,120306.0,Idle
7758,119400.0,Idle
7759,123809.0,Idle
7760,121657.0,Idle
7761,120009.0,Idle
7762,123406.0,Idle
7763,120709.0,Idle
7764,123112.0,Idle
7765,123467.0,Idle
7766,129146.0,Ramp
7767,129334.0,Ramp
7768,122494.0,Idle
7769,127475.0,Ramp
7770,133190.0,Ramp
7771,127259.0,Ramp
7772,126805.0,Ramp
7773,122291.0,Idle
7774,126238.0,Ramp
7775,120971.0,Idle
7776,127864.0,Ramp
7777,128523.0,Ramp
7778,124752.0,Ramp
7779,125276.0,Ramp
7780,122482.0,Idle
7781,122465.0,Idle
7782,124905.0,Ramp
7783,126656.0,Ramp
7784,129775.0,Ramp
7785,129356.0,Ramp
7786,123442.0,Idle
7787,126028.0,Ramp
7788,128071.0,Ramp
7789,123615.0,Idle
7790,120463.0,Idle
7791,120340.0,Idle
7792,125410.0,Ramp
7793,122356.0,Idle
7794,122727.0,Idle
7795,120368.0,Idle
7796,121963.0,Idle
7797,128784.0,Ramp
7798,130805.0,Ramp
7799,126720.0,Ramp
7800,124737.0,Ramp
7801,147302.0,Cooldown
7802,130894.0,Ramp
7803,124998.0,Ramp
7804,129140.0,Ramp
7805,124105.0,Idle
7806,129728.0,Ramp
7807,127474.0,Ramp
7808,130563.0,Ramp
7809,127101.0,Ramp
7810,128386.0,Ramp
7811,127237.0,Ramp
7812,130177.0,Ramp
7813,128754.0,Ramp
7814,129383.0,Ramp
7815,123019.0,Idle
7816,129587.0,Ramp
7817,133172.0,Ramp
7818,130354.0,Ramp
7819,128768.0,Ramp
7820,137369.0,Ramp
7821,129152.0,Ramp
7822,130102.0,Ramp
7823,129271.0,Ramp
7824,129586.0,Ramp
7825,125814.0,Ramp
7826,124050.0,Idle
7827,130235.0,Ramp
7828,132410.0,Ramp
7829,124841.0,Ramp
7830,124524.0,Ramp
7831,128665.0,Ramp
7832,127083.0,Ramp
7833,121339.0,Idle
7834,126639.0,Ramp
7835,125419.0,Ramp
7836,123543.0,Idle
7837,124399.0,Ramp
7838,126536.0,Ramp
7839,121074.0,Idle
7840,123678.0,Idle
7841,119318.0,Idle
7842,125284.0,Ramp
7843,123779.0,Idle
7844,123030.0,Idle
7845,119114.0,Idle
7846,121302.0,Idle
7847,126163.0,Ramp
7848,128783.0,Ramp
7849,128292.0,Ramp
7850,125229.0,Ramp
7851,129738.0,Ramp
7852,130368.0,Ramp
7853,123748.0,Idle
7854,124686.0,Ramp
7855,123255.0,Idle
7856,121617.0,Idle
7857,128759.0,Ramp
7858,130970.0,Ramp
7859,133422.0,Ramp
7860,130646.0,Ramp
7861,156470.0,Cooldown
7862,134606.0,Ramp
7863,131697.0,Ramp
7864,137732.0,Ramp
7865,134089.0,Ramp
7866,138239.0,Ramp
7867,137560.0,Ramp
7868,135446.0,Ramp
7869,131998.0,Ramp
7870,141318.0,Ramp
7871,139075.0,Ramp
7872,136370.0,Ramp
7873,135221.0,Ramp
7874,132215.0,Ramp
7875,132196.0,Ramp
7876,134003.0,Ramp
7877,131732.0,Ramp
7878,139309.0,Ramp
7879,140153.0,Ramp
7880,136124.0,Ramp
7881,137827.0,Ramp
7882,132848.0,Ramp
7883,136946.0,Ramp
7884,137898.0,Ramp
7885,132445.0,Ramp
7886,130550.0,Ramp
7887,135612.0,Ramp
7888,136327.0,Ramp
7889,131781.0,Ramp
7890,131046.0,Ramp
7891,137058.0,Ramp
7892,135777.0,Ramp
7893,133814.0,Ramp
7894,140631.0,Ramp
7895,137267.0,Ramp
7896,136166.0,Ramp
7897,142983.0,Ramp
7898,139240.0,Ramp
7899,139480.0,Ramp
7900,134559.0,Ramp
7901,132465.0,Ramp
7902,137930.0,Ramp
7903,134517.0,Ramp
7904,135302.0,Ramp
7905,131661.0,Ramp
7906,136237.0,Ramp
7907,137002.0,Ramp
7908,134639.0,Ramp
7909,133534.0,Ramp
7910,133248.0,Ramp
7911,129152.0,Ramp
7912,136744.0,Ramp
7913,130008.0,Ramp
7914,132872.0,Ramp
7915,128262.0,Ramp
7916,130679.0,Ramp
7917,131651.0,Ramp
7918,132676.0,Ramp
7919,130242.0,Ramp
7920,126301.0,Ramp
7921,151652.0,Cooldown
7922,136723.0,Ramp
7923,131743.0,Ramp
7924,131769.0,Ramp
7925,126627.0,Ramp
7926,132512.0,Ramp
7927,131812.0,Ramp
7928,129877.0,Ramp
7929,125286.0,Ramp
7930,124240.0,Ramp
7931,124538.0,Ramp
7932,130649.0,Ramp
7933,128975.0,Ramp
7934,127218.0,Ramp
7935,123927.0,Idle
7936,125313.0,Ramp
7937,129680.0,Ramp
7938,132706.0,Ramp
7939,129593.0,Ramp
7940,127985.0,Ramp
7941,126859.0,Ramp
7942,131903.0,Ramp
7943,124744.0,Ramp
7944,128171.0,Ramp
7945,126611.0,Ramp
7946,126592.0,Ramp
7947,130106.0,Ramp
7948,131077.0,Ramp
7949,125466.0,Ramp
7950,124707.0,Ramp
7951,129375.0,Ramp
7952,130719.0,Ramp
7953,127760.0,Ramp
7954,128320.0,Ramp
7955,127274.0,Ramp
7956,127687.0,Ramp
7957,129773.0,Ramp
7958,130067.0,Ramp
7959,128698.0,Ramp
7960,126689.0,Ramp
7961,123863.0,Idle
7962,131613.0,Ramp
7963,131210.0,Ramp
7964,130170.0,Ramp
7965,125333.0,Ramp
7966,127028.0,Ramp
7967,129203.0,Ramp
7968,129433.0,Ramp
7969,127761.0,Ramp
7970,127590.0,Ramp
7971,126116.0,Ramp
7972,128024.0,Ramp
7973,125350.0,Ramp
7974,126787.0,Ramp
7975,125808.0,Ramp
7976,125115.0,Ramp
7977,129103.0,Ramp
7978,130538.0,Ramp
7979,124713.0,Ramp
7980,128588.0,Ramp
7981,153986.0,Cooldown
7982,135063.0,Ramp
7983,131128.0,Ramp
7984,132467.0,Ramp
7985,128220.0,Ramp
7986,129305.0,Ramp
7987,131825.0,Ramp
7988,130765.0,Ramp
7989,127012.0,Ramp
7990,127755.0,Ramp
7991,127389.0,Ramp
7992,130103.0,Ramp
7993,130830.0,Ramp
7994,129612.0,Ramp
7995,124508.0,Ramp
7996,126271.0,Ramp
7997,128997.0,Ramp
7998,130101.0,Ramp
7999,126764.0,Ramp
8000,126558.0,Ramp
8001,126967.0,Ramp
8002,130716.0,Ramp
8003,131747.0,Ramp
8004,131515.0,Ramp
8005,128487.0,Ramp
8006,128733.0,Ramp
8007,130490.0,Ramp
8008,131404.0,Ramp
8009,129058.0,Ramp
8010,127742.0,Ramp
8011,131182.0,Ramp
8012,130283.0,Ramp
8013,128142.0,Ramp
8014,131511.0,Ramp
8015,128671.0,Ramp
8016,127279.0,Ramp
8017,130093.0,Ramp
8018,134155.0,Ramp
8019,127775.0,Ramp
8020,128885.0,Ramp
8021,126817.0,Ramp
8022,130161.0,Ramp
8023,130120.0,Ramp
8024,128826.0,Ramp
8025,125278.0,Ramp
8026,129218.0,Ramp
8027,128279.0,Ramp
8028,133481.0,Ramp
8029,124867.0,Ramp
8030,125847.0,Ramp
8031,124665.0,Ramp
8032,126361.0,Ramp
8033,123528.0,Idle
8034,125795.0,Ramp
8035,124472.0,Ramp
8036,123721.0,Idle
8037,127830.0,Ramp
8038,132116.0,Ramp
8039,127537.0,Ramp
8040,125167.0,Ramp
8041,148853.0,Cooldown
8042,131117.0,Ramp
8043,124478.0,Ramp
8044,130665.0,Ramp
8045,127640.0,Ramp
8046,128464.0,Ramp
8047,127957.0,Ramp
8048,129926.0,Ramp
8049,125323.0,Ramp
8050,125987.0,Ramp
8051,124984.0,Ramp
8052,127376.0,Ramp
8053,127548.0,Ramp
8054,127220.0,Ramp
8055,127458.0,Ramp
8056,125963.0,Ramp
8057,135093.0,Ramp
8058,132804.0,Ramp
8059,128778.0,Ramp
8060,128619.0,Ramp
8061,130550.0,Ramp
8062,133721.0,Ramp
8063,131008.0,Ramp
8064,140592.0,Ramp
8065,126086.0,Ramp
8066,127485.0,Ramp
8067,130732.0,Ramp
8068,134013.0,Ramp
8069,134521.0,Ramp
8070,123439.0,Idle
8071,126586.0,Ramp
8072,129111.0,Ramp
8073,126573.0,Ramp
8074,128548.0,Ramp
8075,125365.0,Ramp
8076,126067.0,Ramp
8077,128614.0,Ramp
8078,127516.0,Ramp
8079,124802.0,Ramp
8080,123607.0,Idle
8081,123395.0,Idle
8082,127287.0,Ramp
8083,125577.0,Ramp
8084,124983.0,Ramp
8085,121426.0,Idle
8086,124028.0,Idle
8087,127552.0,Ramp
8088,127852.0,Ramp
8089,124202.0,Ramp
8090,123133.0,Idle
8091,123069.0,Idle
8092,125840.0,Ramp
8093,122180.0,Idle
8094,121552.0,Idle
8095,119851.0,Idle
8096,122621.0,Idle
8097,125704.0,Ramp
8098,128813.0,Ramp
8099,124354.0,Ramp
8100,122702.0,Idle
8101,148158.0,Cooldown
8102,131458.0,Ramp
8103,126082.0,Ramp
8104,129361.0,Ramp
8105,122622.0,Idle
8106,125623.0,Ramp
8107,128726.0,Ramp
8108,127652.0,Ramp
8109,122409.0,Idle
8110,120652.0,Idle
8111,122948.0,Idle
8112,127114.0,Ramp
8113,124317.0,Ramp
8114,126146.0,Ramp
8115,121030.0,Idle
8116,123771.0,Idle
8117,126570.0,Ramp
8118,126205.0,Ramp
8119,125556.0,Ramp
8120,122385.0,Idle
8121,122319.0,Idle
8122,125165.0,Ramp
8123,123816.0,Idle
8124,125327.0,Ramp
8125,123044.0,Idle
8126,123430.0,Idle
8127,129635.0,Ramp
8128,130137.0,Ramp
8129,125929.0,Ramp
8130,123496.0,Idle
8131,126318.0,Ramp
8132,128355.0,Ramp
8133,123910.0,Idle
8134,128987.0,Ramp
8135,126389.0,Ramp
8136,125158.0,Ramp
8137,127361.0,Ramp
8138,130233.0,Ramp
8139,124918.0,Ramp
8140,124541.0,Ramp
8141,122575.0,Idle
8142,126844.0,Ramp
8143,125835.0,Ramp
8144,127004.0,Ramp
8145,122731.0,Idle
8146,122320.0,Idle
8147,127892.0,Ramp
8148,127933.0,Ramp
8149,124980.0,Ramp
8150,121334.0,Idle
8151,122066.0,Idle
8152,125867.0,Ramp
8153,121826.0,Idle
8154,125041.0,Ramp
8155,129509.0,Ramp
8156,128547.0,Ramp
8157,129350.0,Ramp
8158,130636.0,Ramp
8159,125979.0,Ramp
8160,127210.0,Ramp
8161,151929.0,Cooldown
8162,134503.0,Ramp
8163,131349.0,Ramp
8164,132602.0,Ramp
8165,128689.0,Ramp
8166,128549.0,Ramp
8167,128908.0,Ramp
8168,133607.0,Ramp
8169,126817.0,Ramp
8170,127414.0,Ramp
8171,127675.0,Ramp
8172,132886.0,Ramp
8173,130227.0,Ramp
8174,129060.0,Ramp
8175,128503.0,Ramp
8176,127412.0,Ramp
8177,131202.0,Ramp
8178,134014.0,Ramp
8179,133630.0,Ramp
8180,127999.0,Ramp
8181,125390.0,Ramp
8182,131143.0,Ramp
8183,127411.0,Ramp
8184,127014.0,Ramp
8185,124828.0,Ramp
8186,126338.0,Ramp
8187,132087.0,Ramp
8188,133738.0,Ramp
8189,131235.0,Ramp
8190,127907.0,Ramp
8191,133710.0,Ramp
8192,138003.0,Ramp
8193,132982.0,Ramp
8194,136677.0,Ramp
8195,130884.0,Ramp
8196,133843.0,Ramp
8197,136758.0,Ramp
8198,137567.0,Ramp
8199,131663.0,Ramp
8200,131570.0,Ramp
8201,130890.0,Ramp
8202,133598.0,Ramp
8203,130506.0,Ramp
8204,131301.0,Ramp
8205,127642.0,Ramp
8206,129685.0,Ramp
8207,129683.0,Ramp
8208,130048.0,Ramp
8209,127536.0,Ramp
8210,125340.0,Ramp
8211,126767.0,Ramp
8212,128100.0,Ramp
8213,123693.0,Idle
8214,126191.0,Ramp
8215,125196.0,Ramp
8216,124383.0,Ramp
8217,129434.0,Ramp
8218,133967.0,Ramp
8219,127938.0,Ramp
8220,127554.0,Ramp
8221,149404.0,Cooldown
8222,133133.0,Ramp
8223,127044.0,Ramp
8224,130110.0,Ramp
8225,125880.0,Ramp
8226,127867.0,Ramp
8227,130764.0,Ramp
8228,128490.0,Ramp
8229,129110.0,Ramp
8230,129294.0,Ramp
8231,128726.0,Ramp
8232,132274.0,Ramp
8233,126973.0,Ramp
8234,127818.0,Ramp
8235,123591.0,Idle
8236,127000.0,Ramp
8237,126798.0,Ramp
8238,130096.0,Ramp
8239,124141.0,Idle
8240,124390.0,Ramp
8241,124282.0,Ramp
8242,125956.0,Ramp
8243,123191.0,Idle
8244,124563.0,Ramp
8245,123652.0,Idle
8246,123164.0,Idle
8247,133459.0,Ramp
8248,129480.0,Ramp
8249,127884.0,Ramp
8250,126029.0,Ramp
8251,128114.0,Ramp
8252,128874.0,Ramp
8253,125954.0,Ramp
8254,129478.0,Ramp
8255,125731.0,Ramp
8256,125826.0,Ramp
8257,130766.0,Ramp
8258,130440.0,Ramp
8259,128778.0,Ramp
8260,129522.0,Ramp
8261,127003.0,Ramp
8262,130108.0,Ramp
8263,131969.0,Ramp
8264,131724.0,Ramp
8265,125266.0,Ramp
8266,127999.0,Ramp
8267,131025.0,Ramp
8268,132389.0,Ramp
8269,127603.0,Ramp
8270,127444.0,Ramp
8271,124769.0,Ramp
8272,126846.0,Ramp
8273,124630.0,Ramp
8274,124355.0,Ramp
8275,122924.0,Idle
8276,126608.0,Ramp
8277,128837.0,Ramp
8278,130844.0,Ramp
8279,127373.0,Ramp
8280,125279.0,Ramp
8281,148068.0,Cooldown
8282,133567.0,Ramp
8283,126089.0,Ramp
8284,127830.0,Ramp
8285,125107.0,Ramp
8286,126084.0,Ramp
8287,127409.0,Ramp
8288,129763.0,Ramp
8289,123708.0,Idle
8290,125604.0,Ramp
8291,124104.0,Idle
8292,126441.0,Ramp
8293,124848.0,Ramp
8294,126693.0,Ramp
8295,122448.0,Idle
8296,122057.0,Idle
8297,126856.0,Ramp
8298,126176.0,Ramp
8299,122321.0,Idle
8300,123484.0,Idle
8301,122634.0,Idle
8302,124786.0,Ramp
8303,122529.0,Idle
8304,124072.0,Idle
8305,122909.0,Idle
8306,121820.0,Idle
8307,125775.0,Ramp
8308,125917.0,Ramp
8309,122571.0,Idle
8310,119032.0,Idle
8311,122148.0,Idle
8312,125935.0,Ramp
8313,121538.0,Idle
8314,122182.0,Idle
8315,119758.0,Idle
8316,120806.0,Idle
8317,124565.0,Ramp
8318,124540.0,Ramp
8319,124209.0,Ramp
8320,122741.0,Idle
8321,121350.0,Idle
8322,122873.0,Idle
8323,130619.0,Ramp
8324,124358.0,Ramp
8325,119326.0,Idle
8326,125852.0,Ramp
8327,125588.0,Ramp
8328,127297.0,Ramp
8329,122969.0,Idle
8330,122286.0,Idle
8331,120014.0,Idle
8332,123170.0,Idle
8333,120287.0,Idle
8334,123921.0,Idle
8335,121084.0,Idle
8336,122392.0,Idle
8337,126423.0,Ramp
8338,128156.0,Ramp
8339,125794.0,Ramp
8340,122262.0,Idle
8341,143126.0,Ramp
8342,125438.0,Ramp
8343,122069.0,Idle
8344,124835.0,Ramp
8345,120803.0,Idle
8346,123540.0,Idle
8347,125692.0,Ramp
8348,126235.0,Ramp
8349,123938.0,Idle
8350,123762.0,Idle
8351,121400.0,Idle
8352,124559.0,Ramp
8353,124041.0,Idle
8354,123481.0,Idle
8355,124071.0,Idle
8356,122970.0,Idle
8357,124335.0,Ramp
8358,126371.0,Ramp
8359,122266.0,Idle
8360,122667.0,Idle
8361,124911.0,Ramp
8362,124611.0,Ramp
8363,118988.0,Idle
8364,123724.0,Idle
8365,121096.0,Idle
8366,124071.0,Idle
8367,127212.0,Ramp
8368,126855.0,Ramp
8369,125277.0,Ramp
8370,123066.0,Idle
8371,124120.0,Idle
8372,123708.0,Idle
8373,120902.0,Idle
8374,123162.0,Idle
8375,119474.0,Idle
8376,121416.0,Idle
8377,124901.0,Ramp
8378,125559.0,Ramp
8379,119842.0,Idle
8380,120106.0,Idle
8381,119763.0,Idle
8382,122484.0,Idle
8383,121343.0,Idle
8384,121762.0,Idle
8385,117486.0,Idle
8386,120411.0,Idle
8387,123087.0,Idle
8388,124188.0,Ramp
8389,120166.0,Idle
8390,118489.0,Idle
8391,117899.0,Idle
8392,121889.0,Idle
8393,119497.0,Idle
8394,120216.0,Idle
8395,118930.0,Idle
8396,118990.0,Idle
8397,123445.0,Idle
8398,124073.0,Idle
8399,120036.0,Idle
8400,117667.0,Idle
8401,142025.0,Ramp
8402,125357.0,Ramp
8403,121161.0,Idle
8404,124146.0,Idle
8405,120155.0,Idle
8406,123408.0,Idle
8407,126860.0,Ramp
8408,127904.0,Ramp
8409,122667.0,Idle
8410,120493.0,Idle
8411,119560.0,Idle
8412,121988.0,Idle
8413,121452.0,Idle
8414,122144.0,Idle
8415,118769.0,Idle
8416,120319.0,Idle
8417,124514.0,Ramp
8418,124796.0,Ramp
8419,120914.0,Idle
8420,122322.0,Idle
8421,120661.0,Idle
8422,122759.0,Idle
8423,120793.0,Idle
8424,120745.0,Idle
8425,119651.0,Idle
8426,120364.0,Idle
8427,125095.0,Ramp
8428,125008.0,Ramp
8429,118314.0,Idle
8430,118536.0,Idle
8431,119127.0,Idle
8432,123288.0,Idle
8433,119165.0,Idle
8434,121304.0,Idle
8435,120437.0,Idle
8436,118399.0,Idle
8437,120706.0,Idle
8438,124024.0,Idle
8439,117039.0,Idle
8440,118842.0,Idle
8441,117585.0,Idle
8442,121486.0,Idle
8443,122093.0,Idle
8444,121852.0,Idle
8445,118119.0,Idle
8446,121080.0,Idle
8447,123974.0,Idle
8448,122686.0,Idle
8449,122115.0,Idle
8450,121712.0,Idle
8451,119742.0,Idle
8452,121435.0,Idle
8453,118377.0,Idle
8454,121512.0,Idle
8455,118702.0,Idle
8456,118680.0,Idle
8457,123635.0,Idle
8458,125793.0,Ramp
8459,118447.0,Idle
8460,119103.0,Idle
8461,139491.0,Ramp
8462,126477.0,Ramp
8463,120641.0,Idle
8464,122956.0,Idle
8465,120554.0,Idle
8466,123014.0,Idle
8467,126088.0,Ramp
8468,127266.0,Ramp
8469,123080.0,Idle
8470,125337.0,Ramp
8471,129808.0,Ramp
8472,135349.0,Ramp
8473,131863.0,Ramp
8474,131600.0,Ramp
8475,129272.0,Ramp
8476,130314.0,Ramp
8477,131497.0,Ramp
8478,132430.0,Ramp
8479,132024.0,Ramp
8480,126015.0,Ramp
8481,124335.0,Ramp
8482,123313.0,Idle
8483,121723.0,Idle
8484,122457.0,Idle
8485,120945.0,Idle
8486,122811.0,Idle
8487,125041.0,Ramp
8488,123725.0,Idle
8489,119553.0,Idle
8490,118776.0,Idle
8491,121065.0,Idle
8492,121594.0,Idle
8493,120572.0,Idle
8494,121461.0,Idle
8495,121430.0,Idle
8496,122908.0,Idle
8497,125515.0,Ramp
8498,123616.0,Idle
8499,120382.0,Idle
8500,118267.0,Idle
8501,117105.0,Idle
8502,123678.0,Idle
8503,123204.0,Idle
8504,123385.0,Idle
8505,118160.0,Idle
8506,120325.0,Idle
8507,122705.0,Idle
8508,123433.0,Idle
8509,119167.0,Idle
8510,118666.0,Idle
8511,116183.0,Idle
8512,116932.0,Idle
8513,114726.0,Idle
8514,114924.0,Idle
8515,114565.0,Idle
8516,116238.0,Idle
8517,119994.0,Idle
8518,121781.0,Idle
8519,119237.0,Idle
8520,116716.0,Idle
8521,144555.0,Ramp
8522,128315.0,Ramp
8523,122547.0,Idle
8524,124038.0,Idle
8525,120843.0,Idle
8526,120729.0,Idle
8527,123352.0,Idle
8528,124975.0,Ramp
8529,120541.0,Idle
8530,119357.0,Idle
8531,117680.0,Idle
8532,120315.0,Idle
8533,118818.0,Idle
8534,119702.0,Idle
8535,114534.0,Idle
8536,119057.0,Idle
8537,118572.0,Idle
8538,119736.0,Idle
8539,117037.0,Idle
8540,116632.0,Idle
8541,116529.0,Idle
8542,117695.0,Idle
8543,116044.0,Idle
8544,117174.0,Idle
8545,112996.0,Idle
8546,116140.0,Idle
8547,118216.0,Idle
8548,121442.0,Idle
8549,118430.0,Idle
8550,115557.0,Idle
8551,119150.0,Idle
8552,118146.0,Idle
8553,115712.0,Idle
8554,117758.0,Idle
8555,114904.0,Idle
8556,117877.0,Idle
8557,119081.0,Idle
8558,120912.0,Idle
8559,118997.0,Idle
8560,118154.0,Idle
8561,116936.0,Idle
8562,117379.0,Idle
8563,119478.0,Idle
8564,118386.0,Idle
8565,114021.0,Idle
8566,116071.0,Idle
8567,119247.0,Idle
8568,123983.0,Idle
8569,119067.0,Idle
8570,117125.0,Idle
8571,115940.0,Idle
8572,118242.0,Idle
8573,116310.0,Idle
8574,117436.0,Idle
8575,114714.0,Idle
8576,116788.0,Idle
8577,118759.0,Idle
8578,121410.0,Idle
8579,117109.0,Idle
8580,115221.0,Idle
8581,139023.0,Ramp
8582,121405.0,Idle
8583,117328.0,Idle
8584,118512.0,Idle
8585,113622.0,Idle
8586,116288.0,Idle
8587,116946.0,Idle
8588,122026.0,Idle
8589,116586.0,Idle
8590,115009.0,Idle
8591,113488.0,Idle
8592,117662.0,Idle
8593,116228.0,Idle
8594,117819.0,Idle
8595,112427.0,Idle
8596,114432.0,Idle
8597,117613.0,Idle
8598,118243.0,Idle
8599,116013.0,Idle
8600,115702.0,Idle
8601,113529.0,Idle
8602,117804.0,Idle
8603,113229.0,Idle
8604,115654.0,Idle
8605,114269.0,Idle
8606,116518.0,Idle
8607,118206.0,Idle
8608,118537.0,Idle
8609,117975.0,Idle
8610,112473.0,Idle
8611,117759.0,Idle
8612,115437.0,Idle
8613,112534.0,Idle
8614,114289.0,Idle
8615,110605.0,Idle
8616,112842.0,Idle
8617,114733.0,Idle
8618,116615.0,Idle
8619,111527.0,Idle
8620,111356.0,Idle
8621,111573.0,Idle
8622,116416.0,Idle
8623,113393.0,Idle
8624,115279.0,Idle
8625,109652.0,Idle
8626,114190.0,Idle
8627,116220.0,Idle
8628,116608.0,Idle
8629,113289.0,Idle
8630,112212.0,Idle
8631,112476.0,Idle
8632,114160.0,Idle
8633,111611.0,Idle
8634,112548.0,Idle
8635,111926.0,Idle
8636,117651.0,Idle
8637,119737.0,Idle
8638,120362.0,Idle
8639,117393.0,Idle
8640,115254.0,Idle
8641,147401.0,Cooldown
8642,125533.0,Ramp
8643,122152.0,Idle
8644,122036.0,Idle
8645,118956.0,Idle
8646,118586.0,Idle
8647,117037.0,Idle
8648,121958.0,Idle
8649,118603.0,Idle
8650,117450.0,Idle
8651,116637.0,Idle
8652,118175.0,Idle
8653,118075.0,Idle
8654,118929.0,Idle
8655,112121.0,Idle
8656,116284.0,Idle
8657,119561.0,Idle
8658,119807.0,Idle
8659,117273.0,Idle
8660,113827.0,Idle
8661,114577.0,Idle
8662,116944.0,Idle
8663,114036.0,Idle
8664,125355.0,Ramp
8665,113460.0,Idle
8666,114818.0,Idle
8667,118549.0,Idle
8668,118864.0,Idle
8669,116865.0,Idle
8670,113292.0,Idle
8671,116268.0,Idle
8672,118212.0,Idle
8673,114534.0,Idle
8674,117347.0,Idle
8675,115288.0,Idle
8676,118453.0,Idle
8677,118018.0,Idle
8678,120370.0,Idle
8679,116184.0,Idle
8680,115778.0,Idle
8681,115549.0,Idle
8682,115314.0,Idle
8683,114251.0,Idle
8684,115517.0,Idle
8685,112589.0,Idle
8686,117513.0,Idle
8687,117367.0,Idle
8688,116112.0,Idle
8689,113611.0,Idle
8690,111021.0,Idle
8691,112735.0,Idle
8692,112684.0,Idle
8693,111978.0,Idle
8694,111693.0,Idle
8695,111576.0,Idle
8696,114940.0,Idle
8697,114634.0,Idle
8698,114968.0,Idle
8699,113502.0,Idle
8700,112001.0,Idle
8701,135995.0,Ramp
8702,118134.0,Idle
8703,112581.0,Idle
8704,114642.0,Idle
8705,113550.0,Idle
8706,119260.0,Idle
8707,120939.0,Idle
8708,122914.0,Idle
8709,117595.0,Idle
8710,116965.0,Idle
8711,118161.0,Idle
8712,119221.0,Idle
8713,118924.0,Idle
8714,120017.0,Idle
8715,114437.0,Idle
8716,119887.0,Idle
8717,119058.0,Idle
8718,120073.0,Idle
8719,116894.0,Idle
8720,114413.0,Idle
8721,116656.0,Idle
8722,116259.0,Idle
8723,114521.0,Idle
8724,114820.0,Idle
8725,114363.0,Idle
8726,119005.0,Idle
8727,121620.0,Idle
8728,123137.0,Idle
8729,122761.0,Idle
8730,117779.0,Idle
8731,122771.0,Idle
8732,121581.0,Idle
8733,117584.0,Idle
8734,118441.0,Idle
8735,114033.0,Idle
8736,117807.0,Idle
8737,117027.0,Idle
8738,121177.0,Idle
8739,119024.0,Idle
8740,114178.0,Idle
8741,116409.0,Idle
8742,120780.0,Idle
8743,117671.0,Idle
8744,118088.0,Idle
8745,115804.0,Idle
8746,127023.0,Ramp
8747,126404.0,Ramp
8748,125471.0,Ramp
8749,120920.0,Idle
8750,117121.0,Idle
8751,122770.0,Idle
8752,121398.0,Idle
8753,120115.0,Idle
8754,120678.0,Idle
8755,113652.0,Idle
8756,119114.0,Idle
8757,116249.0,Idle
8758,117730.0,Idle
8759,115798.0,Idle
8760,112319.0,Idle
8761,140794.0,Ramp
8762,123996.0,Idle
8763,115272.0,Idle
8764,115895.0,Idle
8765,113079.0,Idle
8766,117668.0,Idle
8767,118523.0,Idle
8768,119914.0,Idle
8769,114783.0,Idle
8770,111807.0,Idle
8771,114838.0,Idle
8772,115495.0,Idle
8773,114684.0,Idle
8774,117490.0,Idle
8775,110038.0,Idle
8776,114791.0,Idle
8777,115762.0,Idle
8778,116816.0,Idle
8779,113810.0,Idle
8780,109144.0,Idle
8781,111958.0,Idle
8782,111054.0,Idle
8783,109114.0,Idle
8784,111235.0,Idle
8785,110008.0,Idle
8786,113086.0,Idle
8787,116815.0,Idle
8788,115236.0,Idle
8789,114075.0,Idle
8790,107239.0,Idle
8791,113330.0,Idle
8792,113203.0,Idle
8793,111084.0,Idle
8794,113625.0,Idle
8795,107856.0,Idle
8796,112090.0,Idle
8797,113639.0,Idle
8798,112733.0,Idle
8799,109869.0,Idle
8800,108876.0,Idle
8801,112980.0,Idle
8802,114461.0,Idle
8803,111669.0,Idle
8804,113696.0,Idle
8805,107230.0,Idle
8806,117097.0,Idle
8807,114329.0,Idle
8808,116430.0,Idle
8809,111018.0,Idle
8810,108256.0,Idle
8811,112025.0,Idle
8812,110380.0,Idle
8813,107056.0,Idle
8814,109056.0,Idle
8815,106501.0,Idle
8816,112984.0,Idle
8817,113151.0,Idle
8818,113958.0,Idle
8819,112851.0,Idle
8820,108464.0,Idle
8821,141209.0,Ramp
8822,125200.0,Ramp
8823,112681.0,Idle
8824,113976.0,Idle
8825,110096.0,Idle
8826,116052.0,Idle
8827,114334.0,Idle
8828,114399.0,Idle
8829,110091.0,Idle
8830,107614.0,Idle
8831,112861.0,Idle
8832,116130.0,Idle
8833,110009.0,Idle
8834,112646.0,Idle
8835,106528.0,Idle
8836,113218.0,Idle
8837,112829.0,Idle
8838,111368.0,Idle
8839,109601.0,Idle
8840,106439.0,Idle
8841,110939.0,Idle
8842,110042.0,Idle
8843,107409.0,Idle
8844,108173.0,Idle
8845,104347.0,Idle
8846,111588.0,Idle
8847,113066.0,Idle
8848,111829.0,Idle
8849,113172.0,Idle
8850,106990.0,Idle
8851,113478.0,Idle
8852,113497.0,Idle
8853,108119.0,Idle
8854,108708.0,Idle
8855,106138.0,Idle
8856,112242.0,Idle
8857,113005.0,Idle
8858,111938.0,Idle
8859,108566.0,Idle
8860,107820.0,Idle
8861,111195.0,Idle
8862,112169.0,Idle
8863,111362.0,Idle
8864,111365.0,Idle
8865,104846.0,Idle
8866,113269.0,Idle
8867,113560.0,Idle
8868,114234.0,Idle
8869,109292.0,Idle
8870,106964.0,Idle
8871,111794.0,Idle
8872,109057.0,Idle
8873,106362.0,Idle
8874,107981.0,Idle
8875,104168.0,Idle
8876,110406.0,Idle
8877,111576.0,Idle
8878,112428.0,Idle
8879,111008.0,Idle
8880,107610.0,Idle
8881,153733.0,Cooldown
8882,126493.0,Ramp
8883,110935.0,Idle
8884,113504.0,Idle
8885,109659.0,Idle
8886,113547.0,Idle
8887,113795.0,Idle
8888,116373.0,Idle
8889,110526.0,Idle
8890,111251.0,Idle
8891,112104.0,Idle
8892,112916.0,Idle
8893,110011.0,Idle
8894,112498.0,Idle
8895,106306.0,Idle
8896,114357.0,Idle
8897,115277.0,Idle
8898,116690.0,Idle
8899,111861.0,Idle
8900,109569.0,Idle
8901,111634.0,Idle
8902,110689.0,Idle
8903,109139.0,Idle
8904,111285.0,Idle
8905,106811.0,Idle
8906,114588.0,Idle
8907,111983.0,Idle
8908,117115.0,Idle
8909,111704.0,Idle
8910,106352.0,Idle
8911,113048.0,Idle
8912,112082.0,Idle
8913,107994.0,Idle
8914,111043.0,Idle
8915,106037.0,Idle
8916,112189.0,Idle
8917,111342.0,Idle
8918,111389.0,Idle
8919,115354.0,Idle
8920,109955.0,Idle
8921,111237.0,Idle
8922,110826.0,Idle
8923,108550.0,Idle
8924,112514.0,Idle
8925,107508.0,Idle
8926,115810.0,Idle
8927,111307.0,Idle
8928,109671.0,Idle
8929,109697.0,Idle
8930,106568.0,Idle
8931,111233.0,Idle
8932,108946.0,Idle
8933,107558.0,Idle
8934,108510.0,Idle
8935,106107.0,Idle
8936,111337.0,Idle
8937,109628.0,Idle
8938,108480.0,Idle
8939,111617.0,Idle
8940,106979.0,Idle
8941,148228.0,Cooldown
8942,120619.0,Idle
8943,111301.0,Idle
8944,111232.0,Idle
8945,110274.0,Idle
8946,114672.0,Idle
8947,115481.0,Idle
8948,112231.0,Idle
8949,113410.0,Idle
8950,111503.0,Idle
8951,115048.0,Idle
8952,112062.0,Idle
8953,109471.0,Idle
8954,115034.0,Idle
8955,109520.0,Idle
8956,113266.0,Idle
8957,112461.0,Idle
8958,111404.0,Idle
8959,111991.0,Idle
8960,110713.0,Idle
8961,113779.0,Idle
8962,112067.0,Idle
8963,110609.0,Idle
8964,113172.0,Idle
8965,108898.0,Idle
8966,114195.0,Idle
8967,111821.0,Idle
8968,111980.0,Idle
8969,115687.0,Idle
8970,111656.0,Idle
8971,116270.0,Idle
8972,113755.0,Idle
8973,110574.0,Idle
8974,114300.0,Idle
8975,110107.0,Idle
8976,112557.0,Idle
8977,109980.0,Idle
8978,109204.0,Idle
8979,112056.0,Idle
8980,111346.0,Idle
8981,113398.0,Idle
8982,111926.0,Idle
8983,111842.0,Idle
8984,117030.0,Idle
8985,111803.0,Idle
8986,117582.0,Idle
8987,114865.0,Idle
8988,112686.0,Idle
8989,115321.0,Idle
8990,111075.0,Idle
8991,113255.0,Idle
8992,113428.0,Idle
8993,110345.0,Idle
8994,114355.0,Idle
8995,110038.0,Idle
8996,112663.0,Idle
8997,113727.0,Idle
8998,110673.0,Idle
8999,116276.0,Idle
9000,111206.0,Idle
9001,146342.0,Cooldown
9002,125781.0,Ramp
9003,114854.0,Idle
9004,117645.0,Idle
9005,113433.0,Idle
9006,117495.0,Idle
9007,114566.0,Idle
9008,114605.0,Idle
9009,115164.0,Idle
9010,113363.0,Idle
9011,115380.0,Idle
9012,115327.0,Idle
9013,113801.0,Idle
9014,116803.0,Idle
9015,112900.0,Idle
9016,116165.0,Idle
9017,116482.0,Idle
9018,115297.0,Idle
9019,114485.0,Idle
9020,112616.0,Idle
9021,117862.0,Idle
9022,116608.0,Idle
9023,118251.0,Idle
9024,117457.0,Idle
9025,115700.0,Idle
9026,121736.0,Idle
9027,119249.0,Idle
9028,120268.0,Idle
9029,123896.0,Idle
9030,116501.0,Idle
9031,123328.0,Idle
9032,121240.0,Idle
9033,119897.0,Idle
9034,115780.0,Idle
9035,111804.0,Idle
9036,116594.0,Idle
9037,115946.0,Idle
9038,116090.0,Idle
9039,115934.0,Idle
9040,115501.0,Idle
9041,115991.0,Idle
9042,117515.0,Idle
9043,118166.0,Idle
9044,118557.0,Idle
9045,113007.0,Idle
9046,119540.0,Idle
9047,118705.0,Idle
9048,117275.0,Idle
9049,118550.0,Idle
9050,115551.0,Idle
9051,119055.0,Idle
9052,117828.0,Idle
9053,115709.0,Idle
9054,117880.0,Idle
9055,114989.0,Idle
9056,120404.0,Idle
9057,119430.0,Idle
9058,116965.0,Idle
9059,121309.0,Idle
9060,116243.0,Idle
9061,147551.0,Cooldown
9062,127088.0,Ramp
9063,121402.0,Idle
9064,124181.0,Ramp
9065,121565.0,Idle
9066,123642.0,Idle
9067,124754.0,Ramp
9068,125771.0,Ramp
9069,126946.0,Ramp
9070,125887.0,Ramp
9071,125338.0,Ramp
9072,124985.0,Ramp
9073,125769.0,Ramp
9074,127669.0,Ramp
9075,120779.0,Idle
9076,126837.0,Ramp
9077,124947.0,Ramp
9078,124529.0,Ramp
9079,126736.0,Ramp
9080,122140.0,Idle
9081,125564.0,Ramp
9082,127007.0,Ramp
9083,123491.0,Idle
9084,122587.0,Idle
9085,122548.0,Idle
9086,124157.0,Idle
9087,124938.0,Ramp
9088,123094.0,Idle
9089,125408.0,Ramp
9090,121475.0,Idle
9091,127458.0,Ramp
9092,125054.0,Ramp
9093,123263.0,Idle
9094,124894.0,Ramp
9095,120515.0,Idle
9096,124391.0,Ramp
9097,122066.0,Idle
9098,120331.0,Idle
9099,121993.0,Idle
9100,118402.0,Idle
9101,121525.0,Idle
9102,121552.0,Idle
9103,122225.0,Idle
9104,123514.0,Idle
9105,121154.0,Idle
9106,125078.0,Ramp
9107,123514.0,Idle
9108,122269.0,Idle
9109,123344.0,Idle
9110,121712.0,Idle
9111,122893.0,Idle
9112,126423.0,Ramp
9113,122196.0,Idle
9114,123749.0,Idle
9115,119498.0,Idle
9116,121452.0,Idle
9117,122717.0,Idle
9118,119827.0,Idle
9119,124107.0,Idle
9120,119678.0,Idle
9121,146618.0,Cooldown
9122,124955.0,Ramp
9123,123241.0,Idle
9124,125548.0,Ramp
9125,123080.0,Idle
9126,125955.0,Ramp
9127,124897.0,Ramp
9128,122929.0,Idle
9129,125409.0,Ramp
9130,123200.0,Idle
9131,123557.0,Idle
9132,125691.0,Ramp
9133,123885.0,Idle
9134,129028.0,Ramp
9135,123471.0,Idle
9136,126541.0,Ramp
9137,127115.0,Ramp
9138,124690.0,Ramp
9139,125803.0,Ramp
9140,121709.0,Idle
9141,121358.0,Idle
9142,122497.0,Idle
9143,121029.0,Idle
9144,120438.0,Idle
9145,119182.0,Idle
9146,122403.0,Idle
9147,122255.0,Idle
9148,119902.0,Idle
9149,125919.0,Ramp
9150,120005.0,Idle
9151,123720.0,Idle
9152,122072.0,Idle
9153,116293.0,Idle
9154,120532.0,Idle
9155,117588.0,Idle
9156,121359.0,Idle
9157,121265.0,Idle
9158,119585.0,Idle
9159,121168.0,Idle
9160,119376.0,Idle
9161,118790.0,Idle
9162,122637.0,Idle
9163,119642.0,Idle
9164,123269.0,Idle
9165,117098.0,Idle
9166,119085.0,Idle
9167,121330.0,Idle
9168,116993.0,Idle
9169,120233.0,Idle
9170,115923.0,Idle
9171,119599.0,Idle
9172,120886.0,Idle
9173,117092.0,Idle
9174,119121.0,Idle
9175,115318.0,Idle
9176,120211.0,Idle
9177,119310.0,Idle
9178,117099.0,Idle
9179,120758.0,Idle
9180,116944.0,Idle
9181,145444.0,Ramp
9182,130114.0,Ramp
9183,122282.0,Idle
9184,121269.0,Idle
9185,118116.0,Idle
9186,121432.0,Idle
9187,121038.0,Idle
9188,120873.0,Idle
9189,121607.0,Idle
9190,120051.0,Idle
9191,124010.0,Idle
9192,123431.0,Idle
9193,123134.0,Idle
9194,127359.0,Ramp
9195,129266.0,Ramp
9196,131744.0,Ramp
9197,135183.0,Ramp
9198,124193.0,Ramp
9199,121202.0,Idle
9200,118791.0,Idle
9201,122605.0,Idle
9202,125320.0,Ramp
9203,125325.0,Ramp
9204,125617.0,Ramp
9205,119574.0,Idle
9206,123728.0,Idle
9207,123945.0,Idle
9208,119732.0,Idle
9209,121769.0,Idle
9210,120693.0,Idle
9211,127219.0,Ramp
9212,127802.0,Ramp
9213,122546.0,Idle
9214,121488.0,Idle
9215,118192.0,Idle
9216,122024.0,Idle
9217,126756.0,Ramp
9218,125404.0,Ramp
9219,123490.0,Idle
9220,122092.0,Idle
9221,121140.0,Idle
9222,124515.0,Ramp
9223,121806.0,Idle
9224,120673.0,Idle
9225,118322.0,Idle
9226,122003.0,Idle
9227,126896.0,Ramp
9228,126002.0,Ramp
9229,121119.0,Idle
9230,115648.0,Idle
9231,122272.0,Idle
9232,121531.0,Idle
9233,120125.0,Idle
9234,119907.0,Idle
9235,116393.0,Idle
9236,122955.0,Idle
9237,128559.0,Ramp
9238,127039.0,Ramp
9239,123184.0,Idle
9240,119485.0,Idle
9241,150185.0,Cooldown
9242,130618.0,Ramp
9243,123887.0,Idle
9244,123539.0,Idle
9245,118783.0,Idle
9246,125086.0,Ramp
9247,126772.0,Ramp
9248,127580.0,Ramp
9249,123814.0,Idle
9250,120575.0,Idle
9251,122888.0,Idle
9252,125995.0,Ramp
9253,123945.0,Idle
9254,122623.0,Idle
9255,121004.0,Idle
9256,126500.0,Ramp
9257,129017.0,Ramp
9258,127434.0,Ramp
9259,122526.0,Idle
9260,119897.0,Idle
9261,126136.0,Ramp
9262,127716.0,Ramp
9263,125567.0,Ramp
9264,122694.0,Idle
9265,119268.0,Idle
9266,124446.0,Ramp
9267,128598.0,Ramp
9268,127399.0,Ramp
9269,122820.0,Idle
9270,120605.0,Idle
9271,128182.0,Ramp
9272,126208.0,Ramp
9273,122734.0,Idle
9274,121164.0,Idle
9275,118375.0,Idle
9276,123799.0,Idle
9277,126021.0,Ramp
9278,126071.0,Ramp
9279,121568.0,Idle
9280,120291.0,Idle
9281,124250.0,Ramp
9282,125600.0,Ramp
9283,122819.0,Idle
9284,125366.0,Ramp
9285,119058.0,Idle
9286,126099.0,Ramp
9287,128391.0,Ramp
9288,128053.0,Ramp
9289,121841.0,Idle
9290,117861.0,Idle
9291,123795.0,Idle
9292,124454.0,Ramp
9293,122933.0,Idle
9294,122421.0,Idle
9295,118386.0,Idle
9296,125517.0,Ramp
9297,125896.0,Ramp
9298,123290.0,Idle
9299,122345.0,Idle
9300,119664.0,Idle
9301,148843.0,Cooldown
9302,130827.0,Ramp
9303,126765.0,Ramp
9304,125515.0,Ramp
9305,122844.0,Idle
9306,128928.0,Ramp
9307,129374.0,Ramp
9308,130207.0,Ramp
9309,124638.0,Ramp
9310,122305.0,Idle
9311,124252.0,Ramp
9312,128835.0,Ramp
9313,124767.0,Ramp
9314,123905.0,Idle
9315,118972.0,Idle
9316,125553.0,Ramp
9317,125473.0,Ramp
9318,127160.0,Ramp
9319,121037.0,Idle
9320,118950.0,Idle
9321,124995.0,Ramp
9322,124383.0,Ramp
9323,121533.0,Idle
9324,118758.0,Idle
9325,116723.0,Idle
9326,126054.0,Ramp
9327,128172.0,Ramp
9328,126115.0,Ramp
9329,125493.0,Ramp
9330,125149.0,Ramp
9331,126234.0,Ramp
9332,127110.0,Ramp
9333,123100.0,Idle
9334,123100.0,Idle
9335,120093.0,Idle
9336,123897.0,Idle
9337,126204.0,Ramp
9338,126478.0,Ramp
9339,120536.0,Idle
9340,119355.0,Idle
9341,123225.0,Idle
9342,125640.0,Ramp
9343,124562.0,Ramp
9344,127310.0,Ramp
9345,121432.0,Idle
9346,125249.0,Ramp
9347,128491.0,Ramp
9348,127908.0,Ramp
9349,124591.0,Ramp
9350,118407.0,Idle
9351,124791.0,Ramp
9352,122755.0,Idle
9353,121764.0,Idle
9354,118766.0,Idle
9355,118524.0,Idle
9356,124370.0,Ramp
9357,129897.0,Ramp
9358,129355.0,Ramp
9359,124596.0,Ramp
9360,123608.0,Idle
9361,154626.0,Cooldown
9362,132500.0,Ramp
9363,134736.0,Ramp
9364,129219.0,Ramp
9365,124325.0,Ramp
9366,131429.0,Ramp
9367,132247.0,Ramp
9368,131878.0,Ramp
9369,127879.0,Ramp
9370,123771.0,Idle
9371,127341.0,Ramp
9372,131001.0,Ramp
9373,129928.0,Ramp
9374,128109.0,Ramp
9375,123846.0,Idle
9376,128821.0,Ramp
9377,130854.0,Ramp
9378,128179.0,Ramp
9379,121413.0,Idle
9380,120421.0,Idle
9381,123254.0,Idle
9382,123856.0,Idle
9383,118876.0,Idle
9384,119464.0,Idle
9385,115202.0,Idle
9386,121854.0,Idle
9387,129118.0,Ramp
9388,127067.0,Ramp
9389,125022.0,Ramp
9390,118898.0,Idle
9391,127560.0,Ramp
9392,126436.0,Ramp
9393,125317.0,Ramp
9394,122877.0,Idle
9395,118629.0,Idle
9396,123894.0,Idle
9397,128367.0,Ramp
9398,127019.0,Ramp
9399,123985.0,Idle
9400,120899.0,Idle
9401,125900.0,Ramp
9402,127004.0,Ramp
9403,127111.0,Ramp
9404,123043.0,Idle
9405,119588.0,Idle
9406,126659.0,Ramp
9407,131930.0,Ramp
9408,129330.0,Ramp
9409,124193.0,Ramp
9410,120011.0,Idle
9411,125581.0,Ramp
9412,124765.0,Ramp
9413,125638.0,Ramp
9414,122735.0,Idle
9415,120025.0,Idle
9416,128633.0,Ramp
9417,136208.0,Ramp
9418,132814.0,Ramp
9419,129680.0,Ramp
9420,121928.0,Idle
9421,153848.0,Cooldown
9422,134816.0,Ramp
9423,127936.0,Ramp
9424,128055.0,Ramp
9425,122427.0,Idle
9426,131042.0,Ramp
9427,133796.0,Ramp
9428,134777.0,Ramp
9429,130102.0,Ramp
9430,127582.0,Ramp
9431,128600.0,Ramp
9432,131009.0,Ramp
9433,130666.0,Ramp
9434,130883.0,Ramp
9435,126996.0,Ramp
9436,130271.0,Ramp
9437,134249.0,Ramp
9438,135277.0,Ramp
9439,130932.0,Ramp
9440,126505.0,Ramp
9441,131825.0,Ramp
9442,132811.0,Ramp
9443,127654.0,Ramp
9444,125012.0,Ramp
9445,124354.0,Ramp
9446,129628.0,Ramp
9447,128807.0,Ramp
9448,132201.0,Ramp
9449,127165.0,Ramp
9450,124238.0,Ramp
9451,131243.0,Ramp
9452,130113.0,Ramp
9453,127233.0,Ramp
9454,127095.0,Ramp
9455,122306.0,Idle
9456,129411.0,Ramp
9457,130349.0,Ramp
9458,131124.0,Ramp
9459,123836.0,Idle
9460,122737.0,Idle
9461,125726.0,Ramp
9462,127871.0,Ramp
9463,126940.0,Ramp
9464,125856.0,Ramp
9465,123751.0,Idle
9466,130450.0,Ramp
9467,131237.0,Ramp
9468,133265.0,Ramp
9469,125503.0,Ramp
9470,122006.0,Idle
9471,126549.0,Ramp
9472,128857.0,Ramp
9473,126225.0,Ramp
9474,124746.0,Ramp
9475,122723.0,Idle
9476,128782.0,Ramp
9477,132216.0,Ramp
9478,130417.0,Ramp
9479,126010.0,Ramp
9480,123476.0,Idle
9481,152755.0,Cooldown
9482,136905.0,Ramp
9483,129838.0,Ramp
9484,127492.0,Ramp
9485,123702.0,Idle
9486,130255.0,Ramp
9487,134463.0,Ramp
9488,132631.0,Ramp
9489,126745.0,Ramp
9490,125144.0,Ramp
9491,131662.0,Ramp
9492,137765.0,Ramp
9493,132373.0,Ramp
9494,129675.0,Ramp
9495,129400.0,Ramp
9496,133760.0,Ramp
9497,135138.0,Ramp
9498,131821.0,Ramp
9499,127890.0,Ramp
9500,124686.0,Ramp
9501,126117.0,Ramp
9502,127063.0,Ramp
9503,124542.0,Ramp
9504,123516.0,Idle
9505,124073.0,Idle
9506,129230.0,Ramp
9507,133371.0,Ramp
9508,129954.0,Ramp
9509,129385.0,Ramp
9510,124801.0,Ramp
9511,133188.0,Ramp
9512,132415.0,Ramp
9513,127534.0,Ramp
9514,126443.0,Ramp
9515,121939.0,Idle
9516,125950.0,Ramp
9517,127755.0,Ramp
9518,131536.0,Ramp
9519,126949.0,Ramp
9520,124636.0,Ramp
9521,129296.0,Ramp
9522,130298.0,Ramp
9523,129311.0,Ramp
9524,129271.0,Ramp
9525,125412.0,Ramp
9526,130144.0,Ramp
9527,132037.0,Ramp
9528,131762.0,Ramp
9529,127783.0,Ramp
9530,123409.0,Idle
9531,127778.0,Ramp
9532,127707.0,Ramp
9533,124451.0,Ramp
9534,123495.0,Idle
9535,122946.0,Idle
9536,128264.0,Ramp
9537,131542.0,Ramp
9538,129437.0,Ramp
9539,126225.0,Ramp
9540,123392.0,Idle
9541,152126.0,Cooldown
9542,135503.0,Ramp
9543,128048.0,Ramp
9544,126757.0,Ramp
9545,124781.0,Ramp
9546,129499.0,Ramp
9547,133138.0,Ramp
9548,132658.0,Ramp
9549,126573.0,Ramp
9550,124876.0,Ramp
9551,129544.0,Ramp
9552,130993.0,Ramp
9553,127938.0,Ramp
9554,128048.0,Ramp
9555,126095.0,Ramp
9556,130815.0,Ramp
9557,133795.0,Ramp
9558,133087.0,Ramp
9559,127022.0,Ramp
9560,126001.0,Ramp
9561,130492.0,Ramp
9562,133036.0,Ramp
9563,127660.0,Ramp
9564,125278.0,Ramp
9565,123971.0,Idle
9566,128660.0,Ramp
9567,134424.0,Ramp
9568,130497.0,Ramp
9569,127991.0,Ramp
9570,126425.0,Ramp
9571,133531.0,Ramp
9572,135199.0,Ramp
9573,131825.0,Ramp
9574,128869.0,Ramp
9575,124471.0,Ramp
9576,128805.0,Ramp
9577,132179.0,Ramp
9578,131853.0,Ramp
9579,125027.0,Ramp
9580,124674.0,Ramp
9581,128251.0,Ramp
9582,130037.0,Ramp
9583,130448.0,Ramp
9584,127362.0,Ramp
9585,126184.0,Ramp
9586,131452.0,Ramp
9587,134002.0,Ramp
9588,136080.0,Ramp
9589,128202.0,Ramp
9590,124892.0,Ramp
9591,129324.0,Ramp
9592,129338.0,Ramp
9593,130062.0,Ramp
9594,125237.0,Ramp
9595,124992.0,Ramp
9596,130700.0,Ramp
9597,133954.0,Ramp
9598,133515.0,Ramp
9599,128847.0,Ramp
9600,126960.0,Ramp
9601,156312.0,Cooldown
9602,138769.0,Ramp
9603,135679.0,Ramp
9604,134223.0,Ramp
9605,129245.0,Ramp
9606,134072.0,Ramp
9607,136569.0,Ramp
9608,138305.0,Ramp
9609,130104.0,Ramp
9610,129865.0,Ramp
9611,131056.0,Ramp
9612,136333.0,Ramp
9613,134757.0,Ramp
9614,130158.0,Ramp
9615,130540.0,Ramp
9616,135171.0,Ramp
9617,137789.0,Ramp
9618,136259.0,Ramp
9619,131008.0,Ramp
9620,128265.0,Ramp
9621,131972.0,Ramp
9622,133095.0,Ramp
9623,132420.0,Ramp
9624,128075.0,Ramp
9625,123625.0,Idle
9626,133233.0,Ramp
9627,134245.0,Ramp
9628,134128.0,Ramp
9629,129286.0,Ramp
9630,127255.0,Ramp
9631,136048.0,Ramp
9632,135983.0,Ramp
9633,132530.0,Ramp
9634,130886.0,Ramp
9635,127014.0,Ramp
9636,132741.0,Ramp
9637,134261.0,Ramp
9638,133470.0,Ramp
9639,129595.0,Ramp
9640,128784.0,Ramp
9641,129839.0,Ramp
9642,135077.0,Ramp
9643,132904.0,Ramp
9644,131036.0,Ramp
9645,128010.0,Ramp
9646,135077.0,Ramp
9647,134668.0,Ramp
9648,133310.0,Ramp
9649,129565.0,Ramp
9650,127905.0,Ramp
9651,132229.0,Ramp
9652,131016.0,Ramp
9653,129115.0,Ramp
9654,127129.0,Ramp
9655,125374.0,Ramp
9656,131988.0,Ramp
9657,135157.0,Ramp
9658,134609.0,Ramp
9659,131735.0,Ramp
9660,132080.0,Ramp
9661,157308.0,Cooldown
9662,140508.0,Ramp
9663,133539.0,Ramp
9664,133838.0,Ramp
9665,128318.0,Ramp
9666,134355.0,Ramp
9667,135613.0,Ramp
9668,133046.0,Ramp
9669,128153.0,Ramp
9670,131459.0,Ramp
9671,134855.0,Ramp
9672,137468.0,Ramp
9673,133576.0,Ramp
9674,127092.0,Ramp
9675,127928.0,Ramp
9676,131168.0,Ramp
9677,136343.0,Ramp
9678,131759.0,Ramp
9679,128988.0,Ramp
9680,127048.0,Ramp
9681,132109.0,Ramp
9682,131746.0,Ramp
9683,131754.0,Ramp
9684,129441.0,Ramp
9685,127567.0,Ramp
9686,132962.0,Ramp
9687,134340.0,Ramp
9688,133714.0,Ramp
9689,132426.0,Ramp
9690,130881.0,Ramp
9691,138211.0,Ramp
9692,139316.0,Ramp
9693,134588.0,Ramp
9694,135444.0,Ramp
9695,131513.0,Ramp
9696,135684.0,Ramp
9697,137171.0,Ramp
9698,137213.0,Ramp
9699,134888.0,Ramp
9700,129776.0,Ramp
9701,135086.0,Ramp
9702,136105.0,Ramp
9703,134135.0,Ramp
9704,133373.0,Ramp
9705,131680.0,Ramp
9706,138635.0,Ramp
9707,142698.0,Ramp
9708,137449.0,Ramp
9709,133361.0,Ramp
9710,127009.0,Ramp
9711,132182.0,Ramp
9712,134848.0,Ramp
9713,132932.0,Ramp
9714,130794.0,Ramp
9715,128792.0,Ramp
9716,135080.0,Ramp
9717,136423.0,Ramp
9718,132532.0,Ramp
9719,129543.0,Ramp
9720,127793.0,Ramp
9721,156111.0,Cooldown
9722,139082.0,Ramp
9723,135603.0,Ramp
9724,134299.0,Ramp
9725,130009.0,Ramp
9726,135376.0,Ramp
9727,133590.0,Ramp
9728,133211.0,Ramp
9729,127800.0,Ramp
9730,127721.0,Ramp
9731,134576.0,Ramp
9732,135124.0,Ramp
9733,133629.0,Ramp
9734,131908.0,Ramp
9735,130235.0,Ramp
9736,136629.0,Ramp
9737,136288.0,Ramp
9738,132789.0,Ramp
9739,128495.0,Ramp
9740,128500.0,Ramp
9741,133099.0,Ramp
9742,135031.0,Ramp
9743,131541.0,Ramp
9744,127996.0,Ramp
9745,124867.0,Ramp
9746,131081.0,Ramp
9747,132186.0,Ramp
9748,129817.0,Ramp
9749,127458.0,Ramp
9750,127302.0,Ramp
9751,135228.0,Ramp
9752,134823.0,Ramp
9753,130385.0,Ramp
9754,127789.0,Ramp
9755,126076.0,Ramp
9756,130109.0,Ramp
9757,133901.0,Ramp
9758,131105.0,Ramp
9759,127269.0,Ramp
9760,126237.0,Ramp
9761,131893.0,Ramp
9762,134183.0,Ramp
9763,131860.0,Ramp
9764,130878.0,Ramp
9765,128313.0,Ramp
9766,132228.0,Ramp
9767,135889.0,Ramp
9768,133277.0,Ramp
9769,129721.0,Ramp
9770,127145.0,Ramp
9771,131923.0,Ramp
9772,133070.0,Ramp
9773,128220.0,Ramp
9774,128689.0,Ramp
9775,126392.0,Ramp
9776,132934.0,Ramp
9777,136522.0,Ramp
9778,133974.0,Ramp
9779,131610.0,Ramp
9780,131793.0,Ramp
9781,156011.0,Cooldown
9782,140791.0,Ramp
9783,133107.0,Ramp
9784,132703.0,Ramp
9785,129530.0,Ramp
9786,134643.0,Ramp
9787,135929.0,Ramp
9788,133347.0,Ramp
9789,130043.0,Ramp
9790,128060.0,Ramp
9791,134018.0,Ramp
9792,134715.0,Ramp
9793,133942.0,Ramp
9794,131468.0,Ramp
9795,130843.0,Ramp
9796,135017.0,Ramp
9797,137183.0,Ramp
9798,136078.0,Ramp
9799,130801.0,Ramp
9800,127492.0,Ramp
9801,132781.0,Ramp
9802,132333.0,Ramp
9803,131173.0,Ramp
9804,129434.0,Ramp
9805,125176.0,Ramp
9806,129349.0,Ramp
9807,132060.0,Ramp
9808,131488.0,Ramp
9809,129801.0,Ramp
9810,126770.0,Ramp
9811,131399.0,Ramp
9812,132244.0,Ramp
9813,131730.0,Ramp
9814,128427.0,Ramp
9815,124753.0,Ramp
9816,128745.0,Ramp
9817,130581.0,Ramp
9818,130542.0,Ramp
9819,129091.0,Ramp
9820,124827.0,Ramp
9821,128389.0,Ramp
9822,131100.0,Ramp
9823,129775.0,Ramp
9824,128090.0,Ramp
9825,125707.0,Ramp
9826,130464.0,Ramp
9827,131293.0,Ramp
9828,132661.0,Ramp
9829,125827.0,Ramp
9830,124347.0,Ramp
9831,129183.0,Ramp
9832,130059.0,Ramp
9833,127828.0,Ramp
9834,124911.0,Ramp
9835,122587.0,Idle
9836,128425.0,Ramp
9837,130202.0,Ramp
9838,128926.0,Ramp
9839,127431.0,Ramp
9840,126469.0,Ramp
9841,153886.0,Cooldown
9842,135022.0,Ramp
9843,129443.0,Ramp
9844,129806.0,Ramp
9845,124785.0,Ramp
9846,135183.0,Ramp
9847,136122.0,Ramp
9848,130650.0,Ramp
9849,126481.0,Ramp
9850,123314.0,Idle
9851,128485.0,Ramp
9852,133973.0,Ramp
9853,129272.0,Ramp
9854,127199.0,Ramp
9855,125401.0,Ramp
9856,129535.0,Ramp
9857,133826.0,Ramp
9858,132345.0,Ramp
9859,125824.0,Ramp
9860,126301.0,Ramp
9861,127826.0,Ramp
9862,132018.0,Ramp
9863,131309.0,Ramp
9864,126487.0,Ramp
9865,120551.0,Idle
9866,128633.0,Ramp
9867,133928.0,Ramp
9868,130966.0,Ramp
9869,127057.0,Ramp
9870,127611.0,Ramp
9871,130773.0,Ramp
9872,134473.0,Ramp
9873,131821.0,Ramp
9874,129932.0,Ramp
9875,122698.0,Idle
9876,130461.0,Ramp
9877,131792.0,Ramp
9878,132417.0,Ramp
9879,126668.0,Ramp
9880,124719.0,Ramp
9881,128138.0,Ramp
9882,130017.0,Ramp
9883,130854.0,Ramp
9884,127311.0,Ramp
9885,126176.0,Ramp
9886,129456.0,Ramp
9887,132597.0,Ramp
9888,133221.0,Ramp
9889,126608.0,Ramp
9890,122478.0,Idle
9891,127789.0,Ramp
9892,129328.0,Ramp
9893,128915.0,Ramp
9894,124298.0,Ramp
9895,122490.0,Idle
9896,130558.0,Ramp
9897,128974.0,Ramp
9898,127976.0,Ramp
9899,122477.0,Idle
9900,124500.0,Ramp
9901,153194.0,Cooldown
9902,135977.0,Ramp
9903,130922.0,Ramp
9904,130280.0,Ramp
9905,121850.0,Idle
9906,130427.0,Ramp
9907,135137.0,Ramp
9908,137218.0,Ramp
9909,131582.0,Ramp
9910,131330.0,Ramp
9911,134205.0,Ramp
9912,136850.0,Ramp
9913,137190.0,Ramp
9914,134250.0,Ramp
9915,131010.0,Ramp
9916,131790.0,Ramp
9917,131740.0,Ramp
9918,134466.0,Ramp
9919,130797.0,Ramp
9920,128537.0,Ramp
9921,131863.0,Ramp
9922,131470.0,Ramp
9923,130972.0,Ramp
9924,128477.0,Ramp
9925,123683.0,Idle
9926,129435.0,Ramp
9927,132527.0,Ramp
9928,131006.0,Ramp
9929,126283.0,Ramp
9930,127575.0,Ramp
9931,132372.0,Ramp
9932,132336.0,Ramp
9933,128619.0,Ramp
9934,128933.0,Ramp
9935,123781.0,Idle
9936,128543.0,Ramp
9937,129641.0,Ramp
9938,129034.0,Ramp
9939,125414.0,Ramp
9940,124724.0,Ramp
9941,129064.0,Ramp
9942,132028.0,Ramp
9943,131600.0,Ramp
9944,130588.0,Ramp
9945,126036.0,Ramp
9946,133495.0,Ramp
9947,131144.0,Ramp
9948,134686.0,Ramp
9949,131627.0,Ramp
9950,126316.0,Ramp
9951,127941.0,Ramp
9952,129389.0,Ramp
9953,129444.0,Ramp
9954,126778.0,Ramp
9955,122691.0,Idle
9956,128306.0,Ramp
9957,130935.0,Ramp
9958,131565.0,Ramp
9959,125971.0,Ramp
9960,125844.0,Ramp
9961,156153.0,Cooldown
9962,138343.0,Ramp
9963,130349.0,Ramp
9964,128905.0,Ramp
9965,123158.0,Idle
9966,128129.0,Ramp
9967,125710.0,Ramp
9968,125683.0,Ramp
9969,123009.0,Idle
9970,120805.0,Idle
9971,124165.0,Idle
9972,127866.0,Ramp
9973,126390.0,Ramp
9974,123740.0,Idle
9975,121536.0,Idle
9976,125927.0,Ramp
9977,127703.0,Ramp
9978,126964.0,Ramp
9979,122440.0,Idle
9980,121049.0,Idle
9981,124865.0,Ramp
9982,126628.0,Ramp
9983,125494.0,Ramp
9984,123441.0,Idle
9985,119300.0,Idle
9986,124730.0,Ramp
9987,125796.0,Ramp
9988,125833.0,Ramp
9989,122644.0,Idle
9990,121647.0,Idle
9991,125415.0,Ramp
9992,127282.0,Ramp
9993,124628.0,Ramp
9994,124112.0,Idle
9995,121100.0,Idle
9996,122843.0,Idle
9997,124077.0,Idle
9998,124611.0,Ramp
9999,118999.0,Idle
10000,118297.0,Idle
10001,121754.0,Idle
10002,124330.0,Ramp
10003,123047.0,Idle
10004,122740.0,Idle
10005,121785.0,Idle
10006,126729.0,Ramp
10007,123797.0,Idle
10008,122043.0,Idle
10009,119742.0,Idle
10010,118761.0,Idle
10011,121415.0,Idle
10012,123371.0,Idle
10013,120077.0,Idle
10014,117571.0,Idle
10015,115380.0,Idle
10016,122762.0,Idle
10017,123718.0,Idle
10018,123706.0,Idle
10019,119761.0,Idle
10020,121066.0,Idle
10021,147764.0,Cooldown
10022,128303.0,Ramp
10023,122322.0,Idle
10024,121751.0,Idle
10025,117322.0,Idle
10026,122576.0,Idle
10027,122958.0,Idle
10028,123232.0,Idle
10029,118925.0,Idle
10030,118176.0,Idle
10031,120400.0,Idle
10032,122197.0,Idle
10033,119720.0,Idle
10034,119783.0,Idle
10035,118188.0,Idle
10036,119808.0,Idle
10037,124640.0,Ramp
10038,122258.0,Idle
10039,119156.0,Idle
10040,115552.0,Idle
10041,120022.0,Idle
10042,124101.0,Idle
10043,119462.0,Idle
10044,116596.0,Idle
10045,114302.0,Idle
10046,119388.0,Idle
10047,122168.0,Idle
10048,118410.0,Idle
10049,118058.0,Idle
10050,116998.0,Idle
10051,122203.0,Idle
10052,124118.0,Idle
10053,118971.0,Idle
10054,118314.0,Idle
10055,114786.0,Idle
10056,119188.0,Idle
10057,119824.0,Idle
10058,119962.0,Idle
10059,115155.0,Idle
10060,114576.0,Idle
10061,118716.0,Idle
10062,121759.0,Idle
10063,120645.0,Idle
10064,118014.0,Idle
10065,116202.0,Idle
10066,119257.0,Idle
10067,123610.0,Idle
10068,122511.0,Idle
10069,119408.0,Idle
10070,113896.0,Idle
10071,120644.0,Idle
10072,120003.0,Idle
10073,119125.0,Idle
10074,118453.0,Idle
10075,113169.0,Idle
10076,120621.0,Idle
10077,121735.0,Idle
10078,118357.0,Idle
10079,121681.0,Idle
10080,118886.0,Idle
10081,152826.0,Cooldown
10082,131094.0,Ramp
10083,123803.0,Idle
10084,123298.0,Idle
10085,121076.0,Idle
10086,124010.0,Idle
10087,124773.0,Ramp
10088,123532.0,Idle
10089,122814.0,Idle
10090,120345.0,Idle
10091,125028.0,Ramp
10092,124681.0,Ramp
10093,124637.0,Ramp
10094,121363.0,Idle
10095,121283.0,Idle
10096,123422.0,Idle
10097,127077.0,Ramp
10098,125483.0,Ramp
10099,122652.0,Idle
10100,120310.0,Idle
10101,121242.0,Idle
10102,124663.0,Ramp
10103,122407.0,Idle
10104,121331.0,Idle
10105,117447.0,Idle
10106,124896.0,Ramp
10107,127087.0,Ramp
10108,125405.0,Ramp
10109,120732.0,Idle
10110,119541.0,Idle
10111,126359.0,Ramp
10112,124184.0,Ramp
10113,124432.0,Ramp
10114,122252.0,Idle
10115,117283.0,Idle
10116,121447.0,Idle
10117,123719.0,Idle
10118,123738.0,Idle
10119,115749.0,Idle
10120,115405.0,Idle
10121,120803.0,Idle
10122,124908.0,Ramp
10123,120330.0,Idle
10124,118065.0,Idle
10125,118215.0,Idle
10126,122671.0,Idle
10127,122008.0,Idle
10128,125574.0,Ramp
10129,117615.0,Idle
10130,115406.0,Idle
10131,118170.0,Idle
10132,117429.0,Idle
10133,117396.0,Idle
10134,117629.0,Idle
10135,112472.0,Idle
10136,118853.0,Idle
10137,121554.0,Idle
10138,119692.0,Idle
10139,118159.0,Idle
10140,117771.0,Idle
10141,143216.0,Ramp
10142,130102.0,Ramp
10143,121591.0,Idle
10144,121002.0,Idle
10145,117105.0,Idle
10146,120959.0,Idle
10147,121849.0,Idle
10148,123056.0,Idle
10149,118866.0,Idle
10150,117292.0,Idle
10151,119540.0,Idle
10152,123852.0,Idle
10153,122167.0,Idle
10154,118674.0,Idle
10155,118424.0,Idle
10156,122110.0,Idle
10157,124080.0,Idle
10158,125647.0,Ramp
10159,120963.0,Idle
10160,115776.0,Idle
10161,120880.0,Idle
10162,121777.0,Idle
10163,118876.0,Idle
10164,120418.0,Idle
10165,114655.0,Idle
10166,121041.0,Idle
10167,126227.0,Ramp
10168,123665.0,Idle
10169,123490.0,Idle
10170,122944.0,Idle
10171,127056.0,Ramp
10172,127508.0,Ramp
10173,123551.0,Idle
10174,125627.0,Ramp
10175,119843.0,Idle
10176,127851.0,Ramp
10177,126671.0,Ramp
10178,126671.0,Ramp
10179,126217.0,Ramp
10180,122140.0,Idle
10181,123975.0,Idle
10182,126013.0,Ramp
10183,126140.0,Ramp
10184,126815.0,Ramp
10185,124618.0,Ramp
10186,124410.0,Ramp
10187,127040.0,Ramp
10188,128895.0,Ramp
10189,124700.0,Ramp
10190,122389.0,Idle
10191,121801.0,Idle
10192,124096.0,Idle
10193,123922.0,Idle
10194,124848.0,Ramp
10195,117422.0,Idle
10196,124525.0,Ramp
10197,124944.0,Ramp
10198,122752.0,Idle
10199,118937.0,Idle
10200,118300.0,Idle
10201,144093.0,Ramp
10202,132489.0,Ramp
10203,122253.0,Idle
10204,123235.0,Idle
10205,118061.0,Idle
10206,123869.0,Idle
10207,125831.0,Ramp
10208,125716.0,Ramp
10209,122051.0,Idle
10210,117981.0,Idle
10211,120267.0,Idle
10212,122704.0,Idle
10213,122180.0,Idle
10214,123269.0,Idle
10215,123136.0,Idle
10216,128717.0,Ramp
10217,125101.0,Ramp
10218,125213.0,Ramp
10219,122103.0,Idle
10220,118698.0,Idle
10221,119950.0,Idle
10222,120100.0,Idle
10223,118756.0,Idle
10224,119931.0,Idle
10225,115113.0,Idle
10226,117932.0,Idle
10227,124201.0,Ramp
10228,124304.0,Ramp
10229,119181.0,Idle
10230,118623.0,Idle
10231,120647.0,Idle
10232,121986.0,Idle
10233,122232.0,Idle
10234,123704.0,Idle
10235,115089.0,Idle
10236,118592.0,Idle
10237,120629.0,Idle
10238,120206.0,Idle
10239,119650.0,Idle
10240,115083.0,Idle
10241,116881.0,Idle
10242,120035.0,Idle
10243,119464.0,Idle
10244,120869.0,Idle
10245,118072.0,Idle
10246,118348.0,Idle
10247,120242.0,Idle
10248,121373.0,Idle
10249,117902.0,Idle
10250,114192.0,Idle
10251,116133.0,Idle
10252,118254.0,Idle
10253,116059.0,Idle
10254,116269.0,Idle
10255,114378.0,Idle
10256,117558.0,Idle
10257,120539.0,Idle
10258,121890.0,Idle
10259,121964.0,Idle
10260,120193.0,Idle
10261,143759.0,Ramp
10262,128024.0,Ramp
10263,121835.0,Idle
10264,121508.0,Idle
10265,116426.0,Idle
10266,118161.0,Idle
10267,122803.0,Idle
10268,123497.0,Idle
10269,121938.0,Idle
10270,118569.0,Idle
10271,117665.0,Idle
10272,122945.0,Idle
10273,122252.0,Idle
10274,121118.0,Idle
10275,117014.0,Idle
10276,120724.0,Idle
10277,120164.0,Idle
10278,123199.0,Idle
10279,117854.0,Idle
10280,117078.0,Idle
10281,117315.0,Idle
10282,118437.0,Idle
10283,118255.0,Idle
10284,118187.0,Idle
10285,116416.0,Idle
10286,115814.0,Idle
10287,119416.0,Idle
10288,120288.0,Idle
10289,118438.0,Idle
10290,118446.0,Idle
10291,120883.0,Idle
10292,120349.0,Idle
10293,120194.0,Idle
10294,118695.0,Idle
10295,116048.0,Idle
10296,120044.0,Idle
10297,120420.0,Idle
10298,121924.0,Idle
10299,120208.0,Idle
10300,116316.0,Idle
10301,117647.0,Idle
10302,119820.0,Idle
10303,119015.0,Idle
10304,119400.0,Idle
10305,116156.0,Idle
10306,120906.0,Idle
10307,120349.0,Idle
10308,120376.0,Idle
10309,119485.0,Idle
10310,117011.0,Idle
10311,117920.0,Idle
10312,117004.0,Idle
10313,116512.0,Idle
10314,117462.0,Idle
10315,113767.0,Idle
10316,118675.0,Idle
10317,118423.0,Idle
10318,116994.0,Idle
10319,116986.0,Idle
10320,115981.0,Idle
10321,154660.0,Cooldown
10322,130320.0,Ramp
10323,120966.0,Idle
10324,121113.0,Idle
10325,116107.0,Idle
10326,120389.0,Idle
10327,120102.0,Idle
10328,121345.0,Idle
10329,119189.0,Idle
10330,116908.0,Idle
10331,116832.0,Idle
10332,121559.0,Idle
10333,119594.0,Idle
10334,119057.0,Idle
10335,118629.0,Idle
10336,119860.0,Idle
10337,121960.0,Idle
10338,121039.0,Idle
10339,119692.0,Idle
10340,117960.0,Idle
10341,119294.0,Idle
10342,122802.0,Idle
10343,119623.0,Idle
10344,117330.0,Idle
10345,114840.0,Idle
10346,118581.0,Idle
10347,123353.0,Idle
10348,121651.0,Idle
10349,120043.0,Idle
10350,117697.0,Idle
10351,121328.0,Idle
10352,125162.0,Ramp
10353,120170.0,Idle
10354,121215.0,Idle
10355,115755.0,Idle
10356,118650.0,Idle
10357,121678.0,Idle
10358,118968.0,Idle
10359,118352.0,Idle
10360,116306.0,Idle
10361,117177.0,Idle
10362,119290.0,Idle
10363,120172.0,Idle
10364,119650.0,Idle
10365,118340.0,Idle
10366,120581.0,Idle
10367,123147.0,Idle
10368,120840.0,Idle
10369,119297.0,Idle
10370,117162.0,Idle
10371,117179.0,Idle
10372,119313.0,Idle
10373,118614.0,Idle
10374,117187.0,Idle
10375,117774.0,Idle
10376,119047.0,Idle
10377,120595.0,Idle
10378,122768.0,Idle
10379,120358.0,Idle
10380,119689.0,Idle
10381,155524.0,Cooldown
10382,133231.0,Ramp
10383,126937.0,Ramp
10384,125246.0,Ramp
10385,122727.0,Idle
10386,120378.0,Idle
10387,124648.0,Ramp
10388,123799.0,Idle
10389,123839.0,Idle
10390,119709.0,Idle
10391,120577.0,Idle
10392,124087.0,Idle
10393,122321.0,Idle
10394,123288.0,Idle
10395,124637.0,Ramp
10396,125942.0,Ramp
10397,124932.0,Ramp
10398,124300.0,Ramp
10399,122997.0,Idle
10400,121567.0,Idle
10401,124980.0,Ramp
10402,123984.0,Idle
10403,121263.0,Idle
10404,122658.0,Idle
10405,119421.0,Idle
10406,121893.0,Idle
10407,125732.0,Ramp
10408,124676.0,Ramp
10409,123143.0,Idle
10410,122398.0,Idle
10411,126843.0,Ramp
10412,125263.0,Ramp
10413,124256.0,Ramp
10414,126052.0,Ramp
10415,122530.0,Idle
10416,122695.0,Idle
10417,125408.0,Ramp
10418,125624.0,Ramp
10419,124409.0,Ramp
10420,120631.0,Idle
10421,115286.0,Idle
10422,118135.0,Idle
10423,115959.0,Idle
10424,119027.0,Idle
10425,120516.0,Idle
10426,120986.0,Idle
10427,123628.0,Idle
10428,129415.0,Ramp
10429,120989.0,Idle
10430,120437.0,Idle
10431,134688.0,Ramp
10432,136600.0,Ramp
10433,129453.0,Ramp
10434,129604.0,Ramp
10435,125608.0,Ramp
10436,125391.0,Ramp
10437,131178.0,Ramp
10438,128657.0,Ramp
10439,123475.0,Idle
10440,130590.0,Ramp
10441,161127.0,Cooldown
10442,140760.0,Ramp
10443,138274.0,Ramp
10444,135464.0,Ramp
10445,133606.0,Ramp
10446,135254.0,Ramp
10447,138440.0,Ramp
10448,140166.0,Ramp
10449,135601.0,Ramp
10450,137672.0,Ramp
10451,139766.0,Ramp
10452,144799.0,Ramp
10453,137074.0,Ramp
10454,141699.0,Ramp
10455,139335.0,Ramp
10456,136861.0,Ramp
10457,139625.0,Ramp
10458,137931.0,Ramp
10459,137241.0,Ramp
10460,130708.0,Ramp
10461,133429.0,Ramp
10462,134302.0,Ramp
10463,131877.0,Ramp
10464,136638.0,Ramp
10465,134285.0,Ramp
10466,137402.0,Ramp
10467,136941.0,Ramp
10468,139204.0,Ramp
10469,135497.0,Ramp
10470,135291.0,Ramp
10471,138154.0,Ramp
10472,142303.0,Ramp
10473,139433.0,Ramp
10474,139711.0,Ramp
10475,131796.0,Ramp
10476,133217.0,Ramp
10477,135871.0,Ramp
10478,137581.0,Ramp
10479,135791.0,Ramp
10480,132416.0,Ramp
10481,131517.0,Ramp
10482,136121.0,Ramp
10483,131956.0,Ramp
10484,132050.0,Ramp
10485,131522.0,Ramp
10486,128800.0,Ramp
10487,134658.0,Ramp
10488,133688.0,Ramp
10489,131418.0,Ramp
10490,128776.0,Ramp
10491,129438.0,Ramp
10492,131585.0,Ramp
10493,130259.0,Ramp
10494,130461.0,Ramp
10495,126839.0,Ramp
10496,126573.0,Ramp
10497,133195.0,Ramp
10498,130345.0,Ramp
10499,126664.0,Ramp
10500,128338.0,Ramp
10501,159933.0,Cooldown
10502,143235.0,Ramp
10503,142179.0,Ramp
10504,141386.0,Ramp
10505,142928.0,Ramp
10506,149211.0,Cooldown
10507,146122.0,Burst
10508,148825.0,Cooldown
10509,148686.0,Cooldown
10510,149946.0,Cooldown
10511,140067.0,Ramp
10512,150403.0,Burst
10513,149858.0,Burst
10514,152670.0,Burst
10515,150321.0,Burst
10516,154626.0,Cooldown
10517,158485.0,Cooldown
10518,158838.0,Cooldown
10519,145309.0,Ramp
10520,153246.0,Burst
10521,156141.0,Burst
10522,152446.0,Burst
10523,159055.0,Cooldown
10524,156976.0,Cooldown
10525,153839.0,Burst
10526,151761.0,Burst
10527,160185.0,Cooldown
10528,157885.0,Cooldown
10529,150909.0,Burst
10530,151342.0,Burst
10531,155690.0,Cooldown
10532,153789.0,Cooldown
10533,153861.0,Cooldown
10534,146422.0,Burst
10535,150865.0,Cooldown
10536,149334.0,Cooldown
10537,146283.0,Burst
10538,146168.0,Cooldown
10539,148238.0,Cooldown
10540,144908.0,Ramp
10541,142225.0,Ramp
10542,141237.0,Ramp
10543,147502.0,Cooldown
10544,141204.0,Ramp
10545,141404.0,Ramp
10546,144607.0,Ramp
10547,144876.0,Ramp
10548,137393.0,Ramp
10549,139105.0,Ramp
10550,138375.0,Ramp
10551,136530.0,Ramp
10552,137278.0,Ramp
10553,136319.0,Ramp
10554,136183.0,Ramp
10555,135211.0,Ramp
10556,136919.0,Ramp
10557,144038.0,Ramp
10558,139977.0,Ramp
10559,137614.0,Ramp
10560,138284.0,Ramp
10561,161275.0,Cooldown
10562,143317.0,Ramp
10563,136997.0,Ramp
10564,136098.0,Ramp
10565,132533.0,Ramp
10566,138235.0,Ramp
10567,136213.0,Ramp
10568,140037.0,Ramp
10569,131462.0,Ramp
10570,134536.0,Ramp
10571,129349.0,Ramp
10572,132830.0,Ramp
10573,139441.0,Ramp
10574,139072.0,Ramp
10575,143070.0,Ramp
10576,136147.0,Ramp
10577,132729.0,Ramp
10578,134436.0,Ramp
10579,133881.0,Ramp
10580,132004.0,Ramp
10581,133506.0,Ramp
10582,136234.0,Ramp
10583,134583.0,Ramp
10584,135684.0,Ramp
10585,131079.0,Ramp
10586,130522.0,Ramp
10587,136353.0,Ramp
10588,133423.0,Ramp
10589,132146.0,Ramp
10590,132809.0,Ramp
10591,133401.0,Ramp
10592,137583.0,Ramp
10593,134918.0,Ramp
10594,135209.0,Ramp
10595,136432.0,Ramp
10596,131335.0,Ramp
10597,135254.0,Ramp
10598,138477.0,Ramp
10599,136691.0,Ramp
10600,132405.0,Ramp
10601,136713.0,Ramp
10602,142256.0,Ramp
10603,138447.0,Ramp
10604,136706.0,Ramp
10605,134979.0,Ramp
10606,136362.0,Ramp
10607,141494.0,Ramp
10608,143270.0,Ramp
10609,138541.0,Ramp
10610,138288.0,Ramp
10611,139395.0,Ramp
10612,140668.0,Ramp
10613,137420.0,Ramp
10614,142748.0,Ramp
10615,135425.0,Ramp
10616,137588.0,Ramp
10617,140719.0,Ramp
10618,142080.0,Ramp
10619,137349.0,Ramp
10620,137954.0,Ramp
10621,164797.0,Cooldown
10622,151849.0,Cooldown
10623,147622.0,Cooldown
10624,142073.0,Ramp
10625,138305.0,Ramp
10626,135705.0,Ramp
10627,139389.0,Ramp
10628,141409.0,Ramp
10629,136239.0,Ramp
10630,140205.0,Ramp
10631,137917.0,Ramp
10632,143053.0,Ramp
10633,141724.0,Ramp
10634,143093.0,Ramp
10635,137007.0,Ramp
10636,142742.0,Ramp
10637,142657.0,Ramp
10638,142490.0,Ramp
10639,137893.0,Ramp
10640,136192.0,Ramp
10641,136337.0,Ramp
10642,138753.0,Ramp
10643,136788.0,Ramp
10644,137702.0,Ramp
10645,135883.0,Ramp
10646,135408.0,Ramp
10647,136523.0,Ramp
10648,132282.0,Ramp
10649,130787.0,Ramp
10650,128686.0,Ramp
10651,132202.0,Ramp
10652,135317.0,Ramp
10653,132715.0,Ramp
10654,132968.0,Ramp
10655,129173.0,Ramp
10656,128510.0,Ramp
10657,133778.0,Ramp
10658,134842.0,Ramp
10659,131622.0,Ramp
10660,132601.0,Ramp
10661,129325.0,Ramp
10662,130421.0,Ramp
10663,131471.0,Ramp
10664,127453.0,Ramp
10665,130758.0,Ramp
10666,128898.0,Ramp
10667,131040.0,Ramp
10668,132234.0,Ramp
10669,128820.0,Ramp
10670,129227.0,Ramp
10671,130557.0,Ramp
10672,135103.0,Ramp
10673,131565.0,Ramp
10674,130869.0,Ramp
10675,129823.0,Ramp
10676,131761.0,Ramp
10677,138365.0,Ramp
10678,136415.0,Ramp
10679,135152.0,Ramp
10680,132699.0,Ramp
10681,156720.0,Cooldown
10682,140194.0,Ramp
10683,134307.0,Ramp
10684,132935.0,Ramp
10685,129658.0,Ramp
10686,135376.0,Ramp
10687,139618.0,Ramp
10688,139100.0,Ramp
10689,136859.0,Ramp
10690,133115.0,Ramp
10691,136133.0,Ramp
10692,138862.0,Ramp
10693,139235.0,Ramp
10694,137110.0,Ramp
10695,140470.0,Ramp
10696,138277.0,Ramp
10697,136603.0,Ramp
10698,138873.0,Ramp
10699,133820.0,Ramp
10700,132983.0,Ramp
10701,132955.0,Ramp
10702,135672.0,Ramp
10703,135111.0,Ramp
10704,132597.0,Ramp
10705,129222.0,Ramp
10706,130233.0,Ramp
10707,136108.0,Ramp
10708,136778.0,Ramp
10709,134544.0,Ramp
10710,136714.0,Ramp
10711,135498.0,Ramp
10712,139803.0,Ramp
10713,138109.0,Ramp
10714,136126.0,Ramp
10715,131641.0,Ramp
10716,132394.0,Ramp
10717,133595.0,Ramp
10718,134949.0,Ramp
10719,138265.0,Ramp
10720,132175.0,Ramp
10721,130027.0,Ramp
10722,135963.0,Ramp
10723,133936.0,Ramp
10724,133345.0,Ramp
10725,135687.0,Ramp
10726,135751.0,Ramp
10727,136788.0,Ramp
10728,139965.0,Ramp
10729,140778.0,Ramp
10730,132707.0,Ramp
10731,135807.0,Ramp
10732,140543.0,Ramp
10733,138291.0,Ramp
10734,134288.0,Ramp
10735,135609.0,Ramp
10736,141427.0,Ramp
10737,143187.0,Ramp
10738,139609.0,Ramp
10739,138818.0,Ramp
10740,140986.0,Ramp
10741,164339.0,Cooldown
10742,147707.0,Cooldown
10743,143306.0,Ramp
10744,140898.0,Ramp
10745,132067.0,Ramp
10746,136606.0,Ramp
10747,140483.0,Ramp
10748,140385.0,Ramp
10749,141097.0,Ramp
10750,139589.0,Ramp
10751,141734.0,Ramp
10752,143979.0,Ramp
10753,138824.0,Ramp
10754,138337.0,Ramp
10755,138448.0,Ramp
10756,141251.0,Ramp
10757,147941.0,Cooldown
10758,149199.0,Cooldown
10759,141459.0,Ramp
10760,139854.0,Ramp
10761,146218.0,Cooldown
10762,140690.0,Ramp
10763,140144.0,Ramp
10764,138952.0,Ramp
10765,137627.0,Ramp
10766,140536.0,Ramp
10767,143196.0,Ramp
10768,143979.0,Ramp
10769,141943.0,Ramp
10770,137814.0,Ramp
10771,140100.0,Ramp
10772,142924.0,Ramp
10773,142130.0,Ramp
10774,139960.0,Ramp
10775,135115.0,Ramp
10776,138991.0,Ramp
10777,139181.0,Ramp
10778,142169.0,Ramp
10779,140422.0,Ramp
10780,145564.0,Ramp
10781,140952.0,Ramp
10782,148055.0,Burst
10783,151764.0,Cooldown
10784,148471.0,Burst
10785,148578.0,Burst
10786,148728.0,Burst
10787,150399.0,Cooldown
10788,151208.0,Cooldown
10789,149713.0,Cooldown
10790,146240.0,Burst
10791,142131.0,Ramp
10792,147616.0,Cooldown
10793,150276.0,Cooldown
10794,147274.0,Cooldown
10795,140816.0,Ramp
10796,144867.0,Ramp
10797,151928.0,Burst
10798,152205.0,Burst
10799,155867.0,Burst
10800,153879.0,Burst
10801,179963.0,Cooldown
10802,159451.0,Cooldown
10803,152538.0,Burst
10804,154750.0,Burst
10805,153887.0,Burst
10806,165259.0,Cooldown
10807,168849.0,Cooldown
10808,153595.0,Cooldown
10809,156540.0,Cooldown
10810,152270.0,Burst
10811,150598.0,Burst
10812,156289.0,Burst
10813,157138.0,Cooldown
10814,156133.0,Burst
10815,156042.0,Burst
10816,156775.0,Burst
10817,162644.0,Cooldown
10818,159030.0,Cooldown
10819,154824.0,Burst
10820,151845.0,Burst
10821,159249.0,Burst
10822,160959.0,Cooldown
10823,160407.0,Burst
10824,163403.0,Cooldown
10825,157972.0,Burst
10826,161765.0,Cooldown
10827,162736.0,Cooldown
10828,157949.0,Burst
10829,158313.0,Burst
10830,159522.0,Cooldown
10831,159620.0,Cooldown
10832,159053.0,Cooldown
10833,153700.0,Cooldown
10834,150853.0,Cooldown
10835,145475.0,Ramp
10836,150801.0,Burst
10837,155789.0,Cooldown
10838,152743.0,Cooldown
10839,148611.0,Burst
10840,148401.0,Burst
10841,147773.0,Burst
10842,153097.0,Cooldown
10843,153225.0,Burst
10844,154049.0,Burst
10845,150335.0,Burst
10846,157756.0,Cooldown
10847,155092.0,Burst
10848,154267.0,Burst
10849,160485.0,Burst
10850,161814.0,Burst
10851,160785.0,Burst
10852,162863.0,Cooldown
10853,161909.0,Cooldown
10854,158021.0,Burst
10855,161838.0,Cooldown
10856,154856.0,Burst
10857,160432.0,Cooldown
10858,160139.0,Burst
10859,153035.0,Burst
10860,157951.0,Burst
10861,183839.0,Cooldown
10862,166743.0,Cooldown
10863,162844.0,Cooldown
10864,156443.0,Cooldown
10865,147775.0,Burst
10866,159765.0,Cooldown
10867,158346.0,Cooldown
10868,156769.0,Cooldown
10869,151551.0,Burst
10870,155348.0,Burst
10871,160113.0,Burst
10872,177349.0,Cooldown
10873,159396.0,Cooldown
10874,157328.0,Cooldown
10875,150130.0,Burst
10876,154169.0,Cooldown
10877,151914.0,Cooldown
10878,151449.0,Cooldown
10879,148141.0,Burst
10880,147269.0,Burst
10881,156155.0,Burst
10882,157162.0,Cooldown
10883,158741.0,Cooldown
10884,155794.0,Cooldown
10885,152661.0,Burst
10886,155922.0,Burst
10887,158032.0,Burst
10888,162141.0,Cooldown
10889,156944.0,Burst
10890,156638.0,Burst
10891,157949.0,Cooldown
10892,157510.0,Cooldown
10893,157700.0,Cooldown
10894,155758.0,Cooldown
10895,152893.0,Burst
10896,154888.0,Burst
10897,157299.0,Cooldown
10898,160169.0,Cooldown
10899,154145.0,Burst
10900,154531.0,Burst
10901,154258.0,Burst
10902,159067.0,Cooldown
10903,159006.0,Cooldown
10904,157922.0,Cooldown
10905,156676.0,Burst
10906,157609.0,Cooldown
10907,158763.0,Cooldown
10908,157827.0,Cooldown
10909,154075.0,Cooldown
10910,149670.0,Burst
10911,154412.0,Burst
10912,154363.0,Burst
10913,155693.0,Cooldown
10914,155007.0,Burst
10915,153746.0,Burst
10916,156119.0,Burst
10917,158915.0,Cooldown
10918,157326.0,Burst
10919,152507.0,Burst
10920,155463.0,Burst
10921,183356.0,Cooldown
10922,167024.0,Cooldown
10923,166125.0,Cooldown
10924,158748.0,Cooldown
10925,155868.0,Burst
10926,158607.0,Burst
10927,161616.0,Cooldown
10928,160569.0,Burst
10929,161470.0,Burst
10930,162782.0,Burst
10931,164066.0,Burst
10932,166136.0,Cooldown
10933,169658.0,Cooldown
10934,158900.0,Cooldown
10935,156207.0,Burst
10936,157859.0,Cooldown
10937,157201.0,Cooldown
10938,159125.0,Cooldown
10939,154232.0,Burst
10940,152888.0,Burst
10941,158008.0,Burst
10942,161900.0,Cooldown
10943,163937.0,Cooldown
10944,157243.0,Burst
10945,159259.0,Burst
10946,159799.0,Burst
10947,162523.0,Burst
10948,166743.0,Cooldown
10949,164326.0,Cooldown
10950,164057.0,Cooldown
10951,162305.0,Cooldown
10952,160142.0,Burst
10953,160902.0,Cooldown
10954,163075.0,Cooldown
10955,159297.0,Cooldown
10956,159996.0,Cooldown
10957,158311.0,Cooldown
10958,156454.0,Burst
10959,159887.0,Cooldown
10960,157012.0,Cooldown
10961,155138.0,Burst
10962,156605.0,Burst
10963,157093.0,Burst
10964,158288.0,Burst
10965,156162.0,Burst
10966,161686.0,Cooldown
10967,160472.0,Cooldown
10968,161649.0,Cooldown
10969,153596.0,Burst
10970,151993.0,Burst
10971,153834.0,Burst
10972,156660.0,Burst
10973,158257.0,Burst
10974,162090.0,Burst
10975,159668.0,Burst
10976,164674.0,Cooldown
10977,166903.0,Cooldown
10978,165951.0,Burst
10979,159811.0,Burst
10980,160306.0,Burst
10981,186077.0,Cooldown
10982,168418.0,Cooldown
10983,171080.0,Cooldown
10984,169712.0,Cooldown
10985,161474.0,Burst
10986,166789.0,Cooldown
10987,165914.0,Cooldown
10988,168574.0,Cooldown
10989,164089.0,Cooldown
10990,158452.0,Cooldown
10991,155993.0,Cooldown
10992,157447.0,Cooldown
10993,155185.0,Cooldown
10994,151333.0,Burst
10995,152913.0,Burst
10996,158629.0,Cooldown
10997,156552.0,Cooldown
10998,156434.0,Cooldown
10999,148638.0,Burst
11000,152148.0,Burst
11001,154257.0,Cooldown
11002,155047.0,Cooldown
11003,154676.0,Cooldown
11004,150329.0,Cooldown
11005,146345.0,Burst
11006,151513.0,Cooldown
11007,151848.0,Cooldown
11008,154623.0,Cooldown
11009,147069.0,Burst
11010,145937.0,Burst
11011,149626.0,Burst
11012,153320.0,Cooldown
11013,150641.0,Cooldown
11014,145914.0,Burst
11015,142473.0,Ramp
11016,150268.0,Cooldown
11017,146718.0,Burst
11018,149827.0,Burst
11019,147195.0,Burst
11020,145073.0,Ramp
11021,157669.0,Cooldown
11022,151300.0,Cooldown
11023,148892.0,Cooldown
11024,146724.0,Burst
11025,145599.0,Ramp
11026,150892.0,Burst
11027,153220.0,Cooldown
11028,151671.0,Cooldown
11029,151228.0,Cooldown
11030,146044.0,Burst
11031,149529.0,Cooldown
11032,146628.0,Cooldown
11033,147096.0,Cooldown
11034,147326.0,Burst
11035,144340.0,Ramp
11036,147679.0,Burst
11037,150401.0,Cooldown
11038,151030.0,Burst
11039,142545.0,Ramp
11040,141493.0,Ramp
11041,169621.0,Cooldown
11042,155689.0,Cooldown
11043,148466.0,Cooldown
11044,145285.0,Ramp
11045,143092.0,Ramp
11046,150338.0,Cooldown
11047,151135.0,Cooldown
11048,147154.0,Cooldown
11049,145854.0,Burst
11050,146149.0,Burst
11051,148043.0,Burst
11052,150942.0,Cooldown
11053,150030.0,Cooldown
11054,143876.0,Ramp
11055,146228.0,Burst
11056,151668.0,Burst
11057,154496.0,Cooldown
11058,154209.0,Cooldown
11059,151479.0,Cooldown
11060,149439.0,Cooldown
11061,145454.0,Ramp
11062,149852.0,Burst
11063,151096.0,Burst
11064,150545.0,Burst
11065,151700.0,Burst
11066,154922.0,Cooldown
11067,155506.0,Cooldown
11068,151566.0,Burst
11069,149604.0,Burst
11070,151133.0,Burst
11071,154195.0,Cooldown
11072,151918.0,Cooldown
11073,150691.0,Burst
11074,150650.0,Cooldown
11075,149383.0,Burst
11076,152165.0,Cooldown
11077,150215.0,Burst
11078,151479.0,Cooldown
11079,150104.0,Burst
11080,149838.0,Burst
11081,148542.0,Burst
11082,152864.0,Cooldown
11083,153098.0,Cooldown
11084,148583.0,Burst
11085,147060.0,Burst
11086,157322.0,Cooldown
11087,158632.0,Cooldown
11088,152673.0,Cooldown
11089,149649.0,Cooldown
11090,147298.0,Burst
11091,147395.0,Burst
11092,148783.0,Cooldown
11093,148793.0,Cooldown
11094,146475.0,Burst
11095,145796.0,Burst
11096,148269.0,Burst
11097,153514.0,Cooldown
11098,155050.0,Burst
11099,152175.0,Burst
11100,152364.0,Burst
11101,180303.0,Cooldown
11102,158522.0,Cooldown
11103,154316.0,Cooldown
11104,149728.0,Burst
11105,150311.0,Burst
11106,154116.0,Burst
11107,155421.0,Cooldown
11108,159140.0,Cooldown
11109,152654.0,Burst
11110,152529.0,Burst
11111,154210.0,Burst
11112,160564.0,Cooldown
11113,158643.0,Cooldown
11114,151893.0,Burst
11115,155712.0,Burst
11116,157453.0,Cooldown
11117,159319.0,Cooldown
11118,156504.0,Cooldown
11119,152199.0,Cooldown
11120,152032.0,Cooldown
11121,149377.0,Burst
11122,153234.0,Cooldown
11123,150670.0,Cooldown
11124,148043.0,Cooldown
11125,143635.0,Ramp
11126,148202.0,Burst
11127,151764.0,Cooldown
11128,149487.0,Cooldown
11129,144446.0,Ramp
11130,146647.0,Burst
11131,152613.0,Cooldown
11132,153691.0,Cooldown
11133,151098.0,Cooldown
11134,149039.0,Cooldown
11135,146199.0,Burst
11136,152032.0,Cooldown
11137,148656.0,Cooldown
11138,147372.0,Cooldown
11139,146564.0,Burst
11140,144943.0,Ramp
11141,146633.0,Burst
11142,148625.0,Cooldown
11143,148010.0,Cooldown
11144,146430.0,Burst
11145,143965.0,Ramp
11146,148332.0,Burst
11147,150029.0,Cooldown
11148,152265.0,Cooldown
11149,148172.0,Cooldown
11150,146036.0,Burst
11151,146929.0,Cooldown
11152,146837.0,Cooldown
11153,147668.0,Cooldown
11154,145938.0,Cooldown
11155,140984.0,Ramp
11156,148656.0,Cooldown
11157,147878.0,Cooldown
11158,143869.0,Ramp
11159,139845.0,Ramp
11160,138647.0,Ramp
11161,163914.0,Cooldown
11162,148761.0,Cooldown
11163,144036.0,Ramp
11164,142213.0,Ramp
11165,138631.0,Ramp
11166,140993.0,Ramp
11167,143135.0,Ramp
11168,141480.0,Ramp
11169,140219.0,Ramp
11170,140852.0,Ramp
11171,143402.0,Ramp
11172,141714.0,Ramp
11173,142690.0,Ramp
11174,140438.0,Ramp
11175,139333.0,Ramp
11176,146536.0,Cooldown
11177,147975.0,Cooldown
11178,146133.0,Cooldown
11179,141672.0,Ramp
11180,143771.0,Ramp
11181,145315.0,Ramp
11182,144719.0,Ramp
11183,142704.0,Ramp
11184,138561.0,Ramp
11185,135129.0,Ramp
11186,136950.0,Ramp
11187,138599.0,Ramp
11188,141827.0,Ramp
11189,134269.0,Ramp
11190,137102.0,Ramp
11191,142221.0,Ramp
11192,146098.0,Cooldown
11193,140111.0,Ramp
11194,140564.0,Ramp
11195,136057.0,Ramp
11196,140854.0,Ramp
11197,141132.0,Ramp
11198,139967.0,Ramp
11199,135372.0,Ramp
11200,138276.0,Ramp
11201,139002.0,Ramp
11202,141310.0,Ramp
11203,138981.0,Ramp
11204,139492.0,Ramp
11205,140256.0,Ramp
11206,143235.0,Ramp
11207,145544.0,Ramp
11208,145541.0,Ramp
11209,140406.0,Ramp
11210,141494.0,Ramp
11211,140269.0,Ramp
11212,140771.0,Ramp
11213,140807.0,Ramp
11214,137971.0,Ramp
11215,137395.0,Ramp
11216,141701.0,Ramp
11217,140309.0,Ramp
11218,142950.0,Ramp
11219,140175.0,Ramp
11220,139022.0,Ramp
11221,164561.0,Cooldown
11222,149043.0,Cooldown
11223,144803.0,Ramp
11224,140993.0,Ramp
11225,142904.0,Ramp
11226,141117.0,Ramp
11227,146221.0,Burst
11228,150874.0,Cooldown
11229,150820.0,Cooldown
11230,142473.0,Ramp
11231,139916.0,Ramp
11232,143155.0,Ramp
11233,143684.0,Ramp
11234,144239.0,Ramp
11235,147314.0,Cooldown
11236,143352.0,Ramp
11237,145197.0,Ramp
11238,149211.0,Cooldown
11239,143743.0,Ramp
11240,143368.0,Ramp
11241,152649.0,Cooldown
11242,143314.0,Ramp
11243,140876.0,Ramp
11244,139796.0,Ramp
11245,138199.0,Ramp
11246,141732.0,Ramp
11247,142820.0,Ramp
11248,143662.0,Ramp
11249,138999.0,Ramp
11250,141188.0,Ramp
11251,147381.0,Cooldown
11252,144576.0,Ramp
11253,141704.0,Ramp
11254,142279.0,Ramp
11255,140811.0,Ramp
11256,143126.0,Ramp
11257,139782.0,Ramp
11258,145028.0,Ramp
11259,138153.0,Ramp
11260,139019.0,Ramp
11261,139208.0,Ramp
11262,143782.0,Ramp
11263,140960.0,Ramp
11264,139049.0,Ramp
11265,138877.0,Ramp
11266,145040.0,Ramp
11267,146595.0,Cooldown
11268,148606.0,Cooldown
11269,139969.0,Ramp
11270,144148.0,Ramp
11271,139067.0,Ramp
11272,139210.0,Ramp
11273,138949.0,Ramp
11274,138579.0,Ramp
11275,140289.0,Ramp
11276,144307.0,Ramp
11277,143954.0,Ramp
11278,143988.0,Ramp
11279,139942.0,Ramp
11280,141908.0,Ramp
11281,163889.0,Cooldown
11282,146195.0,Cooldown
11283,141074.0,Ramp
11284,140674.0,Ramp
11285,139967.0,Ramp
11286,145965.0,Burst
11287,146729.0,Burst
11288,148233.0,Cooldown
11289,144089.0,Ramp
11290,148219.0,Cooldown
11291,146167.0,Cooldown
11292,147949.0,Cooldown
11293,143805.0,Ramp
11294,142518.0,Ramp
11295,142420.0,Ramp
11296,143764.0,Ramp
11297,146474.0,Cooldown
11298,149854.0,Cooldown
11299,144726.0,Ramp
11300,144182.0,Ramp
11301,146326.0,Cooldown
11302,146870.0,Cooldown
11303,144216.0,Ramp
11304,140867.0,Ramp
11305,139964.0,Ramp
11306,142993.0,Ramp
11307,143089.0,Ramp
11308,144012.0,Ramp
11309,139252.0,Ramp
11310,142648.0,Ramp
11311,145006.0,Ramp
11312,144576.0,Ramp
11313,146914.0,Cooldown
11314,147103.0,Cooldown
11315,140315.0,Ramp
11316,144554.0,Ramp
11317,145794.0,Cooldown
11318,142979.0,Ramp
11319,141062.0,Ramp
11320,145900.0,Burst
11321,148369.0,Cooldown
11322,147712.0,Cooldown
11323,143164.0,Ramp
11324,142812.0,Ramp
11325,143850.0,Ramp
11326,151890.0,Cooldown
11327,148803.0,Cooldown
11328,143101.0,Ramp
11329,144160.0,Ramp
11330,142696.0,Ramp
11331,143019.0,Ramp
11332,144643.0,Ramp
11333,143217.0,Ramp
11334,142757.0,Ramp
11335,139099.0,Ramp
11336,144204.0,Ramp
11337,146861.0,Cooldown
11338,148951.0,Burst
11339,141869.0,Ramp
11340,142614.0,Ramp
11341,170686.0,Cooldown
11342,151820.0,Cooldown
11343,147589.0,Cooldown
11344,147602.0,Cooldown
11345,142275.0,Ramp
11346,150036.0,Cooldown
11347,147894.0,Burst
11348,154543.0,Cooldown
11349,144608.0,Ramp
11350,145286.0,Ramp
11351,147090.0,Burst
11352,149066.0,Cooldown
11353,146736.0,Burst
11354,149942.0,Cooldown
11355,146822.0,Burst
11356,148817.0,Cooldown
11357,148584.0,Cooldown
11358,147197.0,Cooldown
11359,142057.0,Ramp
11360,138613.0,Ramp
11361,141001.0,Ramp
11362,144111.0,Ramp
11363,142304.0,Ramp
11364,139558.0,Ramp
11365,141269.0,Ramp
11366,139666.0,Ramp
11367,144765.0,Ramp
11368,146277.0,Cooldown
11369,144481.0,Ramp
11370,141257.0,Ramp
11371,146001.0,Cooldown
11372,146087.0,Cooldown
11373,146843.0,Cooldown
11374,143188.0,Ramp
11375,139325.0,Ramp
11376,147120.0,Cooldown
11377,144533.0,Ramp
11378,150763.0,Cooldown
11379,144331.0,Ramp
11380,142129.0,Ramp
11381,143598.0,Ramp
11382,147383.0,Cooldown
11383,146493.0,Cooldown
11384,145085.0,Ramp
11385,143823.0,Ramp
11386,150211.0,Cooldown
11387,146055.0,Cooldown
11388,148662.0,Cooldown
11389,140898.0,Ramp
11390,140381.0,Ramp
11391,140021.0,Ramp
11392,144514.0,Ramp
11393,144322.0,Ramp
11394,141416.0,Ramp
11395,138875.0,Ramp
11396,138397.0,Ramp
11397,140740.0,Ramp
11398,146637.0,Burst
11399,141627.0,Ramp
11400,139710.0,Ramp
11401,174064.0,Cooldown
11402,149138.0,Cooldown
11403,143188.0,Ramp
11404,142412.0,Ramp
11405,140077.0,Ramp
11406,142723.0,Ramp
11407,144043.0,Ramp
11408,147105.0,Cooldown
11409,136330.0,Ramp
11410,138806.0,Ramp
11411,139083.0,Ramp
11412,139469.0,Ramp
11413,142080.0,Ramp
11414,136026.0,Ramp
11415,132109.0,Ramp
11416,141953.0,Ramp
11417,141713.0,Ramp
11418,141833.0,Ramp
11419,136615.0,Ramp
11420,133457.0,Ramp
11421,135873.0,Ramp
11422,138507.0,Ramp
11423,136183.0,Ramp
11424,133348.0,Ramp
11425,134431.0,Ramp
11426,134069.0,Ramp
11427,136185.0,Ramp
11428,138797.0,Ramp
11429,134565.0,Ramp
11430,130941.0,Ramp
11431,135485.0,Ramp
11432,136187.0,Ramp
11433,132505.0,Ramp
11434,133593.0,Ramp
11435,130768.0,Ramp
11436,134086.0,Ramp
11437,135285.0,Ramp
11438,138063.0,Ramp
11439,135321.0,Ramp
11440,134531.0,Ramp
11441,132350.0,Ramp
11442,134672.0,Ramp
11443,138417.0,Ramp
11444,140160.0,Ramp
11445,141403.0,Ramp
11446,136984.0,Ramp
11447,137292.0,Ramp
11448,137094.0,Ramp
11449,132623.0,Ramp
11450,132906.0,Ramp
11451,134001.0,Ramp
11452,136296.0,Ramp
11453,136342.0,Ramp
11454,134978.0,Ramp
11455,131244.0,Ramp
11456,134651.0,Ramp
11457,135685.0,Ramp
11458,138313.0,Ramp
11459,135401.0,Ramp
11460,131546.0,Ramp
11461,160708.0,Cooldown
11462,141477.0,Ramp
11463,136988.0,Ramp
11464,133919.0,Ramp
11465,130932.0,Ramp
11466,131401.0,Ramp
11467,131281.0,Ramp
11468,134098.0,Ramp
11469,131567.0,Ramp
11470,128679.0,Ramp
11471,131603.0,Ramp
11472,134023.0,Ramp
11473,132830.0,Ramp
11474,132093.0,Ramp
11475,128290.0,Ramp
11476,133251.0,Ramp
11477,133577.0,Ramp
11478,137762.0,Ramp
11479,131867.0,Ramp
11480,130017.0,Ramp
11481,128745.0,Ramp
11482,130516.0,Ramp
11483,131693.0,Ramp
11484,128828.0,Ramp
11485,125564.0,Ramp
11486,129821.0,Ramp
11487,130809.0,Ramp
11488,133082.0,Ramp
11489,129035.0,Ramp
11490,125957.0,Ramp
11491,131986.0,Ramp
11492,133921.0,Ramp
11493,131135.0,Ramp
11494,129337.0,Ramp
11495,125079.0,Ramp
11496,128248.0,Ramp
11497,127845.0,Ramp
11498,132149.0,Ramp
11499,125075.0,Ramp
11500,126847.0,Ramp
11501,124596.0,Ramp
11502,129285.0,Ramp
11503,131189.0,Ramp
11504,129029.0,Ramp
11505,123658.0,Idle
11506,132531.0,Ramp
11507,130407.0,Ramp
11508,131490.0,Ramp
11509,126106.0,Ramp
11510,126315.0,Ramp
11511,125698.0,Ramp
11512,129447.0,Ramp
11513,128453.0,Ramp
11514,126318.0,Ramp
11515,122806.0,Idle
11516,127833.0,Ramp
11517,130431.0,Ramp
11518,130997.0,Ramp
11519,126115.0,Ramp
11520,125095.0,Ramp
11521,159348.0,Cooldown
11522,137831.0,Ramp
11523,132014.0,Ramp
11524,136325.0,Ramp
11525,129254.0,Ramp
11526,133113.0,Ramp
11527,135611.0,Ramp
11528,134769.0,Ramp
11529,129382.0,Ramp
11530,130575.0,Ramp
11531,130161.0,Ramp
11532,133487.0,Ramp
11533,131933.0,Ramp
11534,128344.0,Ramp
11535,126889.0,Ramp
11536,130565.0,Ramp
11537,134300.0,Ramp
11538,133852.0,Ramp
11539,130549.0,Ramp
11540,126551.0,Ramp
11541,130247.0,Ramp
11542,132276.0,Ramp
11543,133736.0,Ramp
11544,130641.0,Ramp
11545,131046.0,Ramp
11546,133263.0,Ramp
11547,132520.0,Ramp
11548,134845.0,Ramp
11549,130985.0,Ramp
11550,130270.0,Ramp
11551,131273.0,Ramp
11552,130135.0,Ramp
11553,131123.0,Ramp
11554,129274.0,Ramp
11555,126246.0,Ramp
11556,130508.0,Ramp
11557,130328.0,Ramp
11558,132144.0,Ramp
11559,127133.0,Ramp
11560,127386.0,Ramp
11561,126459.0,Ramp
11562,129853.0,Ramp
11563,128597.0,Ramp
11564,124564.0,Ramp
11565,124304.0,Ramp
11566,133260.0,Ramp
11567,129533.0,Ramp
11568,130890.0,Ramp
11569,126122.0,Ramp
11570,126405.0,Ramp
11571,125866.0,Ramp
11572,126394.0,Ramp
11573,126182.0,Ramp
11574,123619.0,Idle
11575,121304.0,Idle
11576,123892.0,Idle
11577,127862.0,Ramp
11578,126259.0,Ramp
11579,123241.0,Idle
11580,121277.0,Idle
11581,146495.0,Cooldown
11582,130598.0,Ramp
11583,126068.0,Ramp
11584,124752.0,Ramp
11585,122282.0,Idle
11586,125028.0,Ramp
11587,127181.0,Ramp
11588,127416.0,Ramp
11589,126737.0,Ramp
11590,121449.0,Idle
11591,123885.0,Idle
11592,126961.0,Ramp
11593,127595.0,Ramp
11594,125890.0,Ramp
11595,122508.0,Idle
11596,127832.0,Ramp
11597,129409.0,Ramp
11598,128034.0,Ramp
11599,122973.0,Idle
11600,125277.0,Ramp
11601,123650.0,Idle
11602,127197.0,Ramp
11603,124298.0,Ramp
11604,123188.0,Idle
11605,121419.0,Idle
11606,124198.0,Ramp
11607,129785.0,Ramp
11608,130854.0,Ramp
11609,123814.0,Idle
11610,120676.0,Idle
11611,128371.0,Ramp
11612,129693.0,Ramp
11613,128949.0,Ramp
11614,122577.0,Idle
11615,121598.0,Idle
11616,125333.0,Ramp
11617,129923.0,Ramp
11618,130068.0,Ramp
11619,124740.0,Ramp
11620,123377.0,Idle
11621,125496.0,Ramp
11622,131597.0,Ramp
11623,127971.0,Ramp
11624,125582.0,Ramp
11625,121601.0,Idle
11626,127718.0,Ramp
11627,127434.0,Ramp
11628,128422.0,Ramp
11629,121616.0,Idle
11630,123361.0,Idle
11631,122691.0,Idle
11632,125036.0,Ramp
11633,125559.0,Ramp
11634,121854.0,Idle
11635,120772.0,Idle
11636,122828.0,Idle
11637,126557.0,Ramp
11638,128435.0,Ramp
11639,122171.0,Idle
11640,122218.0,Idle
11641,148596.0,Cooldown
11642,133572.0,Ramp
11643,128650.0,Ramp
11644,123286.0,Idle
11645,120550.0,Idle
11646,124645.0,Ramp
11647,124182.0,Ramp
11648,126257.0,Ramp
11649,125525.0,Ramp
11650,122893.0,Idle
11651,121893.0,Idle
11652,128118.0,Ramp
11653,127538.0,Ramp
11654,125903.0,Ramp
11655,125252.0,Ramp
11656,126755.0,Ramp
11657,127264.0,Ramp
11658,131719.0,Ramp
11659,122526.0,Idle
11660,122041.0,Idle
11661,124037.0,Idle
11662,124238.0,Ramp
11663,126554.0,Ramp
11664,124457.0,Ramp
11665,118533.0,Idle
11666,120935.0,Idle
11667,122659.0,Idle
11668,125010.0,Ramp
11669,118320.0,Idle
11670,117788.0,Idle
11671,122454.0,Idle
11672,123101.0,Idle
11673,125232.0,Ramp
11674,121584.0,Idle
11675,120392.0,Idle
11676,119741.0,Idle
11677,122404.0,Idle
11678,124849.0,Ramp
11679,117376.0,Idle
11680,122336.0,Idle
11681,120949.0,Idle
11682,122735.0,Idle
11683,126123.0,Ramp
11684,119891.0,Idle
11685,117155.0,Idle
11686,124173.0,Ramp
11687,124611.0,Ramp
11688,124551.0,Ramp
11689,120212.0,Idle
11690,117866.0,Idle
11691,120216.0,Idle
11692,121965.0,Idle
11693,120928.0,Idle
11694,118774.0,Idle
11695,117519.0,Idle
11696,121026.0,Idle
11697,123942.0,Idle
11698,123920.0,Idle
11699,120312.0,Idle
11700,117415.0,Idle
11701,145178.0,Ramp
11702,129415.0,Ramp
11703,127425.0,Ramp
11704,123687.0,Idle
11705,121759.0,Idle
11706,123792.0,Idle
11707,126808.0,Ramp
11708,129323.0,Ramp
11709,121800.0,Idle
11710,123033.0,Idle
11711,123342.0,Idle
11712,124793.0,Ramp
11713,126071.0,Ramp
11714,123535.0,Idle
11715,119833.0,Idle
11716,123793.0,Idle
11717,123910.0,Idle
11718,128358.0,Ramp
11719,119558.0,Idle
11720,118368.0,Idle
11721,119825.0,Idle
11722,120885.0,Idle
11723,124333.0,Ramp
11724,119409.0,Idle
11725,115961.0,Idle
11726,119282.0,Idle
11727,122128.0,Idle
11728,125259.0,Ramp
11729,117794.0,Idle
11730,119187.0,Idle
11731,121636.0,Idle
11732,123074.0,Idle
11733,121879.0,Idle
11734,117674.0,Idle
11735,116772.0,Idle
11736,119744.0,Idle
11737,120916.0,Idle
11738,123885.0,Idle
11739,117672.0,Idle
11740,118357.0,Idle
11741,116721.0,Idle
11742,121853.0,Idle
11743,121504.0,Idle
11744,119214.0,Idle
11745,116100.0,Idle
11746,122931.0,Idle
11747,122676.0,Idle
11748,122180.0,Idle
11749,119147.0,Idle
11750,118314.0,Idle
11751,119193.0,Idle
11752,119625.0,Idle
11753,118703.0,Idle
11754,116926.0,Idle
11755,115989.0,Idle
11756,119175.0,Idle
11757,123766.0,Idle
11758,122148.0,Idle
11759,118227.0,Idle
11760,117685.0,Idle
11761,161288.0,Cooldown
11762,134649.0,Ramp
11763,126782.0,Ramp
11764,122021.0,Idle
11765,120005.0,Idle
11766,123045.0,Idle
11767,126166.0,Ramp
11768,126915.0,Ramp
11769,120150.0,Idle
11770,122300.0,Idle
11771,123005.0,Idle
11772,120226.0,Idle
11773,121444.0,Idle
11774,118526.0,Idle
11775,118983.0,Idle
11776,123673.0,Idle
11777,125590.0,Ramp
11778,127904.0,Ramp
11779,121182.0,Idle
11780,124463.0,Ramp
11781,119374.0,Idle
11782,122484.0,Idle
11783,121196.0,Idle
11784,120942.0,Idle
11785,117570.0,Idle
11786,118682.0,Idle
11787,121419.0,Idle
11788,121481.0,Idle
11789,116320.0,Idle
11790,116309.0,Idle
11791,122558.0,Idle
11792,121933.0,Idle
11793,119465.0,Idle
11794,117385.0,Idle
11795,117267.0,Idle
11796,117961.0,Idle
11797,120446.0,Idle
11798,122494.0,Idle
11799,116970.0,Idle
11800,118723.0,Idle
11801,118474.0,Idle
11802,122099.0,Idle
11803,119801.0,Idle
11804,116865.0,Idle
11805,119381.0,Idle
11806,126749.0,Ramp
11807,125242.0,Ramp
11808,122338.0,Idle
11809,116420.0,Idle
11810,118136.0,Idle
11811,119254.0,Idle
11812,122398.0,Idle
11813,120265.0,Idle
11814,118242.0,Idle
11815,117097.0,Idle
11816,119707.0,Idle
11817,122438.0,Idle
11818,122514.0,Idle
11819,120792.0,Idle
11820,121886.0,Idle
11821,156747.0,Cooldown
11822,131836.0,Ramp
11823,123276.0,Idle
11824,124180.0,Ramp
11825,122937.0,Idle
11826,121795.0,Idle
11827,128049.0,Ramp
11828,128487.0,Ramp
11829,124027.0,Idle
11830,124701.0,Ramp
11831,124925.0,Ramp
11832,128731.0,Ramp
11833,125764.0,Ramp
11834,122841.0,Idle
11835,122306.0,Idle
11836,127169.0,Ramp
11837,128184.0,Ramp
11838,127530.0,Ramp
11839,122301.0,Idle
11840,121795.0,Idle
11841,121006.0,Idle
11842,127521.0,Ramp
11843,125235.0,Ramp
11844,121958.0,Idle
11845,120952.0,Idle
11846,120814.0,Idle
11847,127045.0,Ramp
11848,125660.0,Ramp
11849,123222.0,Idle
11850,121688.0,Idle
11851,126120.0,Ramp
11852,127746.0,Ramp
11853,125803.0,Ramp
11854,123648.0,Idle
11855,121732.0,Idle
11856,124059.0,Idle
11857,127801.0,Ramp
11858,125198.0,Ramp
11859,121791.0,Idle
11860,124416.0,Ramp
11861,121319.0,Idle
11862,128210.0,Ramp
11863,127293.0,Ramp
11864,126100.0,Ramp
11865,122673.0,Idle
11866,129060.0,Ramp
11867,129996.0,Ramp
11868,129620.0,Ramp
11869,123817.0,Idle
11870,125347.0,Ramp
11871,122842.0,Idle
11872,126638.0,Ramp
11873,126106.0,Ramp
11874,124755.0,Ramp
11875,123161.0,Idle
11876,122135.0,Idle
11877,126961.0,Ramp
11878,127322.0,Ramp
11879,123644.0,Idle
11880,119083.0,Idle
11881,156575.0,Cooldown
11882,139578.0,Ramp
11883,129405.0,Ramp
11884,127147.0,Ramp
11885,127185.0,Ramp
11886,127552.0,Ramp
11887,134528.0,Ramp
11888,134087.0,Ramp
11889,128947.0,Ramp
11890,128019.0,Ramp
11891,127036.0,Ramp
11892,129425.0,Ramp
11893,130129.0,Ramp
11894,127676.0,Ramp
11895,125157.0,Ramp
11896,126396.0,Ramp
11897,130432.0,Ramp
11898,131789.0,Ramp
11899,126794.0,Ramp
11900,127611.0,Ramp
11901,127061.0,Ramp
11902,128079.0,Ramp
11903,127965.0,Ramp
11904,123598.0,Idle
11905,123984.0,Idle
11906,129898.0,Ramp
11907,131194.0,Ramp
11908,130000.0,Ramp
11909,125327.0,Ramp
11910,126500.0,Ramp
11911,129896.0,Ramp
11912,132661.0,Ramp
11913,129384.0,Ramp
11914,129516.0,Ramp
11915,126989.0,Ramp
11916,132887.0,Ramp
11917,131674.0,Ramp
11918,131847.0,Ramp
11919,128274.0,Ramp
11920,129170.0,Ramp
11921,129801.0,Ramp
11922,130851.0,Ramp
11923,131982.0,Ramp
11924,126430.0,Ramp
11925,126331.0,Ramp
11926,132200.0,Ramp
11927,130828.0,Ramp
11928,132760.0,Ramp
11929,129209.0,Ramp
11930,129893.0,Ramp
11931,127288.0,Ramp
11932,132261.0,Ramp
11933,130684.0,Ramp
11934,129400.0,Ramp
11935,132439.0,Ramp
11936,130086.0,Ramp
11937,133020.0,Ramp
11938,133795.0,Ramp
11939,127219.0,Ramp
11940,128908.0,Ramp
11941,161773.0,Cooldown
11942,146576.0,Cooldown
11943,142185.0,Ramp
11944,137388.0,Ramp
11945,135068.0,Ramp
11946,132870.0,Ramp
11947,134717.0,Ramp
11948,137097.0,Ramp
11949,135711.0,Ramp
11950,137647.0,Ramp
11951,135542.0,Ramp
11952,136664.0,Ramp
11953,137295.0,Ramp
11954,134725.0,Ramp
11955,134223.0,Ramp
11956,135591.0,Ramp
11957,139954.0,Ramp
11958,144678.0,Ramp
11959,138837.0,Ramp
11960,137048.0,Ramp
11961,140869.0,Ramp
11962,138958.0,Ramp
11963,138115.0,Ramp
11964,135733.0,Ramp
11965,131378.0,Ramp
11966,131633.0,Ramp
11967,137967.0,Ramp
11968,141188.0,Ramp
11969,134966.0,Ramp
11970,132253.0,Ramp
11971,136912.0,Ramp
11972,142687.0,Ramp
11973,139809.0,Ramp
11974,134831.0,Ramp
11975,135980.0,Ramp
11976,134226.0,Ramp
11977,139764.0,Ramp
11978,141030.0,Ramp
11979,135868.0,Ramp
11980,134841.0,Ramp
11981,133548.0,Ramp
11982,139326.0,Ramp
11983,142320.0,Ramp
11984,140894.0,Ramp
11985,133996.0,Ramp
11986,138198.0,Ramp
11987,138169.0,Ramp
11988,141366.0,Ramp
11989,136650.0,Ramp
11990,136431.0,Ramp
11991,133664.0,Ramp
11992,134435.0,Ramp
11993,136854.0,Ramp
11994,134364.0,Ramp
11995,133489.0,Ramp
11996,132496.0,Ramp
11997,144233.0,Ramp
11998,143399.0,Ramp
11999,134814.0,Ramp
12000,133514.0,Ramp
12001,162905.0,Cooldown
12002,142491.0,Ramp
12003,140900.0,Ramp
12004,135783.0,Ramp
12005,134340.0,Ramp
12006,134795.0,Ramp
12007,140719.0,Ramp
12008,140192.0,Ramp
12009,134706.0,Ramp
12010,138169.0,Ramp
12011,133972.0,Ramp
12012,139220.0,Ramp
12013,140014.0,Ramp
12014,134455.0,Ramp
12015,134413.0,Ramp
12016,137352.0,Ramp
12017,140930.0,Ramp
12018,143187.0,Ramp
12019,137321.0,Ramp
12020,140641.0,Ramp
12021,136830.0,Ramp
12022,141863.0,Ramp
12023,140947.0,Ramp
12024,139063.0,Ramp
12025,135805.0,Ramp
12026,137618.0,Ramp
12027,140756.0,Ramp
12028,143199.0,Ramp
12029,135494.0,Ramp
12030,136010.0,Ramp
12031,139148.0,Ramp
12032,140317.0,Ramp
12033,135762.0,Ramp
12034,139672.0,Ramp
12035,135847.0,Ramp
12036,134996.0,Ramp
12037,140411.0,Ramp
12038,140174.0,Ramp
12039,134319.0,Ramp
12040,137257.0,Ramp
12041,136185.0,Ramp
12042,140856.0,Ramp
12043,142899.0,Ramp
12044,137014.0,Ramp
12045,135854.0,Ramp
12046,141731.0,Ramp
12047,139958.0,Ramp
12048,140975.0,Ramp
12049,134248.0,Ramp
12050,134722.0,Ramp
12051,137471.0,Ramp
12052,140546.0,Ramp
12053,145676.0,Ramp
12054,139866.0,Ramp
12055,136058.0,Ramp
12056,138387.0,Ramp
12057,141110.0,Ramp
12058,143445.0,Ramp
12059,140127.0,Ramp
12060,139071.0,Ramp
12061,162716.0,Cooldown
12062,151377.0,Cooldown
12063,150480.0,Cooldown
12064,143359.0,Ramp
12065,148944.0,Burst
12066,147824.0,Burst
12067,149138.0,Cooldown
12068,152995.0,Cooldown
12069,147559.0,Cooldown
12070,142425.0,Ramp
12071,141501.0,Ramp
12072,146179.0,Cooldown
12073,145910.0,Cooldown
12074,141996.0,Ramp
12075,139007.0,Ramp
12076,141633.0,Ramp
12077,145016.0,Ramp
12078,143927.0,Ramp
12079,140441.0,Ramp
12080,141234.0,Ramp
12081,143103.0,Ramp
12082,146029.0,Cooldown
12083,146527.0,Cooldown
12084,145158.0,Ramp
12085,140235.0,Ramp
12086,138981.0,Ramp
12087,142299.0,Ramp
12088,141779.0,Ramp
12089,134809.0,Ramp
12090,132239.0,Ramp
12091,139560.0,Ramp
12092,140260.0,Ramp
12093,135743.0,Ramp
12094,132127.0,Ramp
12095,132805.0,Ramp
12096,132157.0,Ramp
12097,139736.0,Ramp
12098,139354.0,Ramp
12099,136260.0,Ramp
12100,134762.0,Ramp
12101,135449.0,Ramp
12102,138128.0,Ramp
12103,139293.0,Ramp
12104,134625.0,Ramp
12105,131587.0,Ramp
12106,138224.0,Ramp
12107,136338.0,Ramp
12108,139421.0,Ramp
12109,131798.0,Ramp
12110,132066.0,Ramp
12111,133350.0,Ramp
12112,134894.0,Ramp
12113,134904.0,Ramp
12114,130310.0,Ramp
12115,132683.0,Ramp
12116,133070.0,Ramp
12117,138193.0,Ramp
12118,137958.0,Ramp
12119,132997.0,Ramp
12120,130897.0,Ramp
12121,161045.0,Cooldown
12122,144297.0,Ramp
12123,143783.0,Ramp
12124,138437.0,Ramp
12125,137444.0,Ramp
12126,136559.0,Ramp
12127,138279.0,Ramp
12128,140077.0,Ramp
12129,135385.0,Ramp
12130,136763.0,Ramp
12131,137443.0,Ramp
12132,138555.0,Ramp
12133,139819.0,Ramp
12134,134438.0,Ramp
12135,132381.0,Ramp
12136,137353.0,Ramp
12137,136390.0,Ramp
12138,142229.0,Ramp
12139,136990.0,Ramp
12140,134242.0,Ramp
12141,137093.0,Ramp
12142,138936.0,Ramp
12143,144090.0,Ramp
12144,143323.0,Ramp
12145,136851.0,Ramp
12146,140922.0,Ramp
12147,140815.0,Ramp
12148,144994.0,Ramp
12149,136324.0,Ramp
12150,137765.0,Ramp
12151,140777.0,Ramp
12152,145483.0,Ramp
12153,142408.0,Ramp
12154,142124.0,Ramp
12155,138885.0,Ramp
12156,141011.0,Ramp
12157,142220.0,Ramp
12158,142817.0,Ramp
12159,135117.0,Ramp
12160,138098.0,Ramp
12161,134883.0,Ramp
12162,142305.0,Ramp
12163,142015.0,Ramp
12164,136484.0,Ramp
12165,131897.0,Ramp
12166,140963.0,Ramp
12167,140899.0,Ramp
12168,138635.0,Ramp
12169,133140.0,Ramp
12170,134600.0,Ramp
12171,137210.0,Ramp
12172,133218.0,Ramp
12173,136772.0,Ramp
12174,133659.0,Ramp
12175,133953.0,Ramp
12176,136137.0,Ramp
12177,143411.0,Ramp
12178,143600.0,Ramp
12179,137195.0,Ramp
12180,137872.0,Ramp
12181,162997.0,Cooldown
12182,148168.0,Cooldown
12183,147150.0,Cooldown
12184,144890.0,Ramp
12185,141005.0,Ramp
12186,140070.0,Ramp
12187,143320.0,Ramp
12188,144112.0,Ramp
12189,139658.0,Ramp
12190,140052.0,Ramp
12191,142786.0,Ramp
12192,145616.0,Ramp
12193,143090.0,Ramp
12194,137725.0,Ramp
12195,137088.0,Ramp
12196,139362.0,Ramp
12197,140887.0,Ramp
12198,140257.0,Ramp
12199,135269.0,Ramp
12200,137034.0,Ramp
12201,137460.0,Ramp
12202,142210.0,Ramp
12203,139585.0,Ramp
12204,135993.0,Ramp
12205,133622.0,Ramp
12206,138650.0,Ramp
12207,140109.0,Ramp
12208,142266.0,Ramp
12209,138388.0,Ramp
12210,138622.0,Ramp
12211,143697.0,Ramp
12212,142876.0,Ramp
12213,142846.0,Ramp
12214,139836.0,Ramp
12215,137367.0,Ramp
12216,140138.0,Ramp
12217,139952.0,Ramp
12218,143144.0,Ramp
12219,139711.0,Ramp
12220,139012.0,Ramp
12221,140365.0,Ramp
12222,142801.0,Ramp
12223,142164.0,Ramp
12224,140023.0,Ramp
12225,136556.0,Ramp
12226,143887.0,Ramp
12227,142643.0,Ramp
12228,145135.0,Ramp
12229,137510.0,Ramp
12230,139934.0,Ramp
12231,138868.0,Ramp
12232,140869.0,Ramp
12233,137405.0,Ramp
12234,135265.0,Ramp
12235,136491.0,Ramp
12236,138404.0,Ramp
12237,142034.0,Ramp
12238,140515.0,Ramp
12239,137188.0,Ramp
12240,138496.0,Ramp
12241,167774.0,Cooldown
12242,147841.0,Cooldown
12243,142265.0,Ramp
12244,142978.0,Ramp
12245,138175.0,Ramp
12246,146368.0,Cooldown
12247,141469.0,Ramp
12248,140969.0,Ramp
12249,139302.0,Ramp
12250,138768.0,Ramp
12251,137671.0,Ramp
12252,141949.0,Ramp
12253,141272.0,Ramp
12254,137418.0,Ramp
12255,136559.0,Ramp
12256,143619.0,Ramp
12257,143191.0,Ramp
12258,142102.0,Ramp
12259,138126.0,Ramp
12260,140715.0,Ramp
12261,141348.0,Ramp
12262,143648.0,Ramp
12263,144451.0,Ramp
12264,143101.0,Ramp
12265,139989.0,Ramp
12266,149088.0,Cooldown
12267,147741.0,Cooldown
12268,146517.0,Cooldown
12269,141232.0,Ramp
12270,143300.0,Ramp
12271,147857.0,Burst
12272,152135.0,Cooldown
12273,151510.0,Cooldown
12274,148267.0,Cooldown
12275,143039.0,Ramp
12276,150040.0,Cooldown
12277,149548.0,Cooldown
12278,152814.0,Cooldown
12279,145377.0,Ramp
12280,146056.0,Burst
12281,145683.0,Ramp
12282,148756.0,Cooldown
12283,148855.0,Cooldown
12284,144568.0,Ramp
12285,140868.0,Ramp
12286,150153.0,Cooldown
12287,147894.0,Cooldown
12288,148689.0,Cooldown
12289,142376.0,Ramp
12290,142922.0,Ramp
12291,144119.0,Ramp
12292,146724.0,Cooldown
12293,145697.0,Ramp
12294,142762.0,Ramp
12295,143819.0,Ramp
12296,148096.0,Burst
12297,150686.0,Cooldown
12298,148977.0,Burst
12299,150096.0,Burst
12300,145283.0,Ramp
12301,171314.0,Cooldown
12302,156285.0,Cooldown
12303,152732.0,Cooldown
12304,153189.0,Cooldown
12305,144442.0,Ramp
12306,154292.0,Cooldown
12307,154710.0,Cooldown
12308,156110.0,Cooldown
12309,149941.0,Burst
12310,144831.0,Ramp
12311,152544.0,Burst
12312,159757.0,Cooldown
12313,153818.0,Burst
12314,149347.0,Burst
12315,151255.0,Burst
12316,170172.0,Cooldown
12317,173911.0,Cooldown
12318,171230.0,Cooldown
12319,161008.0,Cooldown
12320,161794.0,Cooldown
12321,160229.0,Cooldown
12322,155618.0,Cooldown
12323,154389.0,Cooldown
12324,154175.0,Burst
12325,148203.0,Burst
12326,157048.0,Burst
12327,165778.0,Burst
12328,166504.0,Burst
12329,166275.0,Cooldown
12330,164648.0,Cooldown
12331,170561.0,Cooldown
12332,159490.0,Cooldown
12333,154262.0,Burst
12334,153465.0,Burst
12335,152414.0,Burst
12336,158976.0,Cooldown
12337,154149.0,Cooldown
12338,154771.0,Cooldown
12339,153125.0,Burst
12340,153379.0,Burst
12341,152163.0,Burst
12342,159164.0,Cooldown
12343,155796.0,Burst
12344,157047.0,Burst
12345,157234.0,Burst
12346,163441.0,Burst
12347,170569.0,Cooldown
12348,164050.0,Cooldown
12349,156465.0,Burst
12350,157075.0,Burst
12351,158709.0,Cooldown
12352,161285.0,Cooldown
12353,155860.0,Cooldown
12354,157452.0,Cooldown
12355,153842.0,Burst
12356,155117.0,Burst
12357,155894.0,Burst
12358,161422.0,Burst
12359,156700.0,Burst
12360,152240.0,Burst
12361,181048.0,Cooldown
12362,159618.0,Cooldown
12363,154553.0,Cooldown
12364,154483.0,Cooldown
12365,150781.0,Burst
12366,155184.0,Cooldown
12367,156249.0,Cooldown
12368,157157.0,Cooldown
12369,148306.0,Burst
12370,147903.0,Burst
12371,152544.0,Burst
12372,156138.0,Cooldown
12373,155011.0,Cooldown
12374,152091.0,Burst
12375,154432.0,Burst
12376,156072.0,Burst
12377,159262.0,Cooldown
12378,157499.0,Burst
12379,159230.0,Cooldown
12380,158585.0,Cooldown
12381,156515.0,Burst
12382,158018.0,Cooldown
12383,152877.0,Burst
12384,161202.0,Cooldown
12385,159539.0,Burst
12386,162240.0,Burst
12387,161457.0,Burst
12388,172294.0,Cooldown
12389,161849.0,Burst
12390,158907.0,Burst
12391,164725.0,Cooldown
12392,162476.0,Cooldown
12393,163776.0,Cooldown
12394,164548.0,Cooldown
12395,157881.0,Burst
12396,164213.0,Cooldown
12397,163845.0,Cooldown
12398,155830.0,Burst
12399,155764.0,Burst
12400,152572.0,Burst
12401,161609.0,Cooldown
12402,153607.0,Cooldown
12403,155346.0,Cooldown
12404,150797.0,Burst
12405,152742.0,Burst
12406,158025.0,Cooldown
12407,154715.0,Cooldown
12408,149458.0,Burst
12409,155392.0,Cooldown
12410,149344.0,Burst
12411,153046.0,Burst
12412,151250.0,Burst
12413,156145.0,Cooldown
12414,154906.0,Burst
12415,148752.0,Burst
12416,157886.0,Burst
12417,164776.0,Cooldown
12418,164017.0,Burst
12419,157764.0,Burst
12420,156835.0,Burst
12421,182535.0,Cooldown
12422,157594.0,Burst
12423,167243.0,Cooldown
12424,163036.0,Burst
12425,161263.0,Burst
12426,168607.0,Cooldown
12427,164810.0,Cooldown
12428,165174.0,Cooldown
12429,160864.0,Cooldown
12430,160664.0,Cooldown
12431,153364.0,Cooldown
12432,150597.0,Cooldown
12433,150176.0,Cooldown
12434,143468.0,Ramp
12435,144186.0,Ramp
12436,150212.0,Burst
12437,149582.0,Burst
12438,156447.0,Cooldown
12439,146844.0,Cooldown
12440,146343.0,Burst
12441,147045.0,Cooldown
12442,146081.0,Cooldown
12443,148708.0,Cooldown
12444,143906.0,Ramp
12445,142701.0,Ramp
12446,146586.0,Burst
12447,147810.0,Cooldown
12448,149719.0,Cooldown
12449,145814.0,Burst
12450,144931.0,Ramp
12451,148764.0,Burst
12452,149647.0,Cooldown
12453,149862.0,Cooldown
12454,147114.0,Cooldown
12455,144873.0,Ramp
12456,145905.0,Burst
12457,144868.0,Ramp
12458,148837.0,Cooldown
12459,144120.0,Ramp
12460,143846.0,Ramp
12461,145929.0,Burst
12462,147554.0,Cooldown
12463,146611.0,Cooldown
12464,144539.0,Ramp
12465,142780.0,Ramp
12466,150119.0,Cooldown
12467,148880.0,Cooldown
12468,149298.0,Cooldown
12469,144593.0,Ramp
12470,147242.0,Cooldown
12471,148239.0,Cooldown
12472,145535.0,Ramp
12473,146732.0,Cooldown
12474,143691.0,Ramp
12475,144494.0,Ramp
12476,146093.0,Cooldown
12477,146737.0,Cooldown
12478,145397.0,Ramp
12479,143137.0,Ramp
12480,141391.0,Ramp
12481,171574.0,Cooldown
12482,150907.0,Cooldown
12483,151651.0,Cooldown
12484,149076.0,Cooldown
12485,146675.0,Cooldown
12486,145120.0,Ramp
12487,146968.0,Cooldown
12488,147913.0,Cooldown
12489,144360.0,Ramp
12490,145893.0,Burst
12491,146557.0,Cooldown
12492,146058.0,Cooldown
12493,147618.0,Cooldown
12494,144167.0,Ramp
12495,144113.0,Ramp
12496,145703.0,Ramp
12497,150924.0,Cooldown
12498,143908.0,Ramp
12499,144533.0,Ramp
12500,142769.0,Ramp
12501,142962.0,Ramp
12502,141131.0,Ramp
12503,146020.0,Cooldown
12504,143478.0,Ramp
12505,140869.0,Ramp
12506,142196.0,Ramp
12507,145006.0,Ramp
12508,143633.0,Ramp
12509,140088.0,Ramp
12510,141832.0,Ramp
12511,148869.0,Burst
12512,147768.0,Burst
12513,149047.0,Burst
12514,150757.0,Cooldown
12515,149214.0,Cooldown
12516,148352.0,Burst
12517,146815.0,Burst
12518,149833.0,Cooldown
12519,149885.0,Cooldown
12520,147989.0,Burst
12521,148524.0,Cooldown
12522,148468.0,Cooldown
12523,148524.0,Cooldown
12524,143439.0,Ramp
12525,141130.0,Ramp
12526,145025.0,Ramp
12527,145358.0,Ramp
12528,146723.0,Cooldown
12529,143481.0,Ramp
12530,143627.0,Ramp
12531,142692.0,Ramp
12532,146276.0,Cooldown
12533,147896.0,Cooldown
12534,145685.0,Ramp
12535,144652.0,Ramp
12536,149737.0,Cooldown
12537,146367.0,Cooldown
12538,148565.0,Burst
12539,141646.0,Ramp
12540,142384.0,Ramp
12541,169087.0,Cooldown
12542,150331.0,Cooldown
12543,150975.0,Cooldown
12544,145592.0,Ramp
12545,142561.0,Ramp
12546,146808.0,Burst
12547,147103.0,Cooldown
12548,148387.0,Burst
12549,146006.0,Burst
12550,146176.0,Burst
12551,159253.0,Cooldown
12552,148740.0,Cooldown
12553,145384.0,Ramp
12554,142067.0,Ramp
12555,143827.0,Ramp
12556,147085.0,Cooldown
12557,148140.0,Cooldown
12558,145382.0,Ramp
12559,140841.0,Ramp
12560,140102.0,Ramp
12561,142698.0,Ramp
12562,145511.0,Ramp
12563,144271.0,Ramp
12564,146418.0,Cooldown
12565,144231.0,Ramp
12566,141605.0,Ramp
12567,142956.0,Ramp
12568,145002.0,Ramp
12569,142842.0,Ramp
12570,144594.0,Ramp
12571,145543.0,Ramp
12572,146040.0,Cooldown
12573,143296.0,Ramp
12574,141894.0,Ramp
12575,138320.0,Ramp
12576,141920.0,Ramp
12577,142591.0,Ramp
12578,146087.0,Cooldown
12579,143742.0,Ramp
12580,145843.0,Burst
12581,145678.0,Ramp
12582,145763.0,Burst
12583,209130.0,Burst
12584,321805.0,Burst
12585,485851.0,Burst
12586,623441.0,Burst
12587,771153.0,Cooldown
12588,603773.0,Burst
12589,609486.0,Cooldown
12590,597928.0,Burst
12591,618570.0,Burst
12592,578935.0,Burst
12593,651705.0,Cooldown
12594,630129.0,Cooldown
12595,609438.0,Burst
12596,607622.0,Burst
12597,606007.0,Cooldown
12598,624825.0,Cooldown
12599,606631.0,Cooldown
12600,575425.0,Burst
12601,596821.0,Cooldown
12602,473813.0,Cooldown
12603,667741.0,Cooldown
12604,502051.0,Cooldown
12605,147407.0,Burst
12606,155632.0,Burst
12607,159019.0,Burst
12608,162094.0,Burst
12609,162095.0,Burst
12610,163007.0,Cooldown
12611,162122.0,Cooldown
12612,163694.0,Cooldown
12613,161753.0,Cooldown
12614,157906.0,Burst
12615,161027.0,Burst
12616,162636.0,Cooldown
12617,163243.0,Cooldown
12618,161074.0,Cooldown
12619,159283.0,Burst
12620,159256.0,Burst
12621,163222.0,Cooldown
12622,161701.0,Cooldown
12623,164666.0,Cooldown
12624,160275.0,Burst
12625,158397.0,Burst
12626,161709.0,Burst
12627,160775.0,Burst
12628,165743.0,Cooldown
12629,158859.0,Burst
12630,160403.0,Burst
12631,166965.0,Cooldown
12632,166471.0,Cooldown
12633,166708.0,Cooldown
12634,162778.0,Cooldown
12635,159949.0,Burst
12636,160973.0,Burst
12637,161752.0,Burst
12638,164024.0,Cooldown
12639,159479.0,Burst
12640,163717.0,Cooldown
12641,159258.0,Burst
12642,161552.0,Cooldown
12643,158829.0,Burst
12644,159477.0,Burst
12645,160061.0,Burst
12646,161635.0,Burst
12647,163721.0,Cooldown
12648,163232.0,Cooldown
12649,160317.0,Cooldown
12650,152116.0,Burst
12651,153361.0,Burst
12652,152420.0,Burst
12653,157174.0,Burst
12654,162837.0,Cooldown
12655,162546.0,Cooldown
12656,160181.0,Cooldown
12657,160042.0,Cooldown
12658,161282.0,Burst
12659,158766.0,Burst
12660,157315.0,Burst
12661,179711.0,Cooldown
12662,160596.0,Cooldown
12663,159231.0,Cooldown
12664,153837.0,Burst
12665,153677.0,Burst
12666,154547.0,Burst
12667,157017.0,Cooldown
12668,157045.0,Cooldown
12669,154234.0,Cooldown
12670,152819.0,Burst
12671,154931.0,Cooldown
12672,152891.0,Burst
12673,153941.0,Burst
12674,157374.0,Cooldown
12675,150007.0,Burst
12676,156377.0,Cooldown
12677,158024.0,Cooldown
12678,158250.0,Cooldown
12679,151807.0,Burst
12680,151025.0,Burst
12681,158795.0,Cooldown
12682,152753.0,Burst
12683,163708.0,Cooldown
12684,156953.0,Cooldown
12685,152391.0,Burst
12686,158765.0,Burst
12687,156576.0,Burst
12688,157819.0,Burst
12689,162486.0,Cooldown
12690,156087.0,Burst
12691,161603.0,Cooldown
12692,157384.0,Cooldown
12693,157035.0,Cooldown
12694,157294.0,Cooldown
12695,151494.0,Burst
12696,156874.0,Cooldown
12697,156772.0,Cooldown
12698,159929.0,Cooldown
12699,153193.0,Burst
12700,151082.0,Burst
12701,154852.0,Cooldown
12702,155561.0,Cooldown
12703,152176.0,Burst
12704,155521.0,Burst
12705,157142.0,Burst
12706,165317.0,Cooldown
12707,164982.0,Cooldown
12708,162102.0,Cooldown
12709,154019.0,Burst
12710,156444.0,Cooldown
12711,158062.0,Cooldown
12712,153658.0,Cooldown
12713,152343.0,Burst
12714,150141.0,Burst
12715,153199.0,Burst
12716,154652.0,Cooldown
12717,153939.0,Cooldown
12718,153047.0,Burst
12719,150940.0,Burst
12720,150936.0,Burst
12721,177471.0,Cooldown
12722,161299.0,Cooldown
12723,160844.0,Cooldown
12724,157511.0,Burst
12725,158018.0,Burst
12726,161367.0,Cooldown
12727,163723.0,Cooldown
12728,161898.0,Cooldown
12729,152677.0,Burst
12730,155233.0,Burst
12731,154228.0,Burst
12732,161479.0,Cooldown
12733,155212.0,Burst
12734,156300.0,Burst
12735,157745.0,Burst
12736,158798.0,Burst
12737,162022.0,Cooldown
12738,167706.0,Cooldown
12739,156522.0,Burst
12740,157942.0,Burst
12741,158942.0,Burst
12742,160370.0,Burst
12743,159193.0,Burst
12744,163546.0,Burst
12745,164504.0,Burst
12746,166122.0,Burst
12747,169148.0,Cooldown
12748,177366.0,Cooldown
12749,161073.0,Cooldown
12750,152552.0,Burst
12751,159885.0,Burst
12752,163622.0,Cooldown
12753,160662.0,Burst
12754,159760.0,Burst
12755,158467.0,Burst
12756,164853.0,Cooldown
12757,161280.0,Cooldown
12758,158979.0,Cooldown
12759,152996.0,Burst
12760,156463.0,Burst
12761,155420.0,Burst
12762,158371.0,Cooldown
12763,160170.0,Cooldown
12764,155504.0,Burst
12765,155224.0,Burst
12766,166375.0,Cooldown
12767,162074.0,Cooldown
12768,161498.0,Cooldown
12769,155571.0,Burst
12770,161179.0,Burst
12771,160060.0,Burst
12772,164393.0,Cooldown
12773,162538.0,Cooldown
12774,161294.0,Burst
12775,161442.0,Burst
12776,163465.0,Cooldown
12777,159917.0,Burst
12778,164399.0,Burst
12779,160201.0,Burst
12780,161198.0,Burst
12781,186423.0,Cooldown
12782,165349.0,Cooldown
12783,162820.0,Cooldown
12784,157782.0,Burst
12785,158389.0,Burst
12786,159340.0,Burst
12787,158449.0,Burst
12788,163279.0,Cooldown
12789,164094.0,Cooldown
12790,161963.0,Cooldown
12791,158775.0,Burst
12792,163394.0,Burst
12793,159404.0,Burst
12794,163286.0,Burst
12795,175462.0,Cooldown
12796,176756.0,Cooldown
12797,173406.0,Cooldown
12798,161787.0,Cooldown
12799,158066.0,Burst
12800,159986.0,Burst
12801,162571.0,Burst
12802,169278.0,Cooldown
12803,166795.0,Cooldown
12804,165877.0,Cooldown
12805,162188.0,Burst
12806,163203.0,Burst
12807,164498.0,Cooldown
12808,166604.0,Cooldown
12809,161119.0,Burst
12810,163367.0,Burst
12811,165058.0,Cooldown
12812,165089.0,Cooldown
12813,163442.0,Cooldown
12814,160111.0,Cooldown
12815,163208.0,Cooldown
12816,158482.0,Cooldown
12817,155771.0,Cooldown
12818,156857.0,Cooldown
12819,151976.0,Burst
12820,154681.0,Burst
12821,155553.0,Burst
12822,158312.0,Cooldown
12823,154485.0,Cooldown
12824,153978.0,Burst
12825,153202.0,Burst
12826,154226.0,Cooldown
12827,155757.0,Cooldown
12828,156611.0,Cooldown
12829,148910.0,Burst
12830,157247.0,Cooldown
12831,153802.0,Burst
12832,155199.0,Burst
12833,153812.0,Burst
12834,154960.0,Burst
12835,161102.0,Burst
12836,168114.0,Cooldown
12837,158090.0,Burst
12838,164629.0,Burst
12839,156151.0,Burst
12840,158705.0,Burst
12841,181560.0,Cooldown
12842,162398.0,Cooldown
12843,155874.0,Cooldown
12844,154785.0,Burst
12845,154330.0,Burst
12846,156426.0,Cooldown
12847,157198.0,Cooldown
12848,158203.0,Cooldown
12849,152571.0,Burst
12850,153421.0,Cooldown
12851,152266.0,Cooldown
12852,153444.0,Cooldown
12853,152042.0,Cooldown
12854,149788.0,Burst
12855,150354.0,Burst
12856,152672.0,Burst
12857,155692.0,Cooldown
12858,154654.0,Cooldown
12859,149921.0,Burst
12860,156004.0,Cooldown
12861,155864.0,Cooldown
12862,153734.0,Cooldown
12863,152517.0,Cooldown
12864,146721.0,Burst
12865,150263.0,Burst
12866,151641.0,Cooldown
12867,151806.0,Cooldown
12868,152125.0,Cooldown
12869,149087.0,Burst
12870,146558.0,Burst
12871,153719.0,Cooldown
12872,154564.0,Cooldown
12873,151913.0,Cooldown
12874,150129.0,Cooldown
12875,151015.0,Cooldown
12876,149987.0,Cooldown
12877,147946.0,Burst
12878,151114.0,Cooldown
12879,146129.0,Burst
12880,150341.0,Burst
12881,149355.0,Burst
12882,156595.0,Cooldown
12883,148053.0,Burst
12884,145847.0,Burst
12885,148489.0,Burst
12886,151156.0,Cooldown
12887,151511.0,Cooldown
12888,151573.0,Cooldown
12889,147863.0,Burst
12890,148673.0,Cooldown
12891,149828.0,Cooldown
12892,146722.0,Burst
12893,147141.0,Burst
12894,146215.0,Burst
12895,147527.0,Burst
12896,149770.0,Cooldown
12897,149533.0,Cooldown
12898,150937.0,Burst
12899,147741.0,Burst
12900,149624.0,Burst
12901,175107.0,Cooldown
12902,157986.0,Cooldown
12903,152628.0,Cooldown
12904,149012.0,Burst
12905,150587.0,Cooldown
12906,150337.0,Cooldown
12907,150096.0,Cooldown
12908,149083.0,Burst
12909,147725.0,Burst
12910,152612.0,Cooldown
12911,150668.0,Cooldown
12912,152256.0,Cooldown
12913,149432.0,Cooldown
12914,146271.0,Burst
12915,146364.0,Burst
12916,148391.0,Burst
12917,153200.0,Cooldown
12918,154584.0,Cooldown
12919,146997.0,Burst
12920,147817.0,Burst
12921,148370.0,Cooldown
12922,146988.0,Burst
12923,148505.0,Cooldown
12924,145726.0,Burst
12925,147826.0,Burst
12926,148271.0,Burst
12927,148953.0,Cooldown
12928,149736.0,Cooldown
12929,146889.0,Burst
12930,147756.0,Cooldown
12931,146142.0,Cooldown
12932,148772.0,Cooldown
12933,146447.0,Cooldown
12934,141102.0,Ramp
12935,142529.0,Ramp
12936,143758.0,Ramp
12937,148245.0,Cooldown
12938,144251.0,Ramp
12939,140143.0,Ramp
12940,143836.0,Ramp
12941,142380.0,Ramp
12942,145282.0,Ramp
12943,145481.0,Ramp
12944,146771.0,Cooldown
12945,143871.0,Ramp
12946,144661.0,Ramp
12947,149463.0,Cooldown
12948,147581.0,Cooldown
12949,140717.0,Ramp
12950,143116.0,Ramp
12951,143631.0,Ramp
12952,141764.0,Ramp
12953,142042.0,Ramp
12954,141059.0,Ramp
12955,143633.0,Ramp
12956,144360.0,Ramp
12957,146485.0,Cooldown
12958,148552.0,Burst
12959,141259.0,Ramp
12960,143566.0,Ramp
12961,177039.0,Cooldown
12962,157908.0,Cooldown
12963,147790.0,Burst
12964,149141.0,Cooldown
12965,147883.0,Burst
12966,148542.0,Cooldown
12967,147475.0,Burst
12968,150795.0,Cooldown
12969,144344.0,Ramp
12970,147916.0,Cooldown
12971,146937.0,Burst
12972,149116.0,Cooldown
12973,147530.0,Cooldown
12974,145658.0,Ramp
12975,144454.0,Ramp
12976,149133.0,Cooldown
12977,152219.0,Cooldown
12978,147315.0,Cooldown
12979,144847.0,Ramp
12980,147264.0,Cooldown
12981,144046.0,Ramp
12982,148789.0,Cooldown
12983,146808.0,Cooldown
12984,146159.0,Burst
12985,144954.0,Ramp
12986,146917.0,Burst
12987,148943.0,Cooldown
12988,148571.0,Cooldown
12989,145041.0,Ramp
12990,144200.0,Ramp
12991,145464.0,Ramp
12992,148380.0,Cooldown
12993,146477.0,Cooldown
12994,145998.0,Cooldown
12995,144626.0,Ramp
12996,143062.0,Ramp
12997,146269.0,Cooldown
12998,147393.0,Cooldown
12999,142358.0,Ramp
13000,144349.0,Ramp
13001,142471.0,Ramp
13002,149669.0,Cooldown
13003,146155.0,Cooldown
13004,143068.0,Ramp
13005,139946.0,Ramp
13006,144939.0,Ramp
13007,146934.0,Cooldown
13008,145738.0,Cooldown
13009,142347.0,Ramp
13010,142405.0,Ramp
13011,142460.0,Ramp
13012,142819.0,Ramp
13013,143624.0,Ramp
13014,144042.0,Ramp
13015,141930.0,Ramp
13016,140861.0,Ramp
13017,144357.0,Ramp
13018,144571.0,Ramp
13019,139565.0,Ramp
13020,141339.0,Ramp
13021,164992.0,Cooldown
13022,146745.0,Cooldown
13023,143320.0,Ramp
13024,144324.0,Ramp
13025,142796.0,Ramp
13026,143625.0,Ramp
13027,146200.0,Cooldown
13028,147121.0,Cooldown
13029,142585.0,Ramp
13030,142657.0,Ramp
13031,141454.0,Ramp
13032,146323.0,Cooldown
13033,145049.0,Ramp
13034,145658.0,Ramp
13035,143611.0,Ramp
13036,144466.0,Ramp
13037,146911.0,Burst
13038,154129.0,Cooldown
13039,143851.0,Ramp
13040,145456.0,Ramp
13041,144551.0,Ramp
13042,145808.0,Cooldown
13043,144595.0,Ramp
13044,141835.0,Ramp
13045,141730.0,Ramp
13046,144821.0,Ramp
13047,148477.0,Cooldown
13048,147763.0,Cooldown
13049,143880.0,Ramp
13050,147669.0,Burst
13051,150564.0,Burst
13052,152239.0,Cooldown
13053,152185.0,Cooldown
13054,151341.0,Cooldown
13055,145062.0,Ramp
13056,146679.0,Cooldown
13057,146025.0,Cooldown
13058,146602.0,Cooldown
13059,142959.0,Ramp
13060,144622.0,Ramp
13061,143340.0,Ramp
13062,147394.0,Cooldown
13063,144409.0,Ramp
13064,144079.0,Ramp
13065,145097.0,Ramp
13066,148491.0,Cooldown
13067,148934.0,Cooldown
13068,146969.0,Cooldown
13069,144375.0,Ramp
13070,147812.0,Cooldown
13071,144341.0,Ramp
13072,145018.0,Ramp
13073,143161.0,Ramp
13074,144061.0,Ramp
13075,143052.0,Ramp
13076,144345.0,Ramp
13077,144732.0,Ramp
13078,146400.0,Burst
13079,143818.0,Ramp
13080,141669.0,Ramp
13081,168557.0,Cooldown
13082,153284.0,Cooldown
13083,147636.0,Cooldown
13084,144303.0,Ramp
13085,142026.0,Ramp
13086,142666.0,Ramp
13087,141922.0,Ramp
13088,147083.0,Cooldown
13089,144351.0,Ramp
13090,148894.0,Cooldown
13091,146391.0,Burst
13092,150141.0,Cooldown
13093,148283.0,Cooldown
13094,146360.0,Cooldown
13095,146702.0,Cooldown
13096,145958.0,Cooldown
13097,145939.0,Cooldown
13098,144737.0,Ramp
13099,142362.0,Ramp
13100,144635.0,Ramp
13101,144714.0,Ramp
13102,143374.0,Ramp
13103,141412.0,Ramp
13104,140314.0,Ramp
13105,141201.0,Ramp
13106,138755.0,Ramp
13107,143682.0,Ramp
13108,144428.0,Ramp
13109,139033.0,Ramp
13110,143769.0,Ramp
13111,143911.0,Ramp
13112,146509.0,Cooldown
13113,143824.0,Ramp
13114,144784.0,Ramp
13115,141498.0,Ramp
13116,141223.0,Ramp
13117,142795.0,Ramp
13118,143510.0,Ramp
13119,139971.0,Ramp
13120,140598.0,Ramp
13121,139674.0,Ramp
13122,143707.0,Ramp
13123,143243.0,Ramp
13124,139445.0,Ramp
13125,141395.0,Ramp
13126,146142.0,Cooldown
13127,145816.0,Cooldown
13128,144732.0,Ramp
13129,138390.0,Ramp
13130,145329.0,Ramp
13131,139792.0,Ramp
13132,143403.0,Ramp
13133,141372.0,Ramp
13134,141796.0,Ramp
13135,144657.0,Ramp
13136,139148.0,Ramp
13137,144316.0,Ramp
13138,144011.0,Ramp
13139,139360.0,Ramp
13140,140201.0,Ramp
13141,168305.0,Cooldown
13142,147662.0,Cooldown
13143,142501.0,Ramp
13144,140906.0,Ramp
13145,141532.0,Ramp
13146,141426.0,Ramp
13147,147589.0,Cooldown
13148,147604.0,Cooldown
13149,142763.0,Ramp
13150,148643.0,Cooldown
13151,140182.0,Ramp
13152,150460.0,Cooldown
13153,148635.0,Cooldown
13154,143487.0,Ramp
13155,143657.0,Ramp
13156,140854.0,Ramp
13157,142845.0,Ramp
13158,139298.0,Ramp
13159,136097.0,Ramp
13160,140887.0,Ramp
13161,138940.0,Ramp
13162,136816.0,Ramp
13163,136593.0,Ramp
13164,135734.0,Ramp
13165,135994.0,Ramp
13166,136157.0,Ramp
13167,136357.0,Ramp
13168,143121.0,Ramp
13169,138645.0,Ramp
13170,137477.0,Ramp
13171,136434.0,Ramp
13172,139134.0,Ramp
13173,138320.0,Ramp
13174,139445.0,Ramp
13175,135408.0,Ramp
13176,135890.0,Ramp
13177,138034.0,Ramp
13178,142441.0,Ramp
13179,134293.0,Ramp
13180,139728.0,Ramp
13181,136657.0,Ramp
13182,138078.0,Ramp
13183,137467.0,Ramp
13184,134964.0,Ramp
13185,134384.0,Ramp
13186,137309.0,Ramp
13187,142647.0,Ramp
13188,139646.0,Ramp
13189,135544.0,Ramp
13190,138131.0,Ramp
13191,133611.0,Ramp
13192,133850.0,Ramp
13193,133797.0,Ramp
13194,137083.0,Ramp
13195,134938.0,Ramp
13196,134103.0,Ramp
13197,135805.0,Ramp
13198,138455.0,Ramp
13199,133551.0,Ramp
13200,133702.0,Ramp
13201,174970.0,Cooldown
13202,148325.0,Cooldown
13203,139075.0,Ramp
13204,136586.0,Ramp
13205,136805.0,Ramp
13206,135073.0,Ramp
13207,134021.0,Ramp
13208,134775.0,Ramp
13209,133866.0,Ramp
13210,134914.0,Ramp
13211,134152.0,Ramp
13212,131914.0,Ramp
13213,132636.0,Ramp
13214,128609.0,Ramp
13215,129354.0,Ramp
13216,130236.0,Ramp
13217,135587.0,Ramp
13218,137878.0,Ramp
13219,131322.0,Ramp
13220,128311.0,Ramp
13221,127923.0,Ramp
13222,125899.0,Ramp
13223,126766.0,Ramp
13224,124560.0,Ramp
13225,123988.0,Idle
13226,124407.0,Ramp
13227,129299.0,Ramp
13228,126256.0,Ramp
13229,124455.0,Ramp
13230,123682.0,Idle
13231,125332.0,Ramp
13232,124386.0,Ramp
13233,125307.0,Ramp
13234,125381.0,Ramp
13235,123905.0,Idle
13236,122768.0,Idle
13237,125093.0,Ramp
13238,124897.0,Ramp
13239,122732.0,Idle
13240,124781.0,Ramp
13241,122391.0,Idle
13242,123573.0,Idle
13243,122716.0,Idle
13244,120969.0,Idle
13245,118421.0,Idle
13246,122139.0,Idle
13247,121314.0,Idle
13248,123963.0,Idle
13249,119415.0,Idle
13250,120780.0,Idle
13251,119740.0,Idle
13252,117855.0,Idle
13253,118633.0,Idle
13254,119050.0,Idle
13255,119520.0,Idle
13256,119660.0,Idle
13257,120275.0,Idle
13258,123853.0,Idle
13259,118072.0,Idle
13260,121971.0,Idle
13261,157845.0,Cooldown
13262,132101.0,Ramp
13263,125396.0,Ramp
13264,123705.0,Idle
13265,123943.0,Idle
13266,122987.0,Idle
13267,124856.0,Ramp
13268,125651.0,Ramp
13269,123167.0,Idle
13270,126590.0,Ramp
13271,124948.0,Ramp
13272,127601.0,Ramp
13273,126998.0,Ramp
13274,124008.0,Idle
13275,127370.0,Ramp
13276,124980.0,Ramp
13277,126155.0,Ramp
13278,124702.0,Ramp
13279,121860.0,Idle
13280,124503.0,Ramp
13281,123837.0,Idle
13282,123460.0,Idle
13283,124119.0,Idle
13284,122432.0,Idle
13285,123495.0,Idle
13286,122844.0,Idle
13287,123943.0,Idle
13288,123881.0,Idle
13289,119057.0,Idle
13290,120369.0,Idle
13291,122591.0,Idle
13292,123411.0,Idle
13293,122802.0,Idle
13294,121529.0,Idle
13295,123242.0,Idle
13296,123396.0,Idle
13297,123554.0,Idle
13298,123127.0,Idle
13299,119922.0,Idle
13300,121727.0,Idle
13301,119661.0,Idle
13302,121747.0,Idle
13303,127389.0,Ramp
13304,129691.0,Ramp
13305,122048.0,Idle
13306,124276.0,Ramp
13307,126032.0,Ramp
13308,124523.0,Ramp
13309,123750.0,Idle
13310,125548.0,Ramp
13311,126541.0,Ramp
13312,125936.0,Ramp
13313,125891.0,Ramp
13314,123344.0,Idle
13315,125722.0,Ramp
13316,126978.0,Ramp
13317,125330.0,Ramp
13318,127264.0,Ramp
13319,123576.0,Idle
13320,126269.0,Ramp
13321,158655.0,Cooldown
13322,142245.0,Ramp
13323,131442.0,Ramp
13324,129559.0,Ramp
13325,132585.0,Ramp
13326,132233.0,Ramp
13327,132321.0,Ramp
13328,136039.0,Ramp
13329,130956.0,Ramp
13330,131865.0,Ramp
13331,128808.0,Ramp
13332,130832.0,Ramp
13333,131416.0,Ramp
13334,128703.0,Ramp
13335,128111.0,Ramp
13336,131346.0,Ramp
13337,132002.0,Ramp
13338,132661.0,Ramp
13339,127259.0,Ramp
13340,131732.0,Ramp
13341,130029.0,Ramp
13342,127912.0,Ramp
13343,129386.0,Ramp
13344,128734.0,Ramp
13345,131142.0,Ramp
13346,127636.0,Ramp
13347,129512.0,Ramp
13348,132303.0,Ramp
13349,128592.0,Ramp
13350,131747.0,Ramp
13351,132703.0,Ramp
13352,133408.0,Ramp
13353,132259.0,Ramp
13354,128085.0,Ramp
13355,130237.0,Ramp
13356,130870.0,Ramp
13357,134421.0,Ramp
13358,134748.0,Ramp
13359,127950.0,Ramp
13360,129297.0,Ramp
13361,128957.0,Ramp
13362,131004.0,Ramp
13363,129419.0,Ramp
13364,127509.0,Ramp
13365,129864.0,Ramp
13366,132864.0,Ramp
13367,135670.0,Ramp
13368,134331.0,Ramp
13369,128543.0,Ramp
13370,133250.0,Ramp
13371,132269.0,Ramp
13372,126929.0,Ramp
13373,129858.0,Ramp
13374,129055.0,Ramp
13375,138776.0,Ramp
13376,136753.0,Ramp
13377,129593.0,Ramp
13378,132074.0,Ramp
13379,131169.0,Ramp
13380,130781.0,Ramp
13381,155981.0,Cooldown
13382,138548.0,Ramp
13383,133395.0,Ramp
13384,132747.0,Ramp
13385,130836.0,Ramp
13386,132937.0,Ramp
13387,135366.0,Ramp
13388,132966.0,Ramp
13389,132754.0,Ramp
13390,131674.0,Ramp
13391,132842.0,Ramp
13392,137747.0,Ramp
13393,139210.0,Ramp
13394,135385.0,Ramp
13395,134990.0,Ramp
13396,135508.0,Ramp
13397,133218.0,Ramp
13398,136892.0,Ramp
13399,135978.0,Ramp
13400,142373.0,Ramp
13401,135683.0,Ramp
13402,136945.0,Ramp
13403,138286.0,Ramp
13404,131436.0,Ramp
13405,134999.0,Ramp
13406,133159.0,Ramp
13407,136573.0,Ramp
13408,138593.0,Ramp
13409,127879.0,Ramp
13410,132621.0,Ramp
13411,134116.0,Ramp
13412,136663.0,Ramp
13413,137567.0,Ramp
13414,133498.0,Ramp
13415,132455.0,Ramp
13416,133576.0,Ramp
13417,129396.0,Ramp
13418,134984.0,Ramp
13419,128528.0,Ramp
13420,131472.0,Ramp
13421,130312.0,Ramp
13422,133543.0,Ramp
13423,136629.0,Ramp
13424,132245.0,Ramp
13425,131824.0,Ramp
13426,137242.0,Ramp
13427,138366.0,Ramp
13428,139330.0,Ramp
13429,130558.0,Ramp
13430,133786.0,Ramp
13431,132322.0,Ramp
13432,134890.0,Ramp
13433,135223.0,Ramp
13434,133645.0,Ramp
13435,136283.0,Ramp
13436,135591.0,Ramp
13437,130414.0,Ramp
13438,134586.0,Ramp
13439,128069.0,Ramp
13440,132120.0,Ramp
13441,159078.0,Cooldown
13442,136990.0,Ramp
13443,134799.0,Ramp
13444,133801.0,Ramp
13445,132973.0,Ramp
13446,131258.0,Ramp
13447,132098.0,Ramp
13448,136042.0,Ramp
13449,132154.0,Ramp
13450,133964.0,Ramp
13451,131843.0,Ramp
13452,130682.0,Ramp
13453,133377.0,Ramp
13454,131038.0,Ramp
13455,131591.0,Ramp
13456,130648.0,Ramp
13457,135145.0,Ramp
13458,139305.0,Ramp
13459,129946.0,Ramp
13460,133798.0,Ramp
13461,130307.0,Ramp
13462,137387.0,Ramp
13463,133461.0,Ramp
13464,132042.0,Ramp
13465,134703.0,Ramp
13466,133014.0,Ramp
13467,135503.0,Ramp
13468,138953.0,Ramp
13469,133496.0,Ramp
13470,132943.0,Ramp
13471,132911.0,Ramp
13472,133832.0,Ramp
13473,135438.0,Ramp
13474,129326.0,Ramp
13475,131935.0,Ramp
13476,130442.0,Ramp
13477,130565.0,Ramp
13478,132154.0,Ramp
13479,127306.0,Ramp
13480,131092.0,Ramp
13481,129599.0,Ramp
13482,132328.0,Ramp
13483,133706.0,Ramp
13484,131726.0,Ramp
13485,128331.0,Ramp
13486,132793.0,Ramp
13487,135015.0,Ramp
13488,137279.0,Ramp
13489,130347.0,Ramp
13490,135355.0,Ramp
13491,131916.0,Ramp
13492,133618.0,Ramp
13493,134859.0,Ramp
13494,133165.0,Ramp
13495,134405.0,Ramp
13496,133401.0,Ramp
13497,134133.0,Ramp
13498,136220.0,Ramp
13499,131673.0,Ramp
13500,134761.0,Ramp
13501,161098.0,Cooldown
13502,141746.0,Ramp
13503,138577.0,Ramp
13504,132693.0,Ramp
13505,132063.0,Ramp
13506,129441.0,Ramp
13507,133172.0,Ramp
13508,136954.0,Ramp
13509,133280.0,Ramp
13510,140200.0,Ramp
13511,130931.0,Ramp
13512,132412.0,Ramp
13513,132852.0,Ramp
13514,129551.0,Ramp
13515,128949.0,Ramp
13516,130008.0,Ramp
13517,136314.0,Ramp
13518,135169.0,Ramp
13519,130156.0,Ramp
13520,134301.0,Ramp
13521,132734.0,Ramp
13522,133825.0,Ramp
13523,134518.0,Ramp
13524,130924.0,Ramp
13525,130634.0,Ramp
13526,132875.0,Ramp
13527,133150.0,Ramp
13528,139009.0,Ramp
13529,129962.0,Ramp
13530,130775.0,Ramp
13531,132845.0,Ramp
13532,137142.0,Ramp
13533,134485.0,Ramp
13534,136050.0,Ramp
13535,139019.0,Ramp
13536,143357.0,Ramp
13537,147911.0,Burst
13538,153065.0,Cooldown
13539,148905.0,Cooldown
13540,146550.0,Burst
13541,147164.0,Burst
13542,150698.0,Burst
13543,153099.0,Burst
13544,152407.0,Burst
13545,155485.0,Cooldown
13546,151894.0,Burst
13547,153782.0,Burst
13548,159544.0,Cooldown
13549,150023.0,Burst
13550,153150.0,Cooldown
13551,150083.0,Burst
13552,149987.0,Burst
13553,152408.0,Cooldown
13554,149781.0,Burst
13555,150258.0,Burst
13556,149079.0,Cooldown
13557,151406.0,Cooldown
13558,152587.0,Cooldown
13559,128879.0,Ramp
13560,132657.0,Ramp
13561,153549.0,Cooldown
13562,141643.0,Ramp
13563,133460.0,Ramp
13564,130467.0,Ramp
13565,131902.0,Ramp
13566,131120.0,Ramp
13567,131924.0,Ramp
13568,136421.0,Ramp
13569,132503.0,Ramp
13570,133528.0,Ramp
13571,129183.0,Ramp
13572,134599.0,Ramp
13573,134847.0,Ramp
13574,129007.0,Ramp
13575,132174.0,Ramp
13576,131918.0,Ramp
13577,136993.0,Ramp
13578,139053.0,Ramp
13579,137841.0,Ramp
13580,145171.0,Ramp
13581,140030.0,Ramp
13582,141994.0,Ramp
13583,145871.0,Cooldown
13584,141124.0,Ramp
13585,143287.0,Ramp
13586,143158.0,Ramp
13587,141262.0,Ramp
13588,144487.0,Ramp
13589,141171.0,Ramp
13590,139978.0,Ramp
13591,141473.0,Ramp
13592,146121.0,Cooldown
13593,147504.0,Cooldown
13594,145285.0,Ramp
13595,140674.0,Ramp
13596,149422.0,Cooldown
13597,144699.0,Ramp
13598,141678.0,Ramp
13599,138980.0,Ramp
13600,141376.0,Ramp
13601,138850.0,Ramp
13602,144041.0,Ramp
13603,143403.0,Ramp
13604,140461.0,Ramp
13605,140891.0,Ramp
13606,144743.0,Ramp
13607,144611.0,Ramp
13608,138299.0,Ramp
13609,130326.0,Ramp
13610,132684.0,Ramp
13611,130760.0,Ramp
13612,132304.0,Ramp
13613,133570.0,Ramp
13614,130324.0,Ramp
13615,130831.0,Ramp
13616,131051.0,Ramp
13617,134203.0,Ramp
13618,136335.0,Ramp
13619,130734.0,Ramp
13620,133312.0,Ramp
13621,156359.0,Cooldown
13622,140140.0,Ramp
13623,140621.0,Ramp
13624,138802.0,Ramp
13625,139699.0,Ramp
13626,137135.0,Ramp
13627,142162.0,Ramp
13628,144444.0,Ramp
13629,136473.0,Ramp
13630,138079.0,Ramp
13631,136817.0,Ramp
13632,138775.0,Ramp
13633,136670.0,Ramp
13634,136295.0,Ramp
13635,133829.0,Ramp
13636,135678.0,Ramp
13637,140816.0,Ramp
13638,140425.0,Ramp
13639,136738.0,Ramp
13640,141266.0,Ramp
13641,135306.0,Ramp
13642,137158.0,Ramp
13643,137875.0,Ramp
13644,134744.0,Ramp
13645,134822.0,Ramp
13646,135290.0,Ramp
13647,143853.0,Ramp
13648,140735.0,Ramp
13649,136637.0,Ramp
13650,134220.0,Ramp
13651,137334.0,Ramp
13652,139730.0,Ramp
13653,141376.0,Ramp
13654,139017.0,Ramp
13655,136995.0,Ramp
13656,136384.0,Ramp
13657,142786.0,Ramp
13658,141227.0,Ramp
13659,140570.0,Ramp
13660,141596.0,Ramp
13661,134181.0,Ramp
13662,137904.0,Ramp
13663,141281.0,Ramp
13664,135330.0,Ramp
13665,137343.0,Ramp
13666,137021.0,Ramp
13667,141610.0,Ramp
13668,142313.0,Ramp
13669,134672.0,Ramp
13670,135684.0,Ramp
13671,134313.0,Ramp
13672,137130.0,Ramp
13673,137780.0,Ramp
13674,135804.0,Ramp
13675,135514.0,Ramp
13676,136423.0,Ramp
13677,139702.0,Ramp
13678,141851.0,Ramp
13679,136250.0,Ramp
13680,136893.0,Ramp
13681,162951.0,Cooldown
13682,145673.0,Ramp
13683,143185.0,Ramp
13684,140080.0,Ramp
13685,140210.0,Ramp
13686,138128.0,Ramp
13687,140619.0,Ramp
13688,141956.0,Ramp
13689,137069.0,Ramp
13690,138603.0,Ramp
13691,137898.0,Ramp
13692,142180.0,Ramp
13693,140593.0,Ramp
13694,138555.0,Ramp
13695,137685.0,Ramp
13696,139902.0,Ramp
13697,143204.0,Ramp
13698,149277.0,Cooldown
13699,138561.0,Ramp
13700,141073.0,Ramp
13701,142318.0,Ramp
13702,143318.0,Ramp
13703,144261.0,Ramp
13704,139130.0,Ramp
13705,140200.0,Ramp
13706,141548.0,Ramp
13707,142096.0,Ramp
13708,146702.0,Cooldown
13709,141800.0,Ramp
13710,139842.0,Ramp
13711,143385.0,Ramp
13712,143951.0,Ramp
13713,148087.0,Cooldown
13714,144426.0,Ramp
13715,142006.0,Ramp
13716,142355.0,Ramp
13717,141840.0,Ramp
13718,144448.0,Ramp
13719,146483.0,Cooldown
13720,142258.0,Ramp
13721,140180.0,Ramp
13722,146495.0,Cooldown
13723,145150.0,Ramp
13724,140737.0,Ramp
13725,140337.0,Ramp
13726,142359.0,Ramp
13727,147108.0,Cooldown
13728,146807.0,Cooldown
13729,142089.0,Ramp
13730,151233.0,Cooldown
13731,144721.0,Ramp
13732,145274.0,Ramp
13733,144761.0,Ramp
13734,145003.0,Ramp
13735,145938.0,Burst
13736,145411.0,Ramp
13737,147413.0,Burst
13738,150778.0,Burst
13739,144828.0,Ramp
13740,148141.0,Burst
13741,175178.0,Cooldown
13742,155738.0,Cooldown
13743,152278.0,Cooldown
13744,149556.0,Cooldown
13745,147041.0,Burst
13746,150360.0,Burst
13747,150803.0,Burst
13748,153195.0,Burst
13749,151812.0,Burst
13750,160969.0,Cooldown
13751,150410.0,Burst
13752,153602.0,Cooldown
13753,150728.0,Cooldown
13754,148876.0,Cooldown
13755,146884.0,Burst
13756,148924.0,Burst
13757,149204.0,Burst
13758,150476.0,Burst
13759,149575.0,Burst
13760,154417.0,Burst
13761,150128.0,Burst
13762,157535.0,Cooldown
13763,156421.0,Burst
13764,153963.0,Burst
13765,153668.0,Burst
13766,163736.0,Cooldown
13767,162464.0,Cooldown
13768,152133.0,Cooldown
13769,149040.0,Burst
13770,149270.0,Burst
13771,156276.0,Burst
13772,155166.0,Burst
13773,159603.0,Cooldown
13774,160470.0,Cooldown
13775,151336.0,Burst
13776,157947.0,Cooldown
13777,152589.0,Cooldown
13778,150162.0,Cooldown
13779,146082.0,Burst
13780,147135.0,Burst
13781,146851.0,Burst
13782,147647.0,Cooldown
13783,149250.0,Cooldown
13784,146587.0,Burst
13785,143948.0,Ramp
13786,147731.0,Burst
13787,153810.0,Cooldown
13788,157086.0,Cooldown
13789,144808.0,Ramp
13790,145606.0,Ramp
13791,145604.0,Ramp
13792,146752.0,Cooldown
13793,147848.0,Cooldown
13794,147089.0,Burst
13795,143214.0,Ramp
13796,149821.0,Burst
13797,148253.0,Burst
13798,155337.0,Burst
13799,150837.0,Burst
13800,146535.0,Burst
13801,174940.0,Cooldown
13802,157024.0,Cooldown
13803,155206.0,Cooldown
13804,150119.0,Cooldown
13805,144325.0,Ramp
13806,149012.0,Burst
13807,152262.0,Cooldown
13808,149205.0,Cooldown
13809,145839.0,Burst
13810,144465.0,Ramp
13811,147030.0,Burst
13812,152336.0,Burst
13813,151062.0,Burst
13814,147233.0,Burst
13815,160408.0,Burst
13816,163026.0,Cooldown
13817,162690.0,Cooldown
13818,158575.0,Cooldown
13819,156790.0,Burst
13820,162062.0,Cooldown
13821,153547.0,Cooldown
13822,156160.0,Cooldown
13823,151886.0,Cooldown
13824,150381.0,Cooldown
13825,147748.0,Burst
13826,148009.0,Burst
13827,150071.0,Cooldown
13828,153883.0,Cooldown
13829,146040.0,Burst
13830,142342.0,Ramp
13831,163596.0,Cooldown
13832,159391.0,Cooldown
13833,164003.0,Cooldown
13834,156883.0,Cooldown
13835,155347.0,Burst
13836,156908.0,Cooldown
13837,152859.0,Cooldown
13838,156929.0,Cooldown
13839,151534.0,Cooldown
13840,149975.0,Burst
13841,153152.0,Cooldown
13842,149630.0,Cooldown
13843,150963.0,Cooldown
13844,149513.0,Cooldown
13845,146266.0,Burst
13846,147142.0,Cooldown
13847,146217.0,Cooldown
13848,150512.0,Cooldown
13849,141645.0,Ramp
13850,145414.0,Ramp
13851,146186.0,Burst
13852,147050.0,Cooldown
13853,150762.0,Cooldown
13854,142957.0,Ramp
13855,144418.0,Ramp
13856,152087.0,Cooldown
13857,147216.0,Cooldown
13858,147510.0,Burst
13859,141758.0,Ramp
13860,140980.0,Ramp
13861,168888.0,Cooldown
13862,151668.0,Burst
13863,168825.0,Cooldown
13864,155366.0,Burst
13865,155773.0,Burst
13866,157391.0,Cooldown
13867,157636.0,Cooldown
13868,159965.0,Cooldown
13869,145833.0,Burst
13870,151058.0,Burst
13871,156857.0,Cooldown
13872,149315.0,Burst
13873,151452.0,Cooldown
13874,152710.0,Cooldown
13875,147638.0,Burst
13876,149192.0,Burst
13877,147825.0,Burst
13878,153873.0,Cooldown
13879,147445.0,Burst
13880,145728.0,Burst
13881,163390.0,Burst
13882,166114.0,Cooldown
13883,168771.0,Cooldown
13884,165460.0,Cooldown
13885,163612.0,Cooldown
13886,166082.0,Cooldown
13887,157630.0,Burst
13888,163686.0,Burst
13889,163733.0,Burst
13890,162814.0,Burst
13891,168956.0,Cooldown
13892,168600.0,Cooldown
13893,170935.0,Cooldown
13894,163734.0,Burst
13895,157910.0,Burst
13896,172985.0,Cooldown
13897,174125.0,Cooldown
13898,171468.0,Cooldown
13899,164301.0,Burst
13900,169936.0,Burst
13901,173637.0,Cooldown
13902,170702.0,Cooldown
13903,170334.0,Cooldown
13904,165217.0,Burst
13905,165645.0,Burst
13906,170208.0,Cooldown
13907,167301.0,Cooldown
13908,170447.0,Cooldown
13909,158559.0,Burst
13910,162043.0,Cooldown
13911,165549.0,Cooldown
13912,162304.0,Cooldown
13913,154476.0,Cooldown
13914,145577.0,Ramp
13915,147865.0,Burst
13916,151268.0,Cooldown
13917,148670.0,Cooldown
13918,149607.0,Burst
13919,145730.0,Burst
13920,147923.0,Burst
13921,176219.0,Cooldown
13922,157853.0,Cooldown
13923,156029.0,Cooldown
13924,154193.0,Cooldown
13925,148154.0,Burst
13926,154338.0,Cooldown
13927,146489.0,Burst
13928,150293.0,Cooldown
13929,147398.0,Burst
13930,146673.0,Burst
13931,150231.0,Cooldown
13932,147940.0,Cooldown
13933,147994.0,Burst
13934,147654.0,Burst
13935,145905.0,Burst
13936,153291.0,Burst
13937,152904.0,Cooldown
13938,158425.0,Cooldown
13939,149629.0,Cooldown
13940,149378.0,Cooldown
13941,148524.0,Burst
13942,149191.0,Cooldown
13943,150072.0,Cooldown
13944,148163.0,Burst
13945,146794.0,Burst
13946,148310.0,Burst
13947,155145.0,Cooldown
13948,151764.0,Cooldown
13949,147125.0,Burst
13950,146489.0,Burst
13951,151539.0,Burst
13952,155015.0,Cooldown
13953,155606.0,Cooldown
13954,153386.0,Cooldown
13955,149118.0,Burst
13956,148992.0,Burst
13957,148860.0,Burst
13958,151636.0,Cooldown
13959,147326.0,Burst
13960,150039.0,Cooldown
13961,147835.0,Burst
13962,149307.0,Cooldown
13963,150911.0,Cooldown
13964,143421.0,Ramp
13965,144883.0,Ramp
13966,148525.0,Burst
13967,148748.0,Burst
13968,154396.0,Cooldown
13969,148866.0,Cooldown
13970,146175.0,Burst
13971,144638.0,Ramp
13972,147562.0,Burst
13973,149787.0,Cooldown
13974,146255.0,Burst
13975,148070.0,Cooldown
13976,148119.0,Cooldown
13977,143440.0,Ramp
13978,149908.0,Burst
13979,146931.0,Burst
13980,144856.0,Ramp
13981,167765.0,Cooldown
13982,155099.0,Cooldown
13983,156738.0,Cooldown
13984,152795.0,Cooldown
13985,144716.0,Ramp
13986,149500.0,Burst
13987,150852.0,Burst
13988,154566.0,Cooldown
13989,150096.0,Cooldown
13990,149413.0,Cooldown
13991,148547.0,Cooldown
13992,147596.0,Cooldown
13993,149372.0,Cooldown
13994,146849.0,Cooldown
13995,141917.0,Ramp
13996,144806.0,Ramp
13997,143761.0,Ramp
13998,151682.0,Cooldown
13999,141781.0,Ramp
14000,141268.0,Ramp
14001,144908.0,Ramp
14002,147869.0,Cooldown
14003,146930.0,Cooldown
14004,142400.0,Ramp
14005,141381.0,Ramp
14006,142021.0,Ramp
14007,146979.0,Cooldown
14008,148992.0,Cooldown
14009,141560.0,Ramp
14010,142439.0,Ramp
14011,147616.0,Burst
14012,150213.0,Cooldown
14013,152488.0,Cooldown
14014,147279.0,Cooldown
14015,141486.0,Ramp
14016,148837.0,Cooldown
14017,147437.0,Cooldown
14018,149917.0,Cooldown
14019,143251.0,Ramp
14020,144583.0,Ramp
14021,147098.0,Burst
14022,152673.0,Cooldown
14023,148519.0,Cooldown
14024,144278.0,Ramp
14025,140448.0,Ramp
14026,146174.0,Burst
14027,146622.0,Burst
14028,153717.0,Cooldown
14029,143924.0,Ramp
14030,145850.0,Burst
14031,150050.0,Cooldown
14032,145670.0,Ramp
14033,149091.0,Cooldown
14034,144524.0,Ramp
14035,142667.0,Ramp
14036,145528.0,Ramp
14037,145692.0,Ramp
14038,150271.0,Burst
14039,144215.0,Ramp
14040,144255.0,Ramp
14041,169472.0,Cooldown
14042,153097.0,Burst
14043,155522.0,Cooldown
14044,154943.0,Cooldown
14045,154745.0,Cooldown
14046,150926.0,Cooldown
14047,148463.0,Cooldown
14048,149017.0,Cooldown
14049,148339.0,Cooldown
14050,146959.0,Cooldown
14051,143405.0,Ramp
14052,148091.0,Cooldown
14053,146292.0,Cooldown
14054,145222.0,Ramp
14055,144328.0,Ramp
14056,147350.0,Burst
14057,149549.0,Cooldown
14058,150165.0,Cooldown
14059,143611.0,Ramp
14060,143426.0,Ramp
14061,146497.0,Burst
14062,149882.0,Cooldown
14063,150984.0,Cooldown
14064,147494.0,Cooldown
14065,143448.0,Ramp
14066,147960.0,Cooldown
14067,148113.0,Cooldown
14068,149844.0,Cooldown
14069,143272.0,Ramp
14070,146340.0,Burst
14071,151432.0,Cooldown
14072,150766.0,Cooldown
14073,152257.0,Cooldown
14074,149139.0,Cooldown
14075,148010.0,Burst
14076,149632.0,Cooldown
14077,147416.0,Burst
14078,150837.0,Cooldown
14079,147226.0,Cooldown
14080,146398.0,Cooldown
14081,142609.0,Ramp
14082,145672.0,Ramp
14083,147666.0,Cooldown
14084,144571.0,Ramp
14085,141269.0,Ramp
14086,146846.0,Cooldown
14087,143724.0,Ramp
14088,147451.0,Cooldown
14089,139806.0,Ramp
14090,141538.0,Ramp
14091,143043.0,Ramp
14092,142930.0,Ramp
14093,144087.0,Ramp
14094,138479.0,Ramp
14095,139424.0,Ramp
14096,141615.0,Ramp
14097,139628.0,Ramp
14098,143436.0,Ramp
14099,143674.0,Ramp
14100,142130.0,Ramp
14101,162680.0,Cooldown
14102,146075.0,Cooldown
14103,146005.0,Cooldown
14104,142877.0,Ramp
14105,138871.0,Ramp
14106,143508.0,Ramp
14107,141618.0,Ramp
14108,147057.0,Cooldown
14109,145160.0,Ramp
14110,142111.0,Ramp
14111,141170.0,Ramp
14112,142361.0,Ramp
14113,143878.0,Ramp
14114,139458.0,Ramp
14115,137718.0,Ramp
14116,147197.0,Cooldown
14117,147640.0,Cooldown
14118,151926.0,Cooldown
14119,141331.0,Ramp
14120,143291.0,Ramp
14121,145386.0,Ramp
14122,147465.0,Cooldown
14123,147002.0,Cooldown
14124,141894.0,Ramp
14125,143590.0,Ramp
14126,145383.0,Ramp
14127,146621.0,Cooldown
14128,148054.0,Cooldown
14129,142147.0,Ramp
14130,144093.0,Ramp
14131,142923.0,Ramp
14132,146038.0,Cooldown
14133,146604.0,Cooldown
14134,146440.0,Cooldown
14135,140227.0,Ramp
14136,146712.0,Cooldown
14137,142438.0,Ramp
14138,147612.0,Cooldown
14139,140341.0,Ramp
14140,141839.0,Ramp
14141,146774.0,Cooldown
14142,143005.0,Ramp
14143,143199.0,Ramp
14144,141984.0,Ramp
14145,138899.0,Ramp
14146,142811.0,Ramp
14147,142624.0,Ramp
14148,147791.0,Cooldown
14149,138237.0,Ramp
14150,141179.0,Ramp
14151,140097.0,Ramp
14152,137759.0,Ramp
14153,140511.0,Ramp
14154,135252.0,Ramp
14155,134634.0,Ramp
14156,137632.0,Ramp
14157,135551.0,Ramp
14158,140462.0,Ramp
14159,137417.0,Ramp
14160,137392.0,Ramp
14161,162641.0,Cooldown
14162,145221.0,Ramp
14163,145752.0,Cooldown
14164,143399.0,Ramp
14165,141596.0,Ramp
14166,144414.0,Ramp
14167,138986.0,Ramp
14168,144677.0,Ramp
14169,136546.0,Ramp
14170,139944.0,Ramp
14171,138875.0,Ramp
14172,141213.0,Ramp
14173,141820.0,Ramp
14174,141887.0,Ramp
14175,138851.0,Ramp
14176,141735.0,Ramp
14177,143178.0,Ramp
14178,150017.0,Cooldown
14179,140112.0,Ramp
14180,142454.0,Ramp
14181,140710.0,Ramp
14182,141047.0,Ramp
14183,141497.0,Ramp
14184,139187.0,Ramp
14185,135857.0,Ramp
14186,138625.0,Ramp
14187,139062.0,Ramp
14188,145508.0,Ramp
14189,136524.0,Ramp
14190,136004.0,Ramp
14191,136391.0,Ramp
14192,138136.0,Ramp
14193,142336.0,Ramp
14194,140037.0,Ramp
14195,141401.0,Ramp
14196,141769.0,Ramp
14197,139506.0,Ramp
14198,140788.0,Ramp
14199,137174.0,Ramp
14200,139894.0,Ramp
14201,140251.0,Ramp
14202,144573.0,Ramp
14203,141104.0,Ramp
14204,139056.0,Ramp
14205,136505.0,Ramp
14206,143051.0,Ramp
14207,139888.0,Ramp
14208,141164.0,Ramp
14209,136242.0,Ramp
14210,140880.0,Ramp
14211,141417.0,Ramp
14212,142016.0,Ramp
14213,138978.0,Ramp
14214,137715.0,Ramp
14215,134737.0,Ramp
14216,137342.0,Ramp
14217,140589.0,Ramp
14218,142848.0,Ramp
14219,135631.0,Ramp
14220,136868.0,Ramp
14221,159589.0,Cooldown
14222,145679.0,Ramp
14223,146477.0,Cooldown
14224,148799.0,Cooldown
14225,142208.0,Ramp
14226,144824.0,Ramp
14227,143640.0,Ramp
14228,148715.0,Cooldown
14229,139018.0,Ramp
14230,143110.0,Ramp
14231,143429.0,Ramp
14232,142129.0,Ramp
14233,144326.0,Ramp
14234,142094.0,Ramp
14235,139992.0,Ramp
14236,140280.0,Ramp
14237,142390.0,Ramp
14238,146139.0,Cooldown
14239,143746.0,Ramp
14240,143610.0,Ramp
14241,142185.0,Ramp
14242,142153.0,Ramp
14243,143968.0,Ramp
14244,144586.0,Ramp
14245,144048.0,Ramp
14246,142189.0,Ramp
14247,138616.0,Ramp
14248,139022.0,Ramp
14249,139539.0,Ramp
14250,142110.0,Ramp
14251,142558.0,Ramp
14252,141115.0,Ramp
14253,144717.0,Ramp
14254,138216.0,Ramp
14255,140160.0,Ramp
14256,142123.0,Ramp
14257,139091.0,Ramp
14258,139669.0,Ramp
14259,133805.0,Ramp
14260,140610.0,Ramp
14261,137665.0,Ramp
14262,139058.0,Ramp
14263,142260.0,Ramp
14264,137391.0,Ramp
14265,136594.0,Ramp
14266,142325.0,Ramp
14267,143184.0,Ramp
14268,144530.0,Ramp
14269,138064.0,Ramp
14270,140456.0,Ramp
14271,137361.0,Ramp
14272,137809.0,Ramp
14273,141089.0,Ramp
14274,134728.0,Ramp
14275,134339.0,Ramp
14276,136058.0,Ramp
14277,135745.0,Ramp
14278,139423.0,Ramp
14279,133139.0,Ramp
14280,137572.0,Ramp
14281,162908.0,Cooldown
14282,138773.0,Ramp
14283,139781.0,Ramp
14284,136219.0,Ramp
14285,137679.0,Ramp
14286,135484.0,Ramp
14287,134467.0,Ramp
14288,137584.0,Ramp
14289,132849.0,Ramp
14290,133763.0,Ramp
14291,135055.0,Ramp
14292,136593.0,Ramp
14293,137738.0,Ramp
14294,134592.0,Ramp
14295,133159.0,Ramp
14296,134508.0,Ramp
14297,131632.0,Ramp
14298,137109.0,Ramp
14299,134617.0,Ramp
14300,133505.0,Ramp
14301,133665.0,Ramp
14302,133068.0,Ramp
14303,133272.0,Ramp
14304,130890.0,Ramp
14305,130007.0,Ramp
14306,131419.0,Ramp
14307,128942.0,Ramp
14308,131860.0,Ramp
14309,127345.0,Ramp
14310,130035.0,Ramp
14311,130449.0,Ramp
14312,134406.0,Ramp
14313,132724.0,Ramp
14314,130691.0,Ramp
14315,129792.0,Ramp
14316,130503.0,Ramp
14317,131459.0,Ramp
14318,131712.0,Ramp
14319,127023.0,Ramp
14320,130240.0,Ramp
14321,128912.0,Ramp
14322,131326.0,Ramp
14323,130351.0,Ramp
14324,127943.0,Ramp
14325,127850.0,Ramp
14326,133565.0,Ramp
14327,131077.0,Ramp
14328,135677.0,Ramp
14329,128592.0,Ramp
14330,130066.0,Ramp
14331,126909.0,Ramp
14332,127686.0,Ramp
14333,128792.0,Ramp
14334,125239.0,Ramp
14335,125531.0,Ramp
14336,127105.0,Ramp
14337,125632.0,Ramp
14338,130819.0,Ramp
14339,124795.0,Ramp
14340,128497.0,Ramp
14341,151244.0,Cooldown
14342,137678.0,Ramp
14343,135195.0,Ramp
14344,131247.0,Ramp
14345,126906.0,Ramp
14346,126043.0,Ramp
14347,128033.0,Ramp
14348,130806.0,Ramp
14349,124403.0,Ramp
14350,127969.0,Ramp
14351,126063.0,Ramp
14352,127559.0,Ramp
14353,127697.0,Ramp
14354,124911.0,Ramp
14355,126248.0,Ramp
14356,128121.0,Ramp
14357,127399.0,Ramp
14358,133669.0,Ramp
14359,126555.0,Ramp
14360,129803.0,Ramp
14361,128284.0,Ramp
14362,131112.0,Ramp
14363,128613.0,Ramp
14364,127657.0,Ramp
14365,126680.0,Ramp
14366,130478.0,Ramp
14367,128053.0,Ramp
14368,135052.0,Ramp
14369,131548.0,Ramp
14370,132588.0,Ramp
14371,131577.0,Ramp
14372,133295.0,Ramp
14373,135520.0,Ramp
14374,131915.0,Ramp
14375,129418.0,Ramp
14376,132637.0,Ramp
14377,129835.0,Ramp
14378,133319.0,Ramp
14379,125629.0,Ramp
14380,126683.0,Ramp
14381,124414.0,Ramp
14382,126949.0,Ramp
14383,127388.0,Ramp
14384,122907.0,Idle
14385,124303.0,Ramp
14386,125448.0,Ramp
14387,125440.0,Ramp
14388,131569.0,Ramp
14389,125868.0,Ramp
14390,127507.0,Ramp
14391,127584.0,Ramp
14392,127181.0,Ramp
14393,126803.0,Ramp
14394,122802.0,Idle
14395,123995.0,Idle
14396,126889.0,Ramp
14397,125082.0,Ramp
14398,126797.0,Ramp
14399,121575.0,Idle
14400,124905.0,Ramp
14401,159789.0,Cooldown
14402,140501.0,Ramp
14403,134345.0,Ramp
14404,133372.0,Ramp
14405,129775.0,Ramp
14406,132844.0,Ramp
14407,132573.0,Ramp
14408,131956.0,Ramp
14409,127019.0,Ramp
14410,128715.0,Ramp
14411,128386.0,Ramp
14412,130870.0,Ramp
14413,129225.0,Ramp
14414,126782.0,Ramp
14415,126414.0,Ramp
14416,131906.0,Ramp
14417,131479.0,Ramp
14418,133363.0,Ramp
14419,131146.0,Ramp
14420,132889.0,Ramp
14421,133260.0,Ramp
14422,133261.0,Ramp
14423,131744.0,Ramp
14424,131562.0,Ramp
14425,132426.0,Ramp
14426,136295.0,Ramp
14427,135800.0,Ramp
14428,143246.0,Ramp
14429,135795.0,Ramp
14430,134360.0,Ramp
14431,134769.0,Ramp
14432,135544.0,Ramp
14433,136999.0,Ramp
14434,129951.0,Ramp
14435,127890.0,Ramp
14436,134010.0,Ramp
14437,131838.0,Ramp
14438,133520.0,Ramp
14439,124821.0,Ramp
14440,126699.0,Ramp
14441,126034.0,Ramp
14442,127760.0,Ramp
14443,127802.0,Ramp
14444,124542.0,Ramp
14445,125323.0,Ramp
14446,132772.0,Ramp
14447,132172.0,Ramp
14448,132951.0,Ramp
14449,125602.0,Ramp
14450,127512.0,Ramp
14451,127625.0,Ramp
14452,127962.0,Ramp
14453,128221.0,Ramp
14454,126206.0,Ramp
14455,124922.0,Ramp
14456,129630.0,Ramp
14457,126561.0,Ramp
14458,129117.0,Ramp
14459,121423.0,Idle
14460,125754.0,Ramp
14461,147846.0,Cooldown
14462,128883.0,Ramp
14463,130159.0,Ramp
14464,126176.0,Ramp
14465,125264.0,Ramp
14466,126120.0,Ramp
14467,127663.0,Ramp
14468,127410.0,Ramp
14469,120520.0,Idle
14470,124298.0,Ramp
14471,126345.0,Ramp
14472,126657.0,Ramp
14473,124537.0,Ramp
14474,123507.0,Idle
14475,123509.0,Idle
14476,127899.0,Ramp
14477,126886.0,Ramp
14478,129833.0,Ramp
14479,124320.0,Ramp
14480,125909.0,Ramp
14481,128978.0,Ramp
14482,129331.0,Ramp
14483,129727.0,Ramp
14484,126022.0,Ramp
14485,126479.0,Ramp
14486,131793.0,Ramp
14487,129987.0,Ramp
14488,130323.0,Ramp
14489,125993.0,Ramp
14490,126963.0,Ramp
14491,129326.0,Ramp
14492,128846.0,Ramp
14493,132630.0,Ramp
14494,127106.0,Ramp
14495,125538.0,Ramp
14496,128907.0,Ramp
14497,126603.0,Ramp
14498,129960.0,Ramp
14499,123966.0,Idle
14500,124535.0,Ramp
14501,123771.0,Idle
14502,127945.0,Ramp
14503,125033.0,Ramp
14504,123432.0,Idle
14505,125264.0,Ramp
14506,129865.0,Ramp
14507,128292.0,Ramp
14508,131275.0,Ramp
14509,123520.0,Idle
14510,122796.0,Idle
14511,124347.0,Ramp
14512,126080.0,Ramp
14513,127484.0,Ramp
14514,124770.0,Ramp
14515,119898.0,Idle
14516,126146.0,Ramp
14517,133709.0,Ramp
14518,127402.0,Ramp
14519,119007.0,Idle
14520,118785.0,Idle
14521,146514.0,Cooldown
14522,133791.0,Ramp
14523,131089.0,Ramp
14524,131084.0,Ramp
14525,119456.0,Idle
14526,124677.0,Ramp
14527,124605.0,Ramp
14528,125200.0,Ramp
14529,121538.0,Idle
14530,123824.0,Idle
14531,123688.0,Idle
14532,124327.0,Ramp
14533,124820.0,Ramp
14534,121354.0,Idle
14535,121685.0,Idle
14536,125302.0,Ramp
14537,124617.0,Ramp
14538,128407.0,Ramp
14539,120079.0,Idle
14540,120865.0,Idle
14541,121854.0,Idle
14542,123816.0,Idle
14543,121473.0,Idle
14544,119960.0,Idle
14545,118251.0,Idle
14546,123928.0,Idle
14547,122132.0,Idle
14548,124801.0,Ramp
14549,118750.0,Idle
14550,119889.0,Idle
14551,122226.0,Idle
14552,122313.0,Idle
14553,126503.0,Ramp
14554,121918.0,Idle
14555,118597.0,Idle
14556,122031.0,Idle
14557,120371.0,Idle
14558,123269.0,Idle
14559,117093.0,Idle
14560,118070.0,Idle
14561,122497.0,Idle
14562,122067.0,Idle
14563,124461.0,Ramp
14564,118530.0,Idle
14565,115442.0,Idle
14566,121046.0,Idle
14567,122953.0,Idle
14568,126880.0,Ramp
14569,118663.0,Idle
14570,118428.0,Idle
14571,118262.0,Idle
14572,120698.0,Idle
14573,120357.0,Idle
14574,116130.0,Idle
14575,115100.0,Idle
14576,119263.0,Idle
14577,118959.0,Idle
14578,121358.0,Idle
14579,115184.0,Idle
14580,115186.0,Idle
14581,141508.0,Ramp
14582,125123.0,Ramp
14583,124491.0,Ramp
14584,120830.0,Idle
14585,116151.0,Idle
14586,119276.0,Idle
14587,119138.0,Idle
14588,123897.0,Idle
14589,116035.0,Idle
14590,115111.0,Idle
14591,116509.0,Idle
14592,118741.0,Idle
14593,119183.0,Idle
14594,118814.0,Idle
14595,116726.0,Idle
14596,119882.0,Idle
14597,120198.0,Idle
14598,123709.0,Idle
14599,116438.0,Idle
14600,118022.0,Idle
14601,117429.0,Idle
14602,119517.0,Idle
14603,118834.0,Idle
14604,115738.0,Idle
14605,114532.0,Idle
14606,118506.0,Idle
14607,118969.0,Idle
14608,121650.0,Idle
14609,116116.0,Idle
14610,115271.0,Idle
14611,121487.0,Idle
14612,121501.0,Idle
14613,122409.0,Idle
14614,118851.0,Idle
14615,114586.0,Idle
14616,116697.0,Idle
14617,117808.0,Idle
14618,119722.0,Idle
14619,115792.0,Idle
14620,115658.0,Idle
14621,116814.0,Idle
14622,119009.0,Idle
14623,119152.0,Idle
14624,116470.0,Idle
14625,113998.0,Idle
14626,118872.0,Idle
14627,118283.0,Idle
14628,122665.0,Idle
14629,117787.0,Idle
14630,116616.0,Idle
14631,117279.0,Idle
14632,116937.0,Idle
14633,117641.0,Idle
14634,116366.0,Idle
14635,113706.0,Idle
14636,116890.0,Idle
14637,117660.0,Idle
14638,118477.0,Idle
14639,114073.0,Idle
14640,116794.0,Idle
14641,154942.0,Cooldown
14642,131485.0,Ramp
14643,125976.0,Ramp
14644,120567.0,Idle
14645,116539.0,Idle
14646,120649.0,Idle
14647,122708.0,Idle
14648,126437.0,Ramp
14649,121893.0,Idle
14650,122835.0,Idle
14651,124029.0,Idle
14652,124465.0,Ramp
14653,124963.0,Ramp
14654,123004.0,Idle
14655,121701.0,Idle
14656,124536.0,Ramp
14657,125084.0,Ramp
14658,128196.0,Ramp
14659,121376.0,Idle
14660,121119.0,Idle
14661,119982.0,Idle
14662,121262.0,Idle
14663,117217.0,Idle
14664,118606.0,Idle
14665,116493.0,Idle
14666,117653.0,Idle
14667,117537.0,Idle
14668,121711.0,Idle
14669,116111.0,Idle
14670,115567.0,Idle
14671,117216.0,Idle
14672,117443.0,Idle
14673,118370.0,Idle
14674,116615.0,Idle
14675,115513.0,Idle
14676,119989.0,Idle
14677,120336.0,Idle
14678,121336.0,Idle
14679,117786.0,Idle
14680,118636.0,Idle
14681,118113.0,Idle
14682,118219.0,Idle
14683,117829.0,Idle
14684,115533.0,Idle
14685,112685.0,Idle
14686,120493.0,Idle
14687,118459.0,Idle
14688,121963.0,Idle
14689,117051.0,Idle
14690,116482.0,Idle
14691,118488.0,Idle
14692,118621.0,Idle
14693,118985.0,Idle
14694,117281.0,Idle
14695,115248.0,Idle
14696,116880.0,Idle
14697,117469.0,Idle
14698,119020.0,Idle
14699,115846.0,Idle
14700,116475.0,Idle
14701,150525.0,Cooldown
14702,129322.0,Ramp
14703,127849.0,Ramp
14704,127757.0,Ramp
14705,119237.0,Idle
14706,121400.0,Idle
14707,119936.0,Idle
14708,122692.0,Idle
14709,119712.0,Idle
14710,118356.0,Idle
14711,119039.0,Idle
14712,121413.0,Idle
14713,119680.0,Idle
14714,119825.0,Idle
14715,117242.0,Idle
14716,122252.0,Idle
14717,121260.0,Idle
14718,125405.0,Ramp
14719,119173.0,Idle
14720,118534.0,Idle
14721,118276.0,Idle
14722,118734.0,Idle
14723,119257.0,Idle
14724,119122.0,Idle
14725,118813.0,Idle
14726,121227.0,Idle
14727,120641.0,Idle
14728,123728.0,Idle
14729,120706.0,Idle
14730,119779.0,Idle
14731,123179.0,Idle
14732,122566.0,Idle
14733,123106.0,Idle
14734,122307.0,Idle
14735,120040.0,Idle
14736,120828.0,Idle
14737,117530.0,Idle
14738,120711.0,Idle
14739,117074.0,Idle
14740,119191.0,Idle
14741,118964.0,Idle
14742,119584.0,Idle
14743,118843.0,Idle
14744,118728.0,Idle
14745,116792.0,Idle
14746,121410.0,Idle
14747,122703.0,Idle
14748,125220.0,Ramp
14749,120220.0,Idle
14750,120558.0,Idle
14751,121568.0,Idle
14752,123873.0,Idle
14753,122342.0,Idle
14754,120076.0,Idle
14755,119384.0,Idle
14756,123406.0,Idle
14757,122347.0,Idle
14758,122532.0,Idle
14759,118267.0,Idle
14760,122199.0,Idle
14761,152275.0,Cooldown
14762,137195.0,Ramp
14763,132277.0,Ramp
14764,130960.0,Ramp
14765,125810.0,Ramp
14766,129055.0,Ramp
14767,124778.0,Ramp
14768,127163.0,Ramp
14769,125922.0,Ramp
14770,126709.0,Ramp
14771,123788.0,Idle
14772,126529.0,Ramp
14773,126649.0,Ramp
14774,125397.0,Ramp
14775,123171.0,Idle
14776,125566.0,Ramp
14777,128954.0,Ramp
14778,131732.0,Ramp
14779,125784.0,Ramp
14780,125699.0,Ramp
14781,124713.0,Ramp
14782,124738.0,Ramp
14783,124359.0,Ramp
14784,124440.0,Ramp
14785,122081.0,Idle
14786,124124.0,Idle
14787,125460.0,Ramp
14788,125314.0,Ramp
14789,124953.0,Ramp
14790,122403.0,Idle
14791,124900.0,Ramp
14792,124480.0,Ramp
14793,125233.0,Ramp
14794,125679.0,Ramp
14795,120834.0,Idle
14796,124120.0,Idle
14797,124403.0,Ramp
14798,126327.0,Ramp
14799,124664.0,Ramp
14800,123632.0,Idle
14801,123431.0,Idle
14802,126134.0,Ramp
14803,126398.0,Ramp
14804,123922.0,Idle
14805,120614.0,Idle
14806,125854.0,Ramp
14807,125458.0,Ramp
14808,129312.0,Ramp
14809,124979.0,Ramp
14810,126812.0,Ramp
14811,125849.0,Ramp
14812,128185.0,Ramp
14813,126498.0,Ramp
14814,125203.0,Ramp
14815,122509.0,Idle
14816,126903.0,Ramp
14817,126424.0,Ramp
14818,131239.0,Ramp
14819,125790.0,Ramp
14820,126381.0,Ramp
14821,155771.0,Cooldown
14822,138898.0,Ramp
14823,138239.0,Ramp
14824,134681.0,Ramp
14825,129939.0,Ramp
14826,135391.0,Ramp
14827,131969.0,Ramp
14828,136344.0,Ramp
14829,131148.0,Ramp
14830,131189.0,Ramp
14831,132010.0,Ramp
14832,130466.0,Ramp
14833,132870.0,Ramp
14834,135246.0,Ramp
14835,129421.0,Ramp
14836,134136.0,Ramp
14837,135708.0,Ramp
14838,134843.0,Ramp
14839,134524.0,Ramp
14840,133078.0,Ramp
14841,134456.0,Ramp
14842,134813.0,Ramp
14843,135694.0,Ramp
14844,130142.0,Ramp
14845,128550.0,Ramp
14846,131594.0,Ramp
14847,133943.0,Ramp
14848,138010.0,Ramp
14849,130258.0,Ramp
14850,129150.0,Ramp
14851,132395.0,Ramp
14852,135947.0,Ramp
14853,137407.0,Ramp
14854,134416.0,Ramp
14855,134115.0,Ramp
14856,133881.0,Ramp
14857,135652.0,Ramp
14858,136754.0,Ramp
14859,132997.0,Ramp
14860,135467.0,Ramp
14861,132750.0,Ramp
14862,136322.0,Ramp
14863,134515.0,Ramp
14864,136217.0,Ramp
14865,137717.0,Ramp
14866,143393.0,Ramp
14867,140497.0,Ramp
14868,144575.0,Ramp
14869,140656.0,Ramp
14870,139959.0,Ramp
14871,137236.0,Ramp
14872,140294.0,Ramp
14873,139990.0,Ramp
14874,140769.0,Ramp
14875,142279.0,Ramp
14876,142981.0,Ramp
14877,143728.0,Ramp
14878,145445.0,Ramp
14879,141300.0,Ramp
14880,143433.0,Ramp
14881,164161.0,Cooldown
14882,147631.0,Cooldown
14883,144644.0,Ramp
14884,143268.0,Ramp
14885,141525.0,Ramp
14886,143642.0,Ramp
14887,141927.0,Ramp
14888,144093.0,Ramp
14889,139092.0,Ramp
14890,139731.0,Ramp
14891,143212.0,Ramp
14892,143264.0,Ramp
14893,143302.0,Ramp
14894,144713.0,Ramp
14895,141496.0,Ramp
14896,135866.0,Ramp
14897,135503.0,Ramp
14898,135281.0,Ramp
14899,136280.0,Ramp
14900,136206.0,Ramp
14901,132869.0,Ramp
14902,132591.0,Ramp
14903,130993.0,Ramp
14904,132226.0,Ramp
14905,130367.0,Ramp
14906,134994.0,Ramp
14907,132870.0,Ramp
14908,138096.0,Ramp
14909,135708.0,Ramp
14910,134237.0,Ramp
14911,135544.0,Ramp
14912,138667.0,Ramp
14913,135237.0,Ramp
14914,132609.0,Ramp
14915,130429.0,Ramp
14916,132233.0,Ramp
14917,131622.0,Ramp
14918,133930.0,Ramp
14919,133876.0,Ramp
14920,135600.0,Ramp
14921,135280.0,Ramp
14922,134438.0,Ramp
14923,136232.0,Ramp
14924,131905.0,Ramp
14925,130346.0,Ramp
14926,131314.0,Ramp
14927,132310.0,Ramp
14928,136821.0,Ramp
14929,132366.0,Ramp
14930,131580.0,Ramp
14931,133644.0,Ramp
14932,131909.0,Ramp
14933,134698.0,Ramp
14934,131984.0,Ramp
14935,131794.0,Ramp
14936,131604.0,Ramp
14937,132042.0,Ramp
14938,134686.0,Ramp
14939,130016.0,Ramp
14940,130888.0,Ramp
14941,156441.0,Burst
14942,147472.0,Burst
14943,163566.0,Cooldown
14944,165668.0,Cooldown
14945,162216.0,Cooldown
14946,159440.0,Cooldown
14947,155352.0,Cooldown
14948,157331.0,Cooldown
14949,150169.0,Burst
14950,155914.0,Cooldown
14951,154920.0,Cooldown
14952,157820.0,Cooldown
14953,153315.0,Cooldown
14954,150236.0,Cooldown
14955,145566.0,Ramp
14956,149275.0,Burst
14957,151949.0,Burst
14958,152098.0,Cooldown
14959,150539.0,Burst
14960,154635.0,Cooldown
14961,150596.0,Cooldown
14962,153288.0,Cooldown
14963,147195.0,Burst
14964,147028.0,Burst
14965,145396.0,Ramp
14966,152867.0,Cooldown
14967,155289.0,Cooldown
14968,153518.0,Cooldown
14969,142958.0,Ramp
14970,140891.0,Ramp
14971,143755.0,Ramp
14972,138407.0,Ramp
14973,139965.0,Ramp
14974,139481.0,Ramp
14975,134848.0,Ramp
14976,136226.0,Ramp
14977,131572.0,Ramp
14978,136611.0,Ramp
14979,133394.0,Ramp
14980,131285.0,Ramp
14981,131155.0,Ramp
14982,137464.0,Ramp
14983,137256.0,Ramp
14984,135063.0,Ramp
14985,131490.0,Ramp
14986,136998.0,Ramp
14987,142734.0,Ramp
14988,140810.0,Ramp
14989,131072.0,Ramp
14990,134614.0,Ramp
14991,137458.0,Ramp
14992,136259.0,Ramp
14993,133039.0,Ramp
14994,131390.0,Ramp
14995,129601.0,Ramp
14996,133580.0,Ramp
14997,135296.0,Ramp
14998,132658.0,Ramp
14999,129215.0,Ramp
15000,129803.0,Ramp
15001,155577.0,Cooldown
15002,141991.0,Ramp
15003,138042.0,Ramp
15004,132748.0,Ramp
15005,131808.0,Ramp
15006,134074.0,Ramp
15007,135163.0,Ramp
15008,135319.0,Ramp
15009,129932.0,Ramp
15010,130101.0,Ramp
15011,131838.0,Ramp
15012,133563.0,Ramp
15013,133676.0,Ramp
15014,131871.0,Ramp
15015,135289.0,Ramp
15016,132729.0,Ramp
15017,134309.0,Ramp
15018,135256.0,Ramp
15019,126649.0,Ramp
15020,129305.0,Ramp
15021,131378.0,Ramp
15022,134304.0,Ramp
15023,132237.0,Ramp
15024,129457.0,Ramp
15025,129713.0,Ramp
15026,131817.0,Ramp
15027,132091.0,Ramp
15028,131066.0,Ramp
15029,128368.0,Ramp
15030,129842.0,Ramp
15031,135867.0,Ramp
15032,135988.0,Ramp
15033,135366.0,Ramp
15034,134404.0,Ramp
15035,129392.0,Ramp
15036,133624.0,Ramp
15037,133468.0,Ramp
15038,135128.0,Ramp
15039,130762.0,Ramp
15040,132565.0,Ramp
15041,133554.0,Ramp
15042,136649.0,Ramp
15043,137385.0,Ramp
15044,130986.0,Ramp
15045,130553.0,Ramp
15046,131311.0,Ramp
15047,134496.0,Ramp
15048,134977.0,Ramp
15049,132863.0,Ramp
15050,134010.0,Ramp
15051,132068.0,Ramp
15052,133077.0,Ramp
15053,130826.0,Ramp
15054,129946.0,Ramp
15055,130632.0,Ramp
15056,131904.0,Ramp
15057,132783.0,Ramp
15058,134674.0,Ramp
15059,127937.0,Ramp
15060,129976.0,Ramp
15061,157127.0,Cooldown
15062,141098.0,Ramp
15063,141180.0,Ramp
15064,139400.0,Ramp
15065,138178.0,Ramp
15066,135825.0,Ramp
15067,134945.0,Ramp
15068,137446.0,Ramp
15069,131569.0,Ramp
15070,134908.0,Ramp
15071,134674.0,Ramp
15072,138762.0,Ramp
15073,134774.0,Ramp
15074,133583.0,Ramp
15075,131115.0,Ramp
15076,135483.0,Ramp
15077,136000.0,Ramp
15078,139424.0,Ramp
15079,134880.0,Ramp
15080,135577.0,Ramp
15081,137568.0,Ramp
15082,137905.0,Ramp
15083,137215.0,Ramp
15084,136643.0,Ramp
15085,131945.0,Ramp
15086,136923.0,Ramp
15087,138194.0,Ramp
15088,142205.0,Ramp
15089,136858.0,Ramp
15090,136268.0,Ramp
15091,140071.0,Ramp
15092,138295.0,Ramp
15093,140396.0,Ramp
15094,140666.0,Ramp
15095,136059.0,Ramp
15096,140154.0,Ramp
15097,137580.0,Ramp
15098,141084.0,Ramp
15099,139390.0,Ramp
15100,135756.0,Ramp
15101,135922.0,Ramp
15102,144171.0,Ramp
15103,141860.0,Ramp
15104,139525.0,Ramp
15105,136631.0,Ramp
15106,139287.0,Ramp
15107,138709.0,Ramp
15108,141669.0,Ramp
15109,142603.0,Ramp
15110,141259.0,Ramp
15111,139453.0,Ramp
15112,139538.0,Ramp
15113,136882.0,Ramp
15114,137299.0,Ramp
15115,138407.0,Ramp
15116,138929.0,Ramp
15117,138257.0,Ramp
15118,140833.0,Ramp
15119,136298.0,Ramp
15120,138435.0,Ramp
15121,167962.0,Cooldown
15122,152965.0,Cooldown
15123,149736.0,Cooldown
15124,147518.0,Burst
15125,147935.0,Cooldown
15126,150568.0,Cooldown
15127,146146.0,Cooldown
15128,144881.0,Ramp
15129,141783.0,Ramp
15130,138602.0,Ramp
15131,139507.0,Ramp
15132,142013.0,Ramp
15133,144578.0,Ramp
15134,140922.0,Ramp
15135,140064.0,Ramp
15136,140303.0,Ramp
15137,142709.0,Ramp
15138,143910.0,Ramp
15139,144591.0,Ramp
15140,146863.0,Burst
15141,144312.0,Ramp
15142,152273.0,Cooldown
15143,145704.0,Ramp
15144,146191.0,Burst
15145,145889.0,Burst
15146,146794.0,Burst
15147,148976.0,Cooldown
15148,148744.0,Cooldown
15149,148453.0,Burst
15150,145482.0,Ramp
15151,148808.0,Burst
15152,152870.0,Cooldown
15153,151557.0,Cooldown
15154,150227.0,Cooldown
15155,145006.0,Ramp
15156,151397.0,Cooldown
15157,149199.0,Cooldown
15158,150735.0,Cooldown
15159,145888.0,Burst
15160,145732.0,Burst
15161,148229.0,Burst
15162,151788.0,Cooldown
15163,151534.0,Cooldown
15164,146891.0,Burst
15165,145082.0,Ramp
15166,152233.0,Cooldown
15167,148437.0,Burst
15168,152377.0,Cooldown
15169,155017.0,Cooldown
15170,149167.0,Cooldown
15171,150106.0,Cooldown
15172,148112.0,Cooldown
15173,147249.0,Burst
15174,144765.0,Ramp
15175,147103.0,Burst
15176,151030.0,Cooldown
15177,148502.0,Cooldown
15178,147755.0,Burst
15179,149694.0,Burst
15180,147918.0,Burst
15181,176976.0,Cooldown
15182,156537.0,Cooldown
15183,150057.0,Burst
15184,150430.0,Burst
15185,149456.0,Burst
15186,155511.0,Cooldown
15187,152031.0,Burst
15188,156357.0,Cooldown
15189,151635.0,Burst
15190,157121.0,Cooldown
15191,151133.0,Burst
15192,151899.0,Cooldown
15193,152825.0,Cooldown
15194,149094.0,Burst
15195,145418.0,Ramp
15196,151231.0,Burst
15197,153001.0,Burst
15198,152995.0,Burst
15199,152702.0,Burst
15200,154146.0,Cooldown
15201,158431.0,Cooldown
15202,152567.0,Cooldown
15203,149479.0,Burst
15204,149745.0,Burst
15205,147563.0,Burst
15206,152137.0,Burst
15207,153949.0,Burst
15208,153531.0,Burst
15209,158553.0,Cooldown
15210,156736.0,Cooldown
15211,150671.0,Cooldown
15212,150714.0,Cooldown
15213,148109.0,Cooldown
15214,150325.0,Cooldown
15215,145417.0,Ramp
15216,147406.0,Burst
15217,148452.0,Cooldown
15218,151164.0,Cooldown
15219,147124.0,Burst
15220,146330.0,Burst
15221,147817.0,Burst
15222,149545.0,Cooldown
15223,147295.0,Cooldown
15224,148264.0,Cooldown
15225,143839.0,Ramp
15226,148019.0,Burst
15227,148117.0,Burst
15228,148872.0,Burst
15229,149504.0,Burst
15230,149975.0,Burst
15231,149090.0,Burst
15232,151659.0,Cooldown
15233,149659.0,Burst
15234,150406.0,Cooldown
15235,147437.0,Burst
15236,151411.0,Cooldown
15237,151117.0,Cooldown
15238,148905.0,Burst
15239,144079.0,Ramp
15240,144307.0,Ramp
15241,171482.0,Cooldown
15242,158667.0,Cooldown
15243,154081.0,Cooldown
15244,154646.0,Cooldown
15245,148179.0,Burst
15246,153691.0,Cooldown
15247,152546.0,Cooldown
15248,151474.0,Cooldown
15249,151119.0,Cooldown
15250,150285.0,Cooldown
15251,147303.0,Burst
15252,150723.0,Cooldown
15253,148217.0,Cooldown
15254,146079.0,Burst
15255,145591.0,Ramp
15256,152725.0,Cooldown
15257,150001.0,Cooldown
15258,151218.0,Cooldown
15259,148668.0,Cooldown
15260,143912.0,Ramp
15261,150817.0,Cooldown
15262,150064.0,Cooldown
15263,148076.0,Cooldown
15264,144750.0,Ramp
15265,145302.0,Ramp
15266,148195.0,Cooldown
15267,150487.0,Cooldown
15268,145693.0,Ramp
15269,143457.0,Ramp
15270,143258.0,Ramp
15271,151067.0,Burst
15272,151567.0,Cooldown
15273,154262.0,Cooldown
15274,149147.0,Cooldown
15275,145707.0,Burst
15276,149284.0,Cooldown
15277,147455.0,Cooldown
15278,150643.0,Cooldown
15279,144761.0,Ramp
15280,145379.0,Ramp
15281,153198.0,Cooldown
15282,150093.0,Cooldown
15283,148310.0,Cooldown
15284,144160.0,Ramp
15285,143810.0,Ramp
15286,147512.0,Burst
15287,152987.0,Cooldown
15288,159726.0,Cooldown
15289,147628.0,Burst
15290,146873.0,Cooldown
15291,147617.0,Cooldown
15292,148692.0,Cooldown
15293,142986.0,Ramp
15294,141032.0,Ramp
15295,144034.0,Ramp
15296,144224.0,Ramp
15297,143722.0,Ramp
15298,148495.0,Burst
15299,140602.0,Ramp
15300,141121.0,Ramp
15301,167877.0,Cooldown
15302,151457.0,Cooldown
15303,147712.0,Cooldown
15304,146424.0,Burst
15305,143061.0,Ramp
15306,149963.0,Cooldown
15307,150806.0,Cooldown
15308,149128.0,Cooldown
15309,143022.0,Ramp
15310,144996.0,Ramp
15311,147388.0,Cooldown
15312,150281.0,Cooldown
15313,147821.0,Cooldown
15314,142287.0,Ramp
15315,142662.0,Ramp
15316,150219.0,Cooldown
15317,147783.0,Cooldown
15318,148428.0,Cooldown
15319,143907.0,Ramp
15320,143982.0,Ramp
15321,145143.0,Ramp
15322,145355.0,Ramp
15323,146316.0,Cooldown
15324,142429.0,Ramp
15325,139870.0,Ramp
15326,149602.0,Cooldown
15327,148748.0,Cooldown
15328,149264.0,Cooldown
15329,141801.0,Ramp
15330,143287.0,Ramp
15331,150618.0,Cooldown
15332,148357.0,Cooldown
15333,149471.0,Cooldown
15334,150845.0,Cooldown
15335,143344.0,Ramp
15336,147713.0,Cooldown
15337,147062.0,Cooldown
15338,148631.0,Cooldown
15339,142034.0,Ramp
15340,143044.0,Ramp
15341,145967.0,Burst
15342,144618.0,Ramp
15343,153108.0,Cooldown
15344,143185.0,Ramp
15345,140043.0,Ramp
15346,147694.0,Cooldown
15347,148115.0,Cooldown
15348,145623.0,Ramp
15349,144376.0,Ramp
15350,142458.0,Ramp
15351,147836.0,Cooldown
15352,145629.0,Ramp
15353,143969.0,Ramp
15354,142360.0,Ramp
15355,138819.0,Ramp
15356,149308.0,Cooldown
15357,145750.0,Cooldown
15358,145882.0,Burst
15359,142013.0,Ramp
15360,142554.0,Ramp
15361,170207.0,Cooldown
15362,150128.0,Cooldown
15363,146145.0,Burst
15364,146790.0,Cooldown
15365,144568.0,Ramp
15366,148216.0,Cooldown
15367,145620.0,Ramp
15368,145958.0,Cooldown
15369,143712.0,Ramp
15370,144020.0,Ramp
15371,146274.0,Cooldown
15372,146347.0,Cooldown
15373,143050.0,Ramp
15374,140033.0,Ramp
15375,142123.0,Ramp
15376,149457.0,Cooldown
15377,146964.0,Cooldown
15378,145330.0,Ramp
15379,144202.0,Ramp
15380,142144.0,Ramp
15381,144345.0,Ramp
15382,147321.0,Cooldown
15383,147163.0,Cooldown
15384,143706.0,Ramp
15385,142943.0,Ramp
15386,149346.0,Cooldown
15387,150243.0,Cooldown
15388,149663.0,Cooldown
15389,141694.0,Ramp
15390,147075.0,Burst
15391,152536.0,Cooldown
15392,149631.0,Cooldown
15393,149347.0,Cooldown
15394,150586.0,Cooldown
15395,144159.0,Ramp
15396,146815.0,Cooldown
15397,144260.0,Ramp
15398,144252.0,Ramp
15399,141936.0,Ramp
15400,144252.0,Ramp
15401,147145.0,Cooldown
15402,146758.0,Cooldown
15403,147850.0,Cooldown
15404,145202.0,Ramp
15405,140223.0,Ramp
15406,145455.0,Ramp
15407,144436.0,Ramp
15408,146475.0,Cooldown
15409,147058.0,Cooldown
15410,143302.0,Ramp
15411,143716.0,Ramp
15412,144071.0,Ramp
15413,142621.0,Ramp
15414,145069.0,Ramp
15415,141032.0,Ramp
15416,145041.0,Ramp
15417,146622.0,Cooldown
15418,145799.0,Burst
15419,140348.0,Ramp
15420,142670.0,Ramp
15421,169046.0,Cooldown
15422,151732.0,Cooldown
15423,149160.0,Cooldown
15424,151412.0,Cooldown
15425,141922.0,Ramp
15426,147263.0,Cooldown
15427,146791.0,Cooldown
15428,149550.0,Cooldown
15429,142958.0,Ramp
15430,142115.0,Ramp
15431,144260.0,Ramp
15432,147098.0,Cooldown
15433,144759.0,Ramp
15434,145492.0,Ramp
15435,141156.0,Ramp
15436,147945.0,Cooldown
15437,145593.0,Ramp
15438,146430.0,Cooldown
15439,146827.0,Cooldown
15440,141941.0,Ramp
15441,144864.0,Ramp
15442,146814.0,Cooldown
15443,143415.0,Ramp
15444,143395.0,Ramp
15445,144404.0,Ramp
15446,147277.0,Burst
15447,149194.0,Cooldown
15448,147709.0,Cooldown
15449,149258.0,Cooldown
15450,144261.0,Ramp
15451,149534.0,Cooldown
15452,149593.0,Cooldown
15453,148857.0,Cooldown
15454,148160.0,Cooldown
15455,148359.0,Cooldown
15456,147274.0,Cooldown
15457,144206.0,Ramp
15458,149838.0,Cooldown
15459,146982.0,Cooldown
15460,146314.0,Burst
15461,146032.0,Burst
15462,147550.0,Burst
15463,148827.0,Cooldown
15464,149578.0,Cooldown
15465,144465.0,Ramp
15466,150587.0,Cooldown
15467,146259.0,Cooldown
15468,146721.0,Cooldown
15469,147042.0,Cooldown
15470,143330.0,Ramp
15471,146948.0,Cooldown
15472,144835.0,Ramp
15473,144249.0,Ramp
15474,143118.0,Ramp
15475,141238.0,Ramp
15476,146644.0,Cooldown
15477,146057.0,Cooldown
15478,144566.0,Ramp
15479,142482.0,Ramp
15480,143866.0,Ramp
15481,170309.0,Cooldown
15482,151974.0,Cooldown
15483,146938.0,Burst
15484,150357.0,Cooldown
15485,145757.0,Burst
15486,151180.0,Cooldown
15487,146546.0,Cooldown
15488,145957.0,Cooldown
15489,143203.0,Ramp
15490,141341.0,Ramp
15491,144243.0,Ramp
15492,145461.0,Ramp
15493,142643.0,Ramp
15494,141940.0,Ramp
15495,138156.0,Ramp
15496,142377.0,Ramp
15497,144088.0,Ramp
15498,141923.0,Ramp
15499,142600.0,Ramp
15500,144404.0,Ramp
15501,143929.0,Ramp
15502,141941.0,Ramp
15503,141200.0,Ramp
15504,142765.0,Ramp
15505,138357.0,Ramp
15506,143598.0,Ramp
15507,145925.0,Cooldown
15508,144831.0,Ramp
15509,141436.0,Ramp
15510,142069.0,Ramp
15511,149444.0,Cooldown
15512,145477.0,Ramp
15513,144265.0,Ramp
15514,144919.0,Ramp
15515,141315.0,Ramp
15516,148838.0,Cooldown
15517,143004.0,Ramp
15518,143905.0,Ramp
15519,142276.0,Ramp
15520,151250.0,Cooldown
15521,151365.0,Cooldown
15522,152153.0,Cooldown
15523,150212.0,Cooldown
15524,144334.0,Ramp
15525,142616.0,Ramp
15526,150623.0,Cooldown
15527,148053.0,Cooldown
15528,145637.0,Ramp
15529,144297.0,Ramp
15530,141458.0,Ramp
15531,145220.0,Ramp
15532,144264.0,Ramp
15533,139695.0,Ramp
15534,140179.0,Ramp
15535,143317.0,Ramp
15536,146062.0,Cooldown
15537,146915.0,Cooldown
15538,143209.0,Ramp
15539,141279.0,Ramp
15540,144481.0,Ramp
15541,168070.0,Cooldown
15542,150338.0,Cooldown
15543,146863.0,Burst
15544,149245.0,Cooldown
15545,145925.0,Cooldown
15546,146112.0,Cooldown
15547,146583.0,Cooldown
15548,144945.0,Ramp
15549,143390.0,Ramp
15550,145226.0,Ramp
15551,143536.0,Ramp
15552,143700.0,Ramp
15553,140624.0,Ramp
15554,140067.0,Ramp
15555,144448.0,Ramp
15556,146566.0,Burst
15557,148136.0,Cooldown
15558,151278.0,Cooldown
15559,145869.0,Cooldown
15560,142884.0,Ramp
15561,143305.0,Ramp
15562,147285.0,Cooldown
15563,145491.0,Ramp
15564,146292.0,Cooldown
15565,142952.0,Ramp
15566,145048.0,Ramp
15567,145718.0,Cooldown
15568,144038.0,Ramp
15569,138276.0,Ramp
15570,140194.0,Ramp
15571,145621.0,Ramp
15572,147237.0,Cooldown
15573,142220.0,Ramp
15574,145962.0,Cooldown
15575,139127.0,Ramp
15576,141774.0,Ramp
15577,140365.0,Ramp
15578,143171.0,Ramp
15579,138730.0,Ramp
15580,140024.0,Ramp
15581,143263.0,Ramp
15582,144535.0,Ramp
15583,140733.0,Ramp
15584,142947.0,Ramp
15585,137060.0,Ramp
15586,144637.0,Ramp
15587,143707.0,Ramp
15588,144552.0,Ramp
15589,143306.0,Ramp
15590,141908.0,Ramp
15591,142564.0,Ramp
15592,144217.0,Ramp
15593,140204.0,Ramp
15594,141190.0,Ramp
15595,138743.0,Ramp
15596,142352.0,Ramp
15597,138785.0,Ramp
15598,139242.0,Ramp
15599,135316.0,Ramp
15600,140492.0,Ramp
15601,165862.0,Cooldown
15602,143519.0,Ramp
15603,142136.0,Ramp
15604,143482.0,Ramp
15605,138414.0,Ramp
15606,143246.0,Ramp
15607,144638.0,Ramp
15608,144737.0,Ramp
15609,137801.0,Ramp
15610,137946.0,Ramp
15611,142674.0,Ramp
15612,142409.0,Ramp
15613,135348.0,Ramp
15614,140299.0,Ramp
15615,136105.0,Ramp
15616,141093.0,Ramp
15617,137406.0,Ramp
15618,139044.0,Ramp
15619,139072.0,Ramp
15620,140708.0,Ramp
15621,139754.0,Ramp
15622,137220.0,Ramp
15623,141559.0,Ramp
15624,139923.0,Ramp
15625,136105.0,Ramp
15626,142811.0,Ramp
15627,141815.0,Ramp
15628,145601.0,Ramp
15629,136576.0,Ramp
15630,137903.0,Ramp
15631,143303.0,Ramp
15632,144633.0,Ramp
15633,145141.0,Ramp
15634,142420.0,Ramp
15635,139412.0,Ramp
15636,141191.0,Ramp
15637,142552.0,Ramp
15638,141436.0,Ramp
15639,138183.0,Ramp
15640,139033.0,Ramp
15641,139657.0,Ramp
15642,141334.0,Ramp
15643,143083.0,Ramp
15644,141983.0,Ramp
15645,138288.0,Ramp
15646,142541.0,Ramp
15647,141808.0,Ramp
15648,143569.0,Ramp
15649,139717.0,Ramp
15650,142000.0,Ramp
15651,141060.0,Ramp
15652,140350.0,Ramp
15653,134602.0,Ramp
15654,137931.0,Ramp
15655,135425.0,Ramp
15656,139207.0,Ramp
15657,135795.0,Ramp
15658,140841.0,Ramp
15659,137249.0,Ramp
15660,138061.0,Ramp
15661,159155.0,Cooldown
15662,148196.0,Cooldown
15663,141867.0,Ramp
15664,143049.0,Ramp
15665,147256.0,Burst
15666,150567.0,Cooldown
15667,146469.0,Cooldown
15668,144843.0,Ramp
15669,142404.0,Ramp
15670,145102.0,Ramp
15671,144809.0,Ramp
15672,144758.0,Ramp
15673,143591.0,Ramp
15674,145049.0,Ramp
15675,141279.0,Ramp
15676,143015.0,Ramp
15677,144569.0,Ramp
15678,141233.0,Ramp
15679,140876.0,Ramp
15680,142350.0,Ramp
15681,136737.0,Ramp
15682,137145.0,Ramp
15683,137100.0,Ramp
15684,140477.0,Ramp
15685,135163.0,Ramp
15686,139067.0,Ramp
15687,142305.0,Ramp
15688,142611.0,Ramp
15689,136935.0,Ramp
15690,138721.0,Ramp
15691,140639.0,Ramp
15692,138136.0,Ramp
15693,141118.0,Ramp
15694,142868.0,Ramp
15695,137516.0,Ramp
15696,136680.0,Ramp
15697,135168.0,Ramp
15698,136140.0,Ramp
15699,134490.0,Ramp
15700,137544.0,Ramp
15701,137363.0,Ramp
15702,139636.0,Ramp
15703,132053.0,Ramp
15704,132554.0,Ramp
15705,133591.0,Ramp
15706,140369.0,Ramp
15707,139409.0,Ramp
15708,138553.0,Ramp
15709,137632.0,Ramp
15710,140127.0,Ramp
15711,137597.0,Ramp
15712,137129.0,Ramp
15713,133338.0,Ramp
15714,133771.0,Ramp
15715,131655.0,Ramp
15716,138078.0,Ramp
15717,137659.0,Ramp
15718,136834.0,Ramp
15719,129762.0,Ramp
15720,133995.0,Ramp
15721,164282.0,Cooldown
15722,141767.0,Ramp
15723,134797.0,Ramp
15724,132300.0,Ramp
15725,133681.0,Ramp
15726,133003.0,Ramp
15727,132991.0,Ramp
15728,136433.0,Ramp
15729,131190.0,Ramp
15730,133726.0,Ramp
15731,135925.0,Ramp
15732,137050.0,Ramp
15733,130116.0,Ramp
15734,131321.0,Ramp
15735,130758.0,Ramp
15736,135204.0,Ramp
15737,131945.0,Ramp
15738,133637.0,Ramp
15739,130714.0,Ramp
15740,132186.0,Ramp
15741,128146.0,Ramp
15742,128853.0,Ramp
15743,130163.0,Ramp
15744,129237.0,Ramp
15745,125887.0,Ramp
15746,131601.0,Ramp
15747,129783.0,Ramp
15748,129346.0,Ramp
15749,124762.0,Ramp
15750,127198.0,Ramp
15751,128204.0,Ramp
15752,128674.0,Ramp
15753,127903.0,Ramp
15754,130499.0,Ramp
15755,126046.0,Ramp
15756,129055.0,Ramp
15757,125696.0,Ramp
15758,126242.0,Ramp
15759,124697.0,Ramp
15760,126750.0,Ramp
15761,127059.0,Ramp
15762,127217.0,Ramp
15763,125370.0,Ramp
15764,126275.0,Ramp
15765,124097.0,Idle
15766,130896.0,Ramp
15767,126418.0,Ramp
15768,127857.0,Ramp
15769,127302.0,Ramp
15770,127269.0,Ramp
15771,129042.0,Ramp
15772,125622.0,Ramp
15773,124828.0,Ramp
15774,126813.0,Ramp
15775,121607.0,Idle
15776,126856.0,Ramp
15777,126197.0,Ramp
15778,126847.0,Ramp
15779,123073.0,Idle
15780,123781.0,Idle
15781,154550.0,Cooldown
15782,133900.0,Ramp
15783,131118.0,Ramp
15784,128831.0,Ramp
15785,124526.0,Ramp
15786,127524.0,Ramp
15787,123021.0,Idle
15788,128888.0,Ramp
15789,122918.0,Idle
15790,122883.0,Idle
15791,123012.0,Idle
15792,126789.0,Ramp
15793,125735.0,Ramp
15794,124713.0,Ramp
15795,122239.0,Idle
15796,123747.0,Idle
15797,125354.0,Ramp
15798,128307.0,Ramp
15799,122786.0,Idle
15800,123793.0,Idle
15801,124305.0,Ramp
15802,123748.0,Idle
15803,122981.0,Idle
15804,121695.0,Idle
15805,119485.0,Idle
15806,125124.0,Ramp
15807,123931.0,Idle
15808,123410.0,Idle
15809,118991.0,Idle
15810,119426.0,Idle
15811,124305.0,Ramp
15812,123938.0,Idle
15813,120649.0,Idle
15814,122965.0,Idle
15815,118916.0,Idle
15816,123860.0,Idle
15817,119749.0,Idle
15818,122080.0,Idle
15819,120840.0,Idle
15820,121173.0,Idle
15821,120003.0,Idle
15822,122089.0,Idle
15823,119588.0,Idle
15824,120025.0,Idle
15825,120676.0,Idle
15826,125921.0,Ramp
15827,122691.0,Idle
15828,122258.0,Idle
15829,121864.0,Idle
15830,122241.0,Idle
15831,120975.0,Idle
15832,122524.0,Idle
15833,118849.0,Idle
15834,119596.0,Idle
15835,119319.0,Idle
15836,126466.0,Ramp
15837,126145.0,Ramp
15838,124042.0,Idle
15839,119715.0,Idle
15840,121037.0,Idle
15841,152314.0,Cooldown
15842,135723.0,Ramp
15843,127123.0,Ramp
15844,133656.0,Ramp
15845,126610.0,Ramp
15846,128803.0,Ramp
15847,126875.0,Ramp
15848,126471.0,Ramp
15849,123649.0,Idle
15850,126510.0,Ramp
15851,124694.0,Ramp
15852,127446.0,Ramp
15853,124516.0,Ramp
15854,125248.0,Ramp
15855,122423.0,Idle
15856,125652.0,Ramp
15857,125242.0,Ramp
15858,127462.0,Ramp
15859,128290.0,Ramp
15860,125915.0,Ramp
15861,123537.0,Idle
15862,126992.0,Ramp
15863,122186.0,Idle
15864,124651.0,Ramp
15865,125216.0,Ramp
15866,126216.0,Ramp
15867,126764.0,Ramp
15868,126182.0,Ramp
15869,123130.0,Idle
15870,123445.0,Idle
15871,128976.0,Ramp
15872,128026.0,Ramp
15873,124506.0,Ramp
15874,124836.0,Ramp
15875,124920.0,Ramp
15876,128198.0,Ramp
15877,123464.0,Idle
15878,127982.0,Ramp
15879,124162.0,Idle
15880,124565.0,Ramp
15881,129481.0,Ramp
15882,128095.0,Ramp
15883,125500.0,Ramp
15884,125458.0,Ramp
15885,120257.0,Idle
15886,127271.0,Ramp
15887,124671.0,Ramp
15888,124407.0,Ramp
15889,121498.0,Idle
15890,123220.0,Idle
15891,125714.0,Ramp
15892,121331.0,Idle
15893,122858.0,Idle
15894,121403.0,Idle
15895,120262.0,Idle
15896,124756.0,Ramp
15897,124060.0,Idle
15898,121329.0,Idle
15899,119626.0,Idle
15900,119406.0,Idle
15901,144715.0,Ramp
15902,127754.0,Ramp
15903,123782.0,Idle
15904,128011.0,Ramp
15905,121065.0,Idle
15906,125593.0,Ramp
15907,123211.0,Idle
15908,125007.0,Ramp
15909,120506.0,Idle
15910,122178.0,Idle
15911,121728.0,Idle
15912,124779.0,Ramp
15913,120703.0,Idle
15914,123231.0,Idle
15915,122374.0,Idle
15916,123840.0,Idle
15917,122787.0,Idle
15918,123209.0,Idle
15919,119583.0,Idle
15920,123858.0,Idle
15921,123319.0,Idle
15922,122666.0,Idle
15923,121835.0,Idle
15924,125283.0,Ramp
15925,126419.0,Ramp
15926,128670.0,Ramp
15927,124859.0,Ramp
15928,130774.0,Ramp
15929,135229.0,Ramp
15930,138213.0,Ramp
15931,136939.0,Ramp
15932,133309.0,Ramp
15933,129701.0,Ramp
15934,131787.0,Ramp
15935,129420.0,Ramp
15936,135783.0,Ramp
15937,134165.0,Ramp
15938,135123.0,Ramp
15939,131661.0,Ramp
15940,132704.0,Ramp
15941,130650.0,Ramp
15942,129337.0,Ramp
15943,127439.0,Ramp
15944,128843.0,Ramp
15945,127924.0,Ramp
15946,140910.0,Ramp
15947,132653.0,Ramp
15948,128748.0,Ramp
15949,127402.0,Ramp
15950,127509.0,Ramp
15951,130015.0,Ramp
15952,125724.0,Ramp
15953,124865.0,Ramp
15954,122326.0,Idle
15955,123140.0,Idle
15956,127974.0,Ramp
15957,124473.0,Ramp
15958,122322.0,Idle
15959,117819.0,Idle
15960,124640.0,Ramp
15961,149188.0,Cooldown
15962,134551.0,Ramp
15963,122899.0,Idle
15964,125731.0,Ramp
15965,121652.0,Idle
15966,126138.0,Ramp
15967,122292.0,Idle
15968,121943.0,Idle
15969,118725.0,Idle
15970,122362.0,Idle
15971,121735.0,Idle
15972,122728.0,Idle
15973,117803.0,Idle
15974,120211.0,Idle
15975,121135.0,Idle
15976,126886.0,Ramp
15977,126180.0,Ramp
15978,121414.0,Idle
15979,117858.0,Idle
15980,121585.0,Idle
15981,121367.0,Idle
15982,121395.0,Idle
15983,117335.0,Idle
15984,119329.0,Idle
15985,119804.0,Idle
15986,123853.0,Idle
15987,121692.0,Idle
15988,123004.0,Idle
15989,117249.0,Idle
15990,119710.0,Idle
15991,122225.0,Idle
15992,120362.0,Idle
15993,121436.0,Idle
15994,123206.0,Idle
15995,121964.0,Idle
15996,123377.0,Idle
15997,121528.0,Idle
15998,120462.0,Idle
15999,115910.0,Idle
16000,119049.0,Idle
16001,120322.0,Idle
16002,123308.0,Idle
16003,119946.0,Idle
16004,118025.0,Idle
16005,120217.0,Idle
16006,124883.0,Ramp
16007,121424.0,Idle
16008,119002.0,Idle
16009,117166.0,Idle
16010,120195.0,Idle
16011,118482.0,Idle
16012,117597.0,Idle
16013,117583.0,Idle
16014,115799.0,Idle
16015,120301.0,Idle
16016,120759.0,Idle
16017,118528.0,Idle
16018,118911.0,Idle
16019,113928.0,Idle
16020,119116.0,Idle
16021,143357.0,Ramp
16022,123309.0,Idle
16023,119795.0,Idle
16024,120636.0,Idle
16025,118410.0,Idle
16026,118680.0,Idle
16027,116862.0,Idle
16028,120859.0,Idle
16029,115738.0,Idle
16030,118750.0,Idle
16031,118019.0,Idle
16032,118791.0,Idle
16033,115619.0,Idle
16034,116262.0,Idle
16035,116948.0,Idle
16036,120527.0,Idle
16037,120509.0,Idle
16038,119067.0,Idle
16039,117713.0,Idle
16040,121105.0,Idle
16041,119203.0,Idle
16042,119964.0,Idle
16043,115474.0,Idle
16044,118349.0,Idle
16045,118168.0,Idle
16046,122771.0,Idle
16047,117323.0,Idle
16048,117000.0,Idle
16049,111989.0,Idle
16050,115421.0,Idle
16051,118779.0,Idle
16052,119574.0,Idle
16053,115654.0,Idle
16054,119361.0,Idle
16055,118453.0,Idle
16056,118967.0,Idle
16057,121058.0,Idle
16058,122555.0,Idle
16059,118818.0,Idle
16060,120658.0,Idle
16061,122119.0,Idle
16062,123925.0,Idle
16063,119352.0,Idle
16064,119266.0,Idle
16065,120047.0,Idle
16066,126367.0,Ramp
16067,121519.0,Idle
16068,118344.0,Idle
16069,117612.0,Idle
16070,120629.0,Idle
16071,121514.0,Idle
16072,117187.0,Idle
16073,115481.0,Idle
16074,113591.0,Idle
16075,116744.0,Idle
16076,120247.0,Idle
16077,119062.0,Idle
16078,115579.0,Idle
16079,114810.0,Idle
16080,117393.0,Idle
16081,156952.0,Cooldown
16082,130006.0,Ramp
16083,118789.0,Idle
16084,122018.0,Idle
16085,119514.0,Idle
16086,121326.0,Idle
16087,119976.0,Idle
16088,117645.0,Idle
16089,113918.0,Idle
16090,119640.0,Idle
16091,120479.0,Idle
16092,120775.0,Idle
16093,120279.0,Idle
16094,118465.0,Idle
16095,116362.0,Idle
16096,121176.0,Idle
16097,121970.0,Idle
16098,121836.0,Idle
16099,122187.0,Idle
16100,124985.0,Ramp
16101,123631.0,Idle
16102,122273.0,Idle
16103,122097.0,Idle
16104,118359.0,Idle
16105,120014.0,Idle
16106,122065.0,Idle
16107,121725.0,Idle
16108,123942.0,Idle
16109,120264.0,Idle
16110,123642.0,Idle
16111,125469.0,Ramp
16112,124878.0,Ramp
16113,122724.0,Idle
16114,126186.0,Ramp
16115,122051.0,Idle
16116,125366.0,Ramp
16117,123184.0,Idle
16118,122996.0,Idle
16119,126897.0,Ramp
16120,125636.0,Ramp
16121,122895.0,Idle
16122,123764.0,Idle
16123,118912.0,Idle
16124,121830.0,Idle
16125,121905.0,Idle
16126,125606.0,Ramp
16127,123623.0,Idle
16128,122936.0,Idle
16129,123007.0,Idle
16130,124669.0,Ramp
16131,124404.0,Ramp
16132,122919.0,Idle
16133,119908.0,Idle
16134,121008.0,Idle
16135,123365.0,Idle
16136,124856.0,Ramp
16137,122065.0,Idle
16138,122022.0,Idle
16139,119237.0,Idle
16140,124573.0,Ramp
16141,157445.0,Cooldown
16142,135892.0,Ramp
16143,122287.0,Idle
16144,128346.0,Ramp
16145,123739.0,Idle
16146,128386.0,Ramp
16147,123643.0,Idle
16148,123413.0,Idle
16149,124926.0,Ramp
16150,125668.0,Ramp
16151,127953.0,Ramp
16152,125825.0,Ramp
16153,121541.0,Idle
16154,123025.0,Idle
16155,123213.0,Idle
16156,125984.0,Ramp
16157,121477.0,Idle
16158,124215.0,Ramp
16159,125782.0,Ramp
16160,124422.0,Ramp
16161,126993.0,Ramp
16162,124373.0,Ramp
16163,120997.0,Idle
16164,123181.0,Idle
16165,122335.0,Idle
16166,120368.0,Idle
16167,121917.0,Idle
16168,122006.0,Idle
16169,118709.0,Idle
16170,123512.0,Idle
16171,124890.0,Ramp
16172,124869.0,Ramp
16173,118097.0,Idle
16174,122923.0,Idle
16175,120253.0,Idle
16176,123745.0,Idle
16177,122672.0,Idle
16178,124018.0,Idle
16179,120104.0,Idle
16180,123328.0,Idle
16181,123232.0,Idle
16182,124579.0,Ramp
16183,123467.0,Idle
16184,121270.0,Idle
16185,119610.0,Idle
16186,122739.0,Idle
16187,124055.0,Idle
16188,123674.0,Idle
16189,120972.0,Idle
16190,123178.0,Idle
16191,121248.0,Idle
16192,122729.0,Idle
16193,119572.0,Idle
16194,118529.0,Idle
16195,118215.0,Idle
16196,123962.0,Idle
16197,123559.0,Idle
16198,122483.0,Idle
16199,118298.0,Idle
16200,124840.0,Ramp
16201,156195.0,Cooldown
16202,132477.0,Ramp
16203,123774.0,Idle
16204,127730.0,Ramp
16205,125564.0,Ramp
16206,127406.0,Ramp
16207,124237.0,Ramp
16208,127517.0,Ramp
16209,123307.0,Idle
16210,123046.0,Idle
16211,124484.0,Ramp
16212,125031.0,Ramp
16213,122647.0,Idle
16214,122659.0,Idle
16215,120675.0,Idle
16216,122492.0,Idle
16217,122819.0,Idle
16218,122033.0,Idle
16219,122287.0,Idle
16220,122187.0,Idle
16221,122157.0,Idle
16222,122301.0,Idle
16223,123839.0,Idle
16224,123040.0,Idle
16225,122994.0,Idle
16226,123008.0,Idle
16227,122416.0,Idle
16228,126981.0,Ramp
16229,122462.0,Idle
16230,123928.0,Idle
16231,126856.0,Ramp
16232,126695.0,Ramp
16233,123627.0,Idle
16234,128380.0,Ramp
16235,124140.0,Idle
16236,126613.0,Ramp
16237,123150.0,Idle
16238,124451.0,Ramp
16239,121093.0,Idle
16240,123855.0,Idle
16241,123394.0,Idle
16242,124427.0,Ramp
16243,121788.0,Idle
16244,120895.0,Idle
16245,123868.0,Idle
16246,128413.0,Ramp
16247,127338.0,Ramp
16248,124702.0,Ramp
16249,124839.0,Ramp
16250,125394.0,Ramp
16251,125890.0,Ramp
16252,126670.0,Ramp
16253,121027.0,Idle
16254,122558.0,Idle
16255,123349.0,Idle
16256,126712.0,Ramp
16257,126276.0,Ramp
16258,122310.0,Idle
16259,119928.0,Idle
16260,120910.0,Idle
16261,151981.0,Cooldown
16262,136051.0,Ramp
16263,124908.0,Ramp
16264,127248.0,Ramp
16265,128228.0,Ramp
16266,128755.0,Ramp
16267,126216.0,Ramp
16268,127174.0,Ramp
16269,128539.0,Ramp
16270,132748.0,Ramp
16271,127701.0,Ramp
16272,127267.0,Ramp
16273,128801.0,Ramp
16274,127925.0,Ramp
16275,128185.0,Ramp
16276,130873.0,Ramp
16277,127129.0,Ramp
16278,127658.0,Ramp
16279,132064.0,Ramp
16280,132540.0,Ramp
16281,131913.0,Ramp
16282,130588.0,Ramp
16283,128467.0,Ramp
16284,125350.0,Ramp
16285,129466.0,Ramp
16286,129131.0,Ramp
16287,126798.0,Ramp
16288,132817.0,Ramp
16289,125659.0,Ramp
16290,127902.0,Ramp
16291,126902.0,Ramp
16292,125185.0,Ramp
16293,129189.0,Ramp
16294,131982.0,Ramp
16295,131659.0,Ramp
16296,130394.0,Ramp
16297,129131.0,Ramp
16298,133090.0,Ramp
16299,129265.0,Ramp
16300,128633.0,Ramp
16301,124630.0,Ramp
16302,123106.0,Idle
16303,125123.0,Ramp
16304,127612.0,Ramp
16305,132355.0,Ramp
16306,132213.0,Ramp
16307,131024.0,Ramp
16308,129558.0,Ramp
16309,130810.0,Ramp
16310,133946.0,Ramp
16311,129001.0,Ramp
16312,130366.0,Ramp
16313,130929.0,Ramp
16314,130172.0,Ramp
16315,131064.0,Ramp
16316,130090.0,Ramp
16317,127918.0,Ramp
16318,128706.0,Ramp
16319,126535.0,Ramp
16320,129947.0,Ramp
16321,150559.0,Cooldown
16322,137344.0,Ramp
16323,128793.0,Ramp
16324,132651.0,Ramp
16325,130172.0,Ramp
16326,132046.0,Ramp
16327,130518.0,Ramp
16328,129550.0,Ramp
16329,129233.0,Ramp
16330,134178.0,Ramp
16331,130525.0,Ramp
16332,130114.0,Ramp
16333,126491.0,Ramp
16334,127576.0,Ramp
16335,129195.0,Ramp
16336,128669.0,Ramp
16337,128158.0,Ramp
16338,128310.0,Ramp
16339,130056.0,Ramp
16340,135337.0,Ramp
16341,133235.0,Ramp
16342,130214.0,Ramp
16343,127489.0,Ramp
16344,131505.0,Ramp
16345,128505.0,Ramp
16346,130009.0,Ramp
16347,134713.0,Ramp
16348,131264.0,Ramp
16349,127135.0,Ramp
16350,128964.0,Ramp
16351,129765.0,Ramp
16352,129101.0,Ramp
16353,127368.0,Ramp
16354,130901.0,Ramp
16355,132419.0,Ramp
16356,130956.0,Ramp
16357,125979.0,Ramp
16358,127866.0,Ramp
16359,126966.0,Ramp
16360,132117.0,Ramp
16361,131438.0,Ramp
16362,130120.0,Ramp
16363,134019.0,Ramp
16364,132402.0,Ramp
16365,129667.0,Ramp
16366,133932.0,Ramp
16367,132584.0,Ramp
16368,132380.0,Ramp
16369,130898.0,Ramp
16370,132724.0,Ramp
16371,130662.0,Ramp
16372,129774.0,Ramp
16373,129856.0,Ramp
16374,127683.0,Ramp
16375,128904.0,Ramp
16376,134222.0,Ramp
16377,131071.0,Ramp
16378,134696.0,Ramp
16379,128483.0,Ramp
16380,134362.0,Ramp
16381,156882.0,Cooldown
16382,137839.0,Ramp
16383,134435.0,Ramp
16384,134705.0,Ramp
16385,138388.0,Ramp
16386,141739.0,Ramp
16387,140045.0,Ramp
16388,137152.0,Ramp
16389,134659.0,Ramp
16390,137906.0,Ramp
16391,135029.0,Ramp
16392,136594.0,Ramp
16393,133328.0,Ramp
16394,127700.0,Ramp
16395,129604.0,Ramp
16396,147691.0,Cooldown
16397,148663.0,Cooldown
16398,157019.0,Cooldown
16399,130025.0,Ramp
16400,139711.0,Ramp
16401,138208.0,Ramp
16402,133889.0,Ramp
16403,129811.0,Ramp
16404,127043.0,Ramp
16405,128377.0,Ramp
16406,130817.0,Ramp
16407,130567.0,Ramp
16408,130700.0,Ramp
16409,127850.0,Ramp
16410,126952.0,Ramp
16411,129961.0,Ramp
16412,129199.0,Ramp
16413,128717.0,Ramp
16414,129426.0,Ramp
16415,129657.0,Ramp
16416,129674.0,Ramp
16417,129059.0,Ramp
16418,127525.0,Ramp
16419,124192.0,Ramp
16420,127216.0,Ramp
16421,129060.0,Ramp
16422,130470.0,Ramp
16423,129510.0,Ramp
16424,128045.0,Ramp
16425,129325.0,Ramp
16426,134896.0,Ramp
16427,131215.0,Ramp
16428,132406.0,Ramp
16429,128972.0,Ramp
16430,138473.0,Ramp
16431,132336.0,Ramp
16432,131100.0,Ramp
16433,129604.0,Ramp
16434,131432.0,Ramp
16435,127045.0,Ramp
16436,130448.0,Ramp
16437,129520.0,Ramp
16438,128848.0,Ramp
16439,125746.0,Ramp
16440,128177.0,Ramp
16441,152052.0,Cooldown
16442,130350.0,Ramp
16443,135088.0,Ramp
16444,134326.0,Ramp
16445,131254.0,Ramp
16446,131546.0,Ramp
16447,127578.0,Ramp
16448,131683.0,Ramp
16449,128293.0,Ramp
16450,133467.0,Ramp
16451,132774.0,Ramp
16452,131516.0,Ramp
16453,134403.0,Ramp
16454,132054.0,Ramp
16455,132000.0,Ramp
16456,133110.0,Ramp
16457,132090.0,Ramp
16458,134019.0,Ramp
16459,131895.0,Ramp
16460,136061.0,Ramp
16461,136100.0,Ramp
16462,132100.0,Ramp
16463,134670.0,Ramp
16464,131973.0,Ramp
16465,130413.0,Ramp
16466,135486.0,Ramp
16467,130122.0,Ramp
16468,130260.0,Ramp
16469,127959.0,Ramp
16470,129910.0,Ramp
16471,140204.0,Ramp
16472,132875.0,Ramp
16473,134287.0,Ramp
16474,131818.0,Ramp
16475,132298.0,Ramp
16476,136192.0,Ramp
16477,134057.0,Ramp
16478,138434.0,Ramp
16479,131197.0,Ramp
16480,133751.0,Ramp
16481,134206.0,Ramp
16482,134032.0,Ramp
16483,135867.0,Ramp
16484,136308.0,Ramp
16485,130487.0,Ramp
16486,132819.0,Ramp
16487,130792.0,Ramp
16488,135839.0,Ramp
16489,130750.0,Ramp
16490,134559.0,Ramp
16491,133938.0,Ramp
16492,132451.0,Ramp
16493,130861.0,Ramp
16494,134905.0,Ramp
16495,129294.0,Ramp
16496,133211.0,Ramp
16497,132045.0,Ramp
16498,133692.0,Ramp
16499,134439.0,Ramp
16500,132336.0,Ramp
16501,158893.0,Cooldown
16502,139636.0,Ramp
16503,137242.0,Ramp
16504,140898.0,Ramp
16505,134813.0,Ramp
16506,137986.0,Ramp
16507,140360.0,Ramp
16508,143738.0,Ramp
16509,136770.0,Ramp
16510,138850.0,Ramp
16511,139155.0,Ramp
16512,138110.0,Ramp
16513,136013.0,Ramp
16514,134995.0,Ramp
16515,136715.0,Ramp
16516,141333.0,Ramp
16517,139006.0,Ramp
16518,141896.0,Ramp
16519,138673.0,Ramp
16520,138898.0,Ramp
16521,141318.0,Ramp
16522,137071.0,Ramp
16523,133918.0,Ramp
16524,135555.0,Ramp
16525,133733.0,Ramp
16526,136162.0,Ramp
16527,134126.0,Ramp
16528,137258.0,Ramp
16529,136082.0,Ramp
16530,139329.0,Ramp
16531,140453.0,Ramp
16532,138369.0,Ramp
16533,137185.0,Ramp
16534,137831.0,Ramp
16535,136479.0,Ramp
16536,137320.0,Ramp
16537,136455.0,Ramp
16538,137933.0,Ramp
16539,133315.0,Ramp
16540,137908.0,Ramp
16541,139738.0,Ramp
16542,139874.0,Ramp
16543,139876.0,Ramp
16544,139430.0,Ramp
16545,138490.0,Ramp
16546,140929.0,Ramp
16547,135640.0,Ramp
16548,136026.0,Ramp
16549,136807.0,Ramp
16550,139212.0,Ramp
16551,140547.0,Ramp
16552,138569.0,Ramp
16553,136085.0,Ramp
16554,135901.0,Ramp
16555,136649.0,Ramp
16556,140813.0,Ramp
16557,136975.0,Ramp
16558,136085.0,Ramp
16559,134895.0,Ramp
16560,136737.0,Ramp
16561,167722.0,Cooldown
16562,146300.0,Cooldown
16563,138486.0,Ramp
16564,143206.0,Ramp
16565,143276.0,Ramp
16566,149511.0,Cooldown
16567,142476.0,Ramp
16568,143166.0,Ramp
16569,138108.0,Ramp
16570,141547.0,Ramp
16571,140802.0,Ramp
16572,143174.0,Ramp
16573,139205.0,Ramp
16574,138687.0,Ramp
16575,139764.0,Ramp
16576,144877.0,Ramp
16577,140307.0,Ramp
16578,140659.0,Ramp
16579,140182.0,Ramp
16580,143002.0,Ramp
16581,144045.0,Ramp
16582,140795.0,Ramp
16583,139096.0,Ramp
16584,139206.0,Ramp
16585,138073.0,Ramp
16586,144958.0,Ramp
16587,142194.0,Ramp
16588,141933.0,Ramp
16589,138657.0,Ramp
16590,141622.0,Ramp
16591,146508.0,Cooldown
16592,145597.0,Ramp
16593,144987.0,Ramp
16594,145431.0,Ramp
16595,142933.0,Ramp
16596,146501.0,Cooldown
16597,143896.0,Ramp
16598,144762.0,Ramp
16599,137700.0,Ramp
16600,141523.0,Ramp
16601,143016.0,Ramp
16602,140859.0,Ramp
16603,141383.0,Ramp
16604,140989.0,Ramp
16605,141874.0,Ramp
16606,148069.0,Cooldown
16607,145711.0,Cooldown
16608,145537.0,Ramp
16609,141368.0,Ramp
16610,145040.0,Ramp
16611,145036.0,Ramp
16612,141591.0,Ramp
16613,141990.0,Ramp
16614,144468.0,Ramp
16615,143050.0,Ramp
16616,143575.0,Ramp
16617,148103.0,Cooldown
16618,144744.0,Ramp
16619,142265.0,Ramp
16620,142384.0,Ramp
16621,171410.0,Cooldown
16622,151231.0,Cooldown
16623,144284.0,Ramp
16624,146225.0,Burst
16625,146272.0,Burst
16626,151995.0,Cooldown
16627,153169.0,Cooldown
16628,151311.0,Cooldown
16629,148534.0,Burst
16630,149480.0,Cooldown
16631,152250.0,Cooldown
16632,148358.0,Burst
16633,144764.0,Ramp
16634,152227.0,Cooldown
16635,150603.0,Cooldown
16636,151291.0,Cooldown
16637,146153.0,Burst
16638,147313.0,Cooldown
16639,145351.0,Ramp
16640,149154.0,Cooldown
16641,147420.0,Burst
16642,146695.0,Burst
16643,149428.0,Cooldown
16644,147840.0,Cooldown
16645,145231.0,Ramp
16646,148499.0,Cooldown
16647,147305.0,Cooldown
16648,147782.0,Cooldown
16649,145922.0,Cooldown
16650,142501.0,Ramp
16651,148779.0,Cooldown
16652,145707.0,Cooldown
16653,144432.0,Ramp
16654,147484.0,Cooldown
16655,143170.0,Ramp
16656,149179.0,Cooldown
16657,145567.0,Ramp
16658,147412.0,Cooldown
16659,145255.0,Ramp
16660,146989.0,Cooldown
16661,145536.0,Ramp
16662,144830.0,Ramp
16663,145506.0,Ramp
16664,147360.0,Burst
16665,144942.0,Ramp
16666,150613.0,Burst
16667,150906.0,Burst
16668,153179.0,Cooldown
16669,149235.0,Burst
16670,151845.0,Cooldown
16671,150380.0,Cooldown
16672,147220.0,Cooldown
16673,147053.0,Cooldown
16674,145734.0,Cooldown
16675,142171.0,Ramp
16676,147249.0,Cooldown
16677,145609.0,Ramp
16678,144901.0,Ramp
16679,142337.0,Ramp
16680,143481.0,Ramp
16681,170139.0,Cooldown
16682,149147.0,Cooldown
16683,147156.0,Burst
16684,148510.0,Burst
16685,149677.0,Cooldown
16686,150593.0,Cooldown
16687,147994.0,Cooldown
16688,149183.0,Cooldown
16689,143923.0,Ramp
16690,148246.0,Burst
16691,148300.0,Burst
16692,148374.0,Cooldown
16693,149976.0,Cooldown
16694,146913.0,Burst
16695,146699.0,Burst
16696,151016.0,Cooldown
16697,149236.0,Burst
16698,153150.0,Cooldown
16699,146910.0,Cooldown
16700,149825.0,Cooldown
16701,146158.0,Cooldown
16702,143154.0,Ramp
16703,146491.0,Cooldown
16704,144078.0,Ramp
16705,143760.0,Ramp
16706,148120.0,Cooldown
16707,148585.0,Cooldown
16708,145397.0,Ramp
16709,142933.0,Ramp
16710,145719.0,Burst
16711,151276.0,Burst
16712,148191.0,Burst
16713,155528.0,Cooldown
16714,154973.0,Cooldown
16715,152501.0,Cooldown
16716,152487.0,Cooldown
16717,143503.0,Ramp
16718,147278.0,Burst
16719,144413.0,Ramp
16720,148073.0,Burst
16721,154227.0,Cooldown
16722,151803.0,Cooldown
16723,146745.0,Burst
16724,146320.0,Burst
16725,152176.0,Cooldown
16726,152106.0,Cooldown
16727,152265.0,Cooldown
16728,151847.0,Cooldown
16729,149340.0,Burst
16730,152255.0,Cooldown
16731,149712.0,Cooldown
16732,146977.0,Burst
16733,147581.0,Burst
16734,148671.0,Burst
16735,145526.0,Ramp
16736,150110.0,Burst
16737,152287.0,Cooldown
16738,156515.0,Cooldown
16739,146416.0,Burst
16740,149366.0,Burst
16741,171358.0,Cooldown
16742,149446.0,Burst
16743,151141.0,Burst
16744,159040.0,Cooldown
16745,155189.0,Cooldown
16746,151947.0,Cooldown
16747,150890.0,Cooldown
16748,153566.0,Cooldown
16749,145387.0,Ramp
16750,144941.0,Ramp
16751,145896.0,Burst
16752,148585.0,Cooldown
16753,147789.0,Cooldown
16754,145730.0,Burst
16755,146805.0,Burst
16756,149837.0,Cooldown
16757,149106.0,Cooldown
16758,148687.0,Cooldown
16759,145922.0,Burst
16760,148313.0,Burst
16761,149520.0,Cooldown
16762,149219.0,Cooldown
16763,146241.0,Burst
16764,144737.0,Ramp
16765,145513.0,Ramp
16766,149113.0,Cooldown
16767,148303.0,Cooldown
16768,146208.0,Cooldown
16769,141601.0,Ramp
16770,143629.0,Ramp
16771,146814.0,Cooldown
16772,143835.0,Ramp
16773,145323.0,Ramp
16774,143718.0,Ramp
16775,146798.0,Cooldown
16776,147186.0,Cooldown
16777,144675.0,Ramp
16778,142783.0,Ramp
16779,142135.0,Ramp
16780,142007.0,Ramp
16781,142376.0,Ramp
16782,144512.0,Ramp
16783,142933.0,Ramp
16784,140925.0,Ramp
16785,141273.0,Ramp
16786,146407.0,Cooldown
16787,146194.0,Cooldown
16788,144917.0,Ramp
16789,144718.0,Ramp
16790,145190.0,Ramp
16791,145595.0,Ramp
16792,142010.0,Ramp
16793,141737.0,Ramp
16794,140664.0,Ramp
16795,143008.0,Ramp
16796,145381.0,Ramp
16797,142451.0,Ramp
16798,144980.0,Ramp
16799,143575.0,Ramp
16800,144139.0,Ramp
16801,173866.0,Cooldown
16802,152115.0,Cooldown
16803,147828.0,Burst
16804,153210.0,Cooldown
16805,152704.0,Cooldown
16806,154346.0,Cooldown
16807,150038.0,Cooldown
16808,148888.0,Cooldown
16809,144072.0,Ramp
16810,147259.0,Cooldown
16811,149533.0,Cooldown
16812,146002.0,Cooldown
16813,144715.0,Ramp
16814,144005.0,Ramp
16815,146331.0,Burst
16816,150186.0,Cooldown
16817,149854.0,Cooldown
16818,148560.0,Burst
16819,147056.0,Burst
16820,150621.0,Cooldown
16821,150081.0,Cooldown
16822,146078.0,Cooldown
16823,145803.0,Cooldown
16824,141794.0,Ramp
16825,144743.0,Ramp
16826,149772.0,Burst
16827,148996.0,Burst
16828,151714.0,Burst
16829,148856.0,Burst
16830,152968.0,Burst
16831,154361.0,Cooldown
16832,153606.0,Cooldown
16833,152139.0,Burst
16834,150871.0,Burst
16835,152288.0,Burst
16836,159253.0,Cooldown
16837,149155.0,Burst
16838,148781.0,Burst
16839,148624.0,Burst
16840,151717.0,Burst
16841,155943.0,Cooldown
16842,154814.0,Cooldown
16843,153321.0,Burst
16844,154000.0,Burst
16845,153176.0,Burst
16846,157118.0,Cooldown
16847,153686.0,Burst
16848,156411.0,Cooldown
16849,154021.0,Burst
16850,158321.0,Cooldown
16851,153308.0,Cooldown
16852,154219.0,Cooldown
16853,149203.0,Burst
16854,151375.0,Burst
16855,150347.0,Burst
16856,155054.0,Cooldown
16857,152624.0,Cooldown
16858,149989.0,Burst
16859,148951.0,Burst
16860,148481.0,Burst
16861,171598.0,Cooldown
16862,151208.0,Cooldown
16863,149217.0,Burst
16864,148930.0,Burst
16865,154036.0,Cooldown
16866,157339.0,Cooldown
16867,149509.0,Burst
16868,153529.0,Cooldown
16869,149490.0,Burst
16870,148023.0,Burst
16871,151620.0,Cooldown
16872,149813.0,Cooldown
16873,148899.0,Cooldown
16874,146260.0,Cooldown
16875,144975.0,Ramp
16876,147856.0,Cooldown
16877,143472.0,Ramp
16878,149869.0,Cooldown
16879,143193.0,Ramp
16880,145141.0,Ramp
16881,147957.0,Cooldown
16882,145100.0,Ramp
16883,141230.0,Ramp
16884,140781.0,Ramp
16885,144917.0,Ramp
16886,145139.0,Ramp
16887,146714.0,Cooldown
16888,146326.0,Cooldown
16889,141627.0,Ramp
16890,143112.0,Ramp
16891,146157.0,Cooldown
16892,143732.0,Ramp
16893,146784.0,Cooldown
16894,145438.0,Ramp
16895,142134.0,Ramp
16896,144647.0,Ramp
16897,142559.0,Ramp
16898,145872.0,Cooldown
16899,140714.0,Ramp
16900,144395.0,Ramp
16901,141416.0,Ramp
16902,140382.0,Ramp
16903,139220.0,Ramp
16904,139201.0,Ramp
16905,138077.0,Ramp
16906,146289.0,Cooldown
16907,144211.0,Ramp
16908,141371.0,Ramp
16909,139967.0,Ramp
16910,141588.0,Ramp
16911,141820.0,Ramp
16912,141673.0,Ramp
16913,146509.0,Cooldown
16914,140217.0,Ramp
16915,139418.0,Ramp
16916,142124.0,Ramp
16917,142181.0,Ramp
16918,141123.0,Ramp
16919,138051.0,Ramp
16920,137453.0,Ramp
16921,163241.0,Cooldown
16922,145848.0,Cooldown
16923,141217.0,Ramp
16924,141560.0,Ramp
16925,140970.0,Ramp
16926,141980.0,Ramp
16927,140324.0,Ramp
16928,140880.0,Ramp
16929,139437.0,Ramp
16930,141412.0,Ramp
16931,141999.0,Ramp
16932,139612.0,Ramp
16933,135384.0,Ramp
16934,134860.0,Ramp
16935,138510.0,Ramp
16936,140711.0,Ramp
16937,137790.0,Ramp
16938,139436.0,Ramp
16939,136562.0,Ramp
16940,141664.0,Ramp
16941,141394.0,Ramp
16942,138243.0,Ramp
16943,138229.0,Ramp
16944,136239.0,Ramp
16945,135797.0,Ramp
16946,139386.0,Ramp
16947,138583.0,Ramp
16948,135756.0,Ramp
16949,135024.0,Ramp
16950,134773.0,Ramp
16951,135040.0,Ramp
16952,136672.0,Ramp
16953,137489.0,Ramp
16954,139059.0,Ramp
16955,135932.0,Ramp
16956,137583.0,Ramp
16957,137161.0,Ramp
16958,135335.0,Ramp
16959,134483.0,Ramp
16960,135553.0,Ramp
16961,136602.0,Ramp
16962,137675.0,Ramp
16963,142982.0,Ramp
16964,134766.0,Ramp
16965,135236.0,Ramp
16966,138976.0,Ramp
16967,136952.0,Ramp
16968,141276.0,Ramp
16969,149488.0,Cooldown
16970,143131.0,Ramp
16971,142598.0,Ramp
16972,139209.0,Ramp
16973,136802.0,Ramp
16974,136616.0,Ramp
16975,134534.0,Ramp
16976,138391.0,Ramp
16977,138646.0,Ramp
16978,139121.0,Ramp
16979,133875.0,Ramp
16980,134752.0,Ramp
16981,158698.0,Cooldown
16982,139672.0,Ramp
16983,138515.0,Ramp
16984,134976.0,Ramp
16985,137552.0,Ramp
16986,135467.0,Ramp
16987,133415.0,Ramp
16988,137558.0,Ramp
16989,138721.0,Ramp
16990,135915.0,Ramp
16991,139568.0,Ramp
16992,135803.0,Ramp
16993,137443.0,Ramp
16994,134255.0,Ramp
16995,140651.0,Ramp
16996,136648.0,Ramp
16997,139566.0,Ramp
16998,141454.0,Ramp
16999,135071.0,Ramp
17000,140258.0,Ramp
17001,139649.0,Ramp
17002,136238.0,Ramp
17003,135859.0,Ramp
17004,140507.0,Ramp
17005,137253.0,Ramp
17006,143271.0,Ramp
17007,139465.0,Ramp
17008,140755.0,Ramp
17009,140074.0,Ramp
17010,141383.0,Ramp
17011,142864.0,Ramp
17012,140595.0,Ramp
17013,139033.0,Ramp
17014,141382.0,Ramp
17015,140977.0,Ramp
17016,143547.0,Ramp
17017,140116.0,Ramp
17018,141019.0,Ramp
17019,139593.0,Ramp
17020,145114.0,Ramp
17021,143787.0,Ramp
17022,141376.0,Ramp
17023,142657.0,Ramp
17024,137946.0,Ramp
17025,139380.0,Ramp
17026,142588.0,Ramp
17027,141307.0,Ramp
17028,140114.0,Ramp
17029,138286.0,Ramp
17030,142546.0,Ramp
17031,136517.0,Ramp
17032,137127.0,Ramp
17033,136021.0,Ramp
17034,136781.0,Ramp
17035,136555.0,Ramp
17036,141730.0,Ramp
17037,135086.0,Ramp
17038,137275.0,Ramp
17039,140550.0,Ramp
17040,136367.0,Ramp
17041,160611.0,Cooldown
17042,142160.0,Ramp
17043,138162.0,Ramp
17044,140885.0,Ramp
17045,138434.0,Ramp
17046,140207.0,Ramp
17047,136805.0,Ramp
17048,135450.0,Ramp
17049,134823.0,Ramp
17050,137836.0,Ramp
17051,138025.0,Ramp
17052,135593.0,Ramp
17053,134627.0,Ramp
17054,133286.0,Ramp
17055,134655.0,Ramp
17056,138845.0,Ramp
17057,136663.0,Ramp
17058,137393.0,Ramp
17059,134168.0,Ramp
17060,136800.0,Ramp
17061,137515.0,Ramp
17062,133981.0,Ramp
17063,133360.0,Ramp
17064,132190.0,Ramp
17065,136169.0,Ramp
17066,138097.0,Ramp
17067,136684.0,Ramp
17068,136541.0,Ramp
17069,132764.0,Ramp
17070,133486.0,Ramp
17071,136499.0,Ramp
17072,135213.0,Ramp
17073,134799.0,Ramp
17074,137352.0,Ramp
17075,134933.0,Ramp
17076,134136.0,Ramp
17077,134383.0,Ramp
17078,132652.0,Ramp
17079,133217.0,Ramp
17080,134741.0,Ramp
17081,133772.0,Ramp
17082,133372.0,Ramp
17083,132075.0,Ramp
17084,129956.0,Ramp
17085,135614.0,Ramp
17086,137789.0,Ramp
17087,135362.0,Ramp
17088,134401.0,Ramp
17089,132301.0,Ramp
17090,136107.0,Ramp
17091,134951.0,Ramp
17092,135082.0,Ramp
17093,129845.0,Ramp
17094,130661.0,Ramp
17095,130319.0,Ramp
17096,137419.0,Ramp
17097,132133.0,Ramp
17098,134657.0,Ramp
17099,132399.0,Ramp
17100,136941.0,Ramp
17101,160329.0,Cooldown
17102,138601.0,Ramp
17103,135605.0,Ramp
17104,136467.0,Ramp
17105,139391.0,Ramp
17106,139304.0,Ramp
17107,135645.0,Ramp
17108,138227.0,Ramp
17109,134805.0,Ramp
17110,135653.0,Ramp
17111,133004.0,Ramp
17112,130806.0,Ramp
17113,128399.0,Ramp
17114,130378.0,Ramp
17115,129404.0,Ramp
17116,131629.0,Ramp
17117,130024.0,Ramp
17118,129765.0,Ramp
17119,131105.0,Ramp
17120,134766.0,Ramp
17121,131295.0,Ramp
17122,128607.0,Ramp
17123,128174.0,Ramp
17124,129965.0,Ramp
17125,130163.0,Ramp
17126,130602.0,Ramp
17127,130843.0,Ramp
17128,132216.0,Ramp
17129,128490.0,Ramp
17130,129933.0,Ramp
17131,132375.0,Ramp
17132,130523.0,Ramp
17133,129143.0,Ramp
17134,131384.0,Ramp
17135,133279.0,Ramp
17136,132949.0,Ramp
17137,131994.0,Ramp
17138,130490.0,Ramp
17139,130602.0,Ramp
17140,132792.0,Ramp
17141,133506.0,Ramp
17142,132566.0,Ramp
17143,133330.0,Ramp
17144,128801.0,Ramp
17145,129413.0,Ramp
17146,133406.0,Ramp
17147,133390.0,Ramp
17148,131708.0,Ramp
17149,130314.0,Ramp
17150,134545.0,Ramp
17151,129072.0,Ramp
17152,130965.0,Ramp
17153,127417.0,Ramp
17154,126770.0,Ramp
17155,127547.0,Ramp
17156,128642.0,Ramp
17157,128487.0,Ramp
17158,130517.0,Ramp
17159,126494.0,Ramp
17160,128717.0,Ramp
17161,156265.0,Cooldown
17162,132280.0,Ramp
17163,126795.0,Ramp
17164,129825.0,Ramp
17165,129884.0,Ramp
17166,132965.0,Ramp
17167,130859.0,Ramp
17168,129954.0,Ramp
17169,127890.0,Ramp
17170,129051.0,Ramp
17171,129392.0,Ramp
17172,127811.0,Ramp
17173,126065.0,Ramp
17174,124462.0,Ramp
17175,126206.0,Ramp
17176,130650.0,Ramp
17177,130659.0,Ramp
17178,127026.0,Ramp
17179,125409.0,Ramp
17180,132238.0,Ramp
17181,131017.0,Ramp
17182,125088.0,Ramp
17183,126521.0,Ramp
17184,124574.0,Ramp
17185,125699.0,Ramp
17186,127439.0,Ramp
17187,124501.0,Ramp
17188,123477.0,Idle
17189,121414.0,Idle
17190,124240.0,Ramp
17191,125381.0,Ramp
17192,125071.0,Ramp
17193,123026.0,Idle
17194,125586.0,Ramp
17195,126268.0,Ramp
17196,125165.0,Ramp
17197,122653.0,Idle
17198,121270.0,Idle
17199,121920.0,Idle
17200,124013.0,Idle
17201,125209.0,Ramp
17202,123348.0,Idle
17203,120918.0,Idle
17204,122125.0,Idle
17205,121350.0,Idle
17206,126826.0,Ramp
17207,123903.0,Idle
17208,125023.0,Ramp
17209,121968.0,Idle
17210,126868.0,Ramp
17211,122537.0,Idle
17212,123131.0,Idle
17213,119268.0,Idle
17214,121571.0,Idle
17215,121976.0,Idle
17216,123770.0,Idle
17217,121864.0,Idle
17218,120959.0,Idle
17219,118566.0,Idle
17220,121170.0,Idle
17221,146904.0,Cooldown
17222,126623.0,Ramp
17223,120260.0,Idle
17224,122881.0,Idle
17225,124358.0,Ramp
17226,124358.0,Ramp
17227,121863.0,Idle
17228,123546.0,Idle
17229,120011.0,Idle
17230,124756.0,Ramp
17231,121681.0,Idle
17232,121780.0,Idle
17233,117672.0,Idle
17234,119822.0,Idle
17235,121292.0,Idle
17236,124668.0,Ramp
17237,120765.0,Idle
17238,123207.0,Idle
17239,119491.0,Idle
17240,125039.0,Ramp
17241,121626.0,Idle
17242,120922.0,Idle
17243,119038.0,Idle
17244,123466.0,Idle
17245,123415.0,Idle
17246,123270.0,Idle
17247,122489.0,Idle
17248,121824.0,Idle
17249,118208.0,Idle
17250,121430.0,Idle
17251,121029.0,Idle
17252,121879.0,Idle
17253,117021.0,Idle
17254,120395.0,Idle
17255,122496.0,Idle
17256,120359.0,Idle
17257,121424.0,Idle
17258,120492.0,Idle
17259,117895.0,Idle
17260,120584.0,Idle
17261,118305.0,Idle
17262,119605.0,Idle
17263,117767.0,Idle
17264,117671.0,Idle
17265,118640.0,Idle
17266,121642.0,Idle
17267,121159.0,Idle
17268,120831.0,Idle
17269,117641.0,Idle
17270,123288.0,Idle
17271,120880.0,Idle
17272,121182.0,Idle
17273,118238.0,Idle
17274,118883.0,Idle
17275,119242.0,Idle
17276,122819.0,Idle
17277,120539.0,Idle
17278,122202.0,Idle
17279,118807.0,Idle
17280,120787.0,Idle
17281,151838.0,Cooldown
17282,130935.0,Ramp
17283,123298.0,Idle
17284,127689.0,Ramp
17285,126499.0,Ramp
17286,128428.0,Ramp
17287,125622.0,Ramp
17288,125860.0,Ramp
17289,124868.0,Ramp
17290,126260.0,Ramp
17291,124977.0,Ramp
17292,125308.0,Ramp
17293,122439.0,Idle
17294,123809.0,Idle
17295,124220.0,Ramp
17296,128885.0,Ramp
17297,127351.0,Ramp
17298,126210.0,Ramp
17299,121679.0,Idle
17300,127164.0,Ramp
17301,125002.0,Ramp
17302,126129.0,Ramp
17303,121180.0,Idle
17304,122584.0,Idle
17305,122965.0,Idle
17306,125780.0,Ramp
17307,125053.0,Ramp
17308,123198.0,Idle
17309,121247.0,Idle
17310,121416.0,Idle
17311,124478.0,Ramp
17312,124082.0,Idle
17313,122121.0,Idle
17314,122614.0,Idle
17315,126775.0,Ramp
17316,125882.0,Ramp
17317,122575.0,Idle
17318,123253.0,Idle
17319,121745.0,Idle
17320,124163.0,Idle
17321,122780.0,Idle
17322,125411.0,Ramp
17323,122848.0,Idle
17324,119430.0,Idle
17325,119604.0,Idle
17326,123328.0,Idle
17327,121410.0,Idle
17328,121065.0,Idle
17329,117959.0,Idle
17330,123698.0,Idle
17331,120270.0,Idle
17332,120338.0,Idle
17333,118389.0,Idle
17334,119651.0,Idle
17335,119201.0,Idle
17336,122808.0,Idle
17337,121300.0,Idle
17338,120674.0,Idle
17339,117082.0,Idle
17340,120485.0,Idle
17341,140285.0,Ramp
17342,120961.0,Idle
17343,118675.0,Idle
17344,118489.0,Idle
17345,121108.0,Idle
17346,120868.0,Idle
17347,120126.0,Idle
17348,124978.0,Ramp
17349,117819.0,Idle
17350,121220.0,Idle
17351,118500.0,Idle
17352,119507.0,Idle
17353,119210.0,Idle
17354,119867.0,Idle
17355,120728.0,Idle
17356,123339.0,Idle
17357,121531.0,Idle
17358,120725.0,Idle
17359,119268.0,Idle
17360,122760.0,Idle
17361,121717.0,Idle
17362,119065.0,Idle
17363,121485.0,Idle
17364,120028.0,Idle
17365,122934.0,Idle
17366,126877.0,Ramp
17367,124549.0,Ramp
17368,127835.0,Ramp
17369,125552.0,Ramp
17370,125438.0,Ramp
17371,125278.0,Ramp
17372,125499.0,Ramp
17373,124911.0,Ramp
17374,124498.0,Ramp
17375,124115.0,Idle
17376,128052.0,Ramp
17377,125491.0,Ramp
17378,125316.0,Ramp
17379,122691.0,Idle
17380,124605.0,Ramp
17381,121004.0,Idle
17382,120627.0,Idle
17383,118158.0,Idle
17384,120350.0,Idle
17385,119670.0,Idle
17386,121997.0,Idle
17387,120057.0,Idle
17388,120653.0,Idle
17389,117675.0,Idle
17390,120167.0,Idle
17391,117101.0,Idle
17392,117679.0,Idle
17393,116972.0,Idle
17394,117273.0,Idle
17395,116914.0,Idle
17396,119971.0,Idle
17397,122292.0,Idle
17398,122033.0,Idle
17399,117960.0,Idle
17400,120178.0,Idle
17401,141260.0,Ramp
17402,126975.0,Ramp
17403,120173.0,Idle
17404,121048.0,Idle
17405,119518.0,Idle
17406,121968.0,Idle
17407,120683.0,Idle
17408,119575.0,Idle
17409,115948.0,Idle
17410,117835.0,Idle
17411,118648.0,Idle
17412,119209.0,Idle
17413,119138.0,Idle
17414,117504.0,Idle
17415,117683.0,Idle
17416,119077.0,Idle
17417,123398.0,Idle
17418,118580.0,Idle
17419,114683.0,Idle
17420,122906.0,Idle
17421,119780.0,Idle
17422,119085.0,Idle
17423,120336.0,Idle
17424,120287.0,Idle
17425,117999.0,Idle
17426,121956.0,Idle
17427,120227.0,Idle
17428,118014.0,Idle
17429,118564.0,Idle
17430,117985.0,Idle
17431,120061.0,Idle
17432,119726.0,Idle
17433,120063.0,Idle
17434,122134.0,Idle
17435,118072.0,Idle
17436,119046.0,Idle
17437,114735.0,Idle
17438,117251.0,Idle
17439,113430.0,Idle
17440,119323.0,Idle
17441,116855.0,Idle
17442,118304.0,Idle
17443,117512.0,Idle
17444,116506.0,Idle
17445,117033.0,Idle
17446,121927.0,Idle
17447,118668.0,Idle
17448,119626.0,Idle
17449,114361.0,Idle
17450,119598.0,Idle
17451,118095.0,Idle
17452,115636.0,Idle
17453,116728.0,Idle
17454,116199.0,Idle
17455,114927.0,Idle
17456,118325.0,Idle
17457,116741.0,Idle
17458,117993.0,Idle
17459,112070.0,Idle
17460,115234.0,Idle
17461,145963.0,Cooldown
17462,122312.0,Idle
17463,118990.0,Idle
17464,118656.0,Idle
17465,118137.0,Idle
17466,119460.0,Idle
17467,120584.0,Idle
17468,119360.0,Idle
17469,114789.0,Idle
17470,117936.0,Idle
17471,115827.0,Idle
17472,115944.0,Idle
17473,116249.0,Idle
17474,117084.0,Idle
17475,116943.0,Idle
17476,118773.0,Idle
17477,116875.0,Idle
17478,118515.0,Idle
17479,114272.0,Idle
17480,118844.0,Idle
17481,115876.0,Idle
17482,115102.0,Idle
17483,117250.0,Idle
17484,115355.0,Idle
17485,113599.0,Idle
17486,116066.0,Idle
17487,116843.0,Idle
17488,118910.0,Idle
17489,112703.0,Idle
17490,115860.0,Idle
17491,115038.0,Idle
17492,112819.0,Idle
17493,110655.0,Idle
17494,113595.0,Idle
17495,113577.0,Idle
17496,113554.0,Idle
17497,115301.0,Idle
17498,115520.0,Idle
17499,110994.0,Idle
17500,113519.0,Idle
17501,113013.0,Idle
17502,114144.0,Idle
17503,111826.0,Idle
17504,110015.0,Idle
17505,120542.0,Idle
17506,117244.0,Idle
17507,114699.0,Idle
17508,115092.0,Idle
17509,111712.0,Idle
17510,115334.0,Idle
17511,113542.0,Idle
17512,112812.0,Idle
17513,112437.0,Idle
17514,111776.0,Idle
17515,110219.0,Idle
17516,114542.0,Idle
17517,112984.0,Idle
17518,113472.0,Idle
17519,110821.0,Idle
17520,111641.0,Idle
17521,150702.0,Cooldown
17522,125730.0,Ramp
17523,116333.0,Idle
17524,115608.0,Idle
17525,114826.0,Idle
17526,116015.0,Idle
17527,115317.0,Idle
17528,115888.0,Idle
17529,111402.0,Idle
17530,114286.0,Idle
17531,114033.0,Idle
17532,114590.0,Idle
17533,112932.0,Idle
17534,112066.0,Idle
17535,110624.0,Idle
17536,112093.0,Idle
17537,111919.0,Idle
17538,115180.0,Idle
17539,111948.0,Idle
17540,119580.0,Idle
17541,116107.0,Idle
17542,113640.0,Idle
17543,112648.0,Idle
17544,108893.0,Idle
17545,110817.0,Idle
17546,116290.0,Idle
17547,113896.0,Idle
17548,116320.0,Idle
17549,113325.0,Idle
17550,115279.0,Idle
17551,117660.0,Idle
17552,113059.0,Idle
17553,113623.0,Idle
17554,112592.0,Idle
17555,114624.0,Idle
17556,115973.0,Idle
17557,112869.0,Idle
17558,112410.0,Idle
17559,110030.0,Idle
17560,114418.0,Idle
17561,113644.0,Idle
17562,112991.0,Idle
17563,110429.0,Idle
17564,108721.0,Idle
17565,110929.0,Idle
17566,116811.0,Idle
17567,113577.0,Idle
17568,115469.0,Idle
17569,111441.0,Idle
17570,117077.0,Idle
17571,113706.0,Idle
17572,111829.0,Idle
17573,111970.0,Idle
17574,110896.0,Idle
17575,110812.0,Idle
17576,116012.0,Idle
17577,112516.0,Idle
17578,113655.0,Idle
17579,110934.0,Idle
17580,115080.0,Idle
17581,152137.0,Cooldown
17582,124386.0,Ramp
17583,114586.0,Idle
17584,117828.0,Idle
17585,118726.0,Idle
17586,119682.0,Idle
17587,117044.0,Idle
17588,116442.0,Idle
17589,112608.0,Idle
17590,120439.0,Idle
17591,116765.0,Idle
17592,116875.0,Idle
17593,112860.0,Idle
17594,112963.0,Idle
17595,115142.0,Idle
17596,116986.0,Idle
17597,112328.0,Idle
17598,115153.0,Idle
17599,112211.0,Idle
17600,119390.0,Idle
17601,114382.0,Idle
17602,114216.0,Idle
17603,114907.0,Idle
17604,116015.0,Idle
17605,114511.0,Idle
17606,117294.0,Idle
17607,114911.0,Idle
17608,116181.0,Idle
17609,112068.0,Idle
17610,115241.0,Idle
17611,115714.0,Idle
17612,114187.0,Idle
17613,114103.0,Idle
17614,118204.0,Idle
17615,120244.0,Idle
17616,115883.0,Idle
17617,115454.0,Idle
17618,115804.0,Idle
17619,113018.0,Idle
17620,115476.0,Idle
17621,111750.0,Idle
17622,112942.0,Idle
17623,112341.0,Idle
17624,114381.0,Idle
17625,114133.0,Idle
17626,116914.0,Idle
17627,116583.0,Idle
17628,117509.0,Idle
17629,115848.0,Idle
17630,121542.0,Idle
17631,115116.0,Idle
17632,114732.0,Idle
17633,114691.0,Idle
17634,115282.0,Idle
17635,113566.0,Idle
17636,116950.0,Idle
17637,115230.0,Idle
17638,116718.0,Idle
17639,114687.0,Idle
17640,116399.0,Idle
17641,147367.0,Cooldown
17642,125402.0,Ramp
17643,116037.0,Idle
17644,118670.0,Idle
17645,119585.0,Idle
17646,119057.0,Idle
17647,116483.0,Idle
17648,119252.0,Idle
17649,114545.0,Idle
17650,117780.0,Idle
17651,113672.0,Idle
17652,115635.0,Idle
17653,113699.0,Idle
17654,113948.0,Idle
17655,114828.0,Idle
17656,117424.0,Idle
17657,115315.0,Idle
17658,115336.0,Idle
17659,113673.0,Idle
17660,119343.0,Idle
17661,114488.0,Idle
17662,115653.0,Idle
17663,115198.0,Idle
17664,117179.0,Idle
17665,117310.0,Idle
17666,118230.0,Idle
17667,115697.0,Idle
17668,117060.0,Idle
17669,112417.0,Idle
17670,114905.0,Idle
17671,115573.0,Idle
17672,117136.0,Idle
17673,114422.0,Idle
17674,117032.0,Idle
17675,117544.0,Idle
17676,118505.0,Idle
17677,118316.0,Idle
17678,117898.0,Idle
17679,116053.0,Idle
17680,116266.0,Idle
17681,116918.0,Idle
17682,119287.0,Idle
17683,115511.0,Idle
17684,116181.0,Idle
17685,116580.0,Idle
17686,118329.0,Idle
17687,120779.0,Idle
17688,117262.0,Idle
17689,113019.0,Idle
17690,118980.0,Idle
17691,116173.0,Idle
17692,118391.0,Idle
17693,116052.0,Idle
17694,119274.0,Idle
17695,115755.0,Idle
17696,118963.0,Idle
17697,117112.0,Idle
17698,116122.0,Idle
17699,114045.0,Idle
17700,115811.0,Idle
17701,141929.0,Ramp
17702,128514.0,Ramp
17703,118935.0,Idle
17704,126851.0,Ramp
17705,123866.0,Idle
17706,124856.0,Ramp
17707,125201.0,Ramp
17708,125397.0,Ramp
17709,118509.0,Idle
17710,127219.0,Ramp
17711,120891.0,Idle
17712,124532.0,Ramp
17713,121782.0,Idle
17714,126080.0,Ramp
17715,122164.0,Idle
17716,123925.0,Idle
17717,125412.0,Ramp
17718,123763.0,Idle
17719,123024.0,Idle
17720,131102.0,Ramp
17721,121155.0,Idle
17722,122255.0,Idle
17723,120901.0,Idle
17724,124114.0,Idle
17725,122492.0,Idle
17726,127019.0,Ramp
17727,127577.0,Ramp
17728,126249.0,Ramp
17729,124430.0,Ramp
17730,126925.0,Ramp
17731,123721.0,Idle
17732,126400.0,Ramp
17733,122763.0,Idle
17734,123026.0,Idle
17735,124802.0,Ramp
17736,123943.0,Idle
17737,124359.0,Ramp
17738,123774.0,Idle
17739,119816.0,Idle
17740,122942.0,Idle
17741,120509.0,Idle
17742,124955.0,Ramp
17743,119627.0,Idle
17744,121704.0,Idle
17745,120918.0,Idle
17746,122450.0,Idle
17747,128821.0,Ramp
17748,119559.0,Idle
17749,119780.0,Idle
17750,122962.0,Idle
17751,119611.0,Idle
17752,121254.0,Idle
17753,118277.0,Idle
17754,124114.0,Idle
17755,122933.0,Idle
17756,123096.0,Idle
17757,127338.0,Ramp
17758,121446.0,Idle
17759,120780.0,Idle
17760,122298.0,Idle
17761,142522.0,Ramp
17762,131450.0,Ramp
17763,123803.0,Idle
17764,123809.0,Idle
17765,126563.0,Ramp
17766,126710.0,Ramp
17767,124842.0,Ramp
17768,123543.0,Idle
17769,123421.0,Idle
17770,125205.0,Ramp
17771,122186.0,Idle
17772,124212.0,Ramp
17773,123112.0,Idle
17774,123100.0,Idle
17775,125204.0,Ramp
17776,127232.0,Ramp
17777,128531.0,Ramp
17778,128708.0,Ramp
17779,124007.0,Idle
17780,124561.0,Ramp
17781,119030.0,Idle
17782,119106.0,Idle
17783,117327.0,Idle
17784,121079.0,Idle
17785,119602.0,Idle
17786,123440.0,Idle
17787,122760.0,Idle
17788,126136.0,Ramp
17789,119487.0,Idle
17790,120883.0,Idle
17791,120789.0,Idle
17792,121764.0,Idle
17793,117052.0,Idle
17794,123220.0,Idle
17795,121167.0,Idle
17796,123197.0,Idle
17797,122386.0,Idle
17798,122739.0,Idle
17799,118850.0,Idle
17800,119921.0,Idle
17801,121453.0,Idle
17802,121666.0,Idle
17803,118858.0,Idle
17804,119882.0,Idle
17805,121006.0,Idle
17806,125435.0,Ramp
17807,123534.0,Idle
17808,121693.0,Idle
17809,121005.0,Idle
17810,122937.0,Idle
17811,122444.0,Idle
17812,122373.0,Idle
17813,118868.0,Idle
17814,118368.0,Idle
17815,118637.0,Idle
17816,121590.0,Idle
17817,121489.0,Idle
17818,121738.0,Idle
17819,119024.0,Idle
17820,119243.0,Idle
17821,145859.0,Cooldown
17822,130561.0,Ramp
17823,124357.0,Ramp
17824,126874.0,Ramp
17825,128794.0,Ramp
17826,127234.0,Ramp
17827,128881.0,Ramp
17828,129113.0,Ramp
17829,123135.0,Idle
17830,126033.0,Ramp
17831,123889.0,Idle
17832,127269.0,Ramp
17833,122807.0,Idle
17834,123356.0,Idle
17835,123220.0,Idle
17836,124378.0,Ramp
17837,126113.0,Ramp
17838,122652.0,Idle
17839,119462.0,Idle
17840,123792.0,Idle
17841,123571.0,Idle
17842,125286.0,Ramp
17843,124225.0,Ramp
17844,120607.0,Idle
17845,116797.0,Idle
17846,121601.0,Idle
17847,122892.0,Idle
17848,120012.0,Idle
17849,116953.0,Idle
17850,117925.0,Idle
17851,121470.0,Idle
17852,122315.0,Idle
17853,117498.0,Idle
17854,120150.0,Idle
17855,123019.0,Idle
17856,122752.0,Idle
17857,124642.0,Ramp
17858,121492.0,Idle
17859,119045.0,Idle
17860,120325.0,Idle
17861,119463.0,Idle
17862,124797.0,Ramp
17863,119402.0,Idle
17864,121424.0,Idle
17865,121256.0,Idle
17866,125101.0,Ramp
17867,126286.0,Ramp
17868,126002.0,Ramp
17869,122474.0,Idle
17870,125271.0,Ramp
17871,122599.0,Idle
17872,123641.0,Idle
17873,122160.0,Idle
17874,119653.0,Idle
17875,120015.0,Idle
17876,124419.0,Ramp
17877,124550.0,Ramp
17878,120458.0,Idle
17879,118471.0,Idle
17880,120045.0,Idle
17881,143726.0,Ramp
17882,128543.0,Ramp
17883,123425.0,Idle
17884,122820.0,Idle
17885,122058.0,Idle
17886,124373.0,Ramp
17887,125302.0,Ramp
17888,122034.0,Idle
17889,119442.0,Idle
17890,121057.0,Idle
17891,123082.0,Idle
17892,126362.0,Ramp
17893,119717.0,Idle
17894,122361.0,Idle
17895,120297.0,Idle
17896,124270.0,Ramp
17897,125979.0,Ramp
17898,121594.0,Idle
17899,120331.0,Idle
17900,123639.0,Idle
17901,123728.0,Idle
17902,126296.0,Ramp
17903,122529.0,Idle
17904,123343.0,Idle
17905,121383.0,Idle
17906,122907.0,Idle
17907,124067.0,Idle
17908,121102.0,Idle
17909,119892.0,Idle
17910,118831.0,Idle
17911,124208.0,Ramp
17912,125012.0,Ramp
17913,118398.0,Idle
17914,119556.0,Idle
17915,117847.0,Idle
17916,121906.0,Idle
17917,122692.0,Idle
17918,120816.0,Idle
17919,119109.0,Idle
17920,120904.0,Idle
17921,122377.0,Idle
17922,125377.0,Ramp
17923,122388.0,Idle
17924,120250.0,Idle
17925,119261.0,Idle
17926,124176.0,Ramp
17927,123923.0,Idle
17928,120957.0,Idle
17929,119143.0,Idle
17930,123070.0,Idle
17931,126903.0,Ramp
17932,123169.0,Idle
17933,118389.0,Idle
17934,117711.0,Idle
17935,119342.0,Idle
17936,120508.0,Idle
17937,122947.0,Idle
17938,119021.0,Idle
17939,115895.0,Idle
17940,117472.0,Idle
17941,141865.0,Ramp
17942,126737.0,Ramp
17943,119134.0,Idle
17944,119787.0,Idle
17945,120547.0,Idle
17946,121947.0,Idle
17947,124741.0,Ramp
17948,121064.0,Idle
17949,120590.0,Idle
17950,120858.0,Idle
17951,121745.0,Idle
17952,125999.0,Ramp
17953,118823.0,Idle
17954,120188.0,Idle
17955,120141.0,Idle
17956,121201.0,Idle
17957,124049.0,Idle
17958,121558.0,Idle
17959,119002.0,Idle
17960,121282.0,Idle
17961,122347.0,Idle
17962,121109.0,Idle
17963,118102.0,Idle
17964,118582.0,Idle
17965,117254.0,Idle
17966,122585.0,Idle
17967,125026.0,Ramp
17968,120466.0,Idle
17969,117049.0,Idle
17970,119053.0,Idle
17971,121846.0,Idle
17972,121605.0,Idle
17973,115523.0,Idle
17974,118131.0,Idle
17975,119332.0,Idle
17976,122666.0,Idle
17977,121535.0,Idle
17978,121495.0,Idle
17979,117516.0,Idle
17980,119575.0,Idle
17981,120397.0,Idle
17982,123352.0,Idle
17983,117956.0,Idle
17984,118624.0,Idle
17985,118529.0,Idle
17986,124819.0,Ramp
17987,123203.0,Idle
17988,120796.0,Idle
17989,117968.0,Idle
17990,121748.0,Idle
17991,123556.0,Idle
17992,121859.0,Idle
17993,117052.0,Idle
17994,118917.0,Idle
17995,117716.0,Idle
17996,122885.0,Idle
17997,124873.0,Ramp
17998,119571.0,Idle
17999,117888.0,Idle
18000,118600.0,Idle
18001,143030.0,Ramp
18002,128128.0,Ramp
18003,120733.0,Idle
18004,123243.0,Idle
18005,123762.0,Idle
18006,129977.0,Ramp
18007,128823.0,Ramp
18008,122490.0,Idle
18009,117190.0,Idle
18010,121370.0,Idle
18011,121233.0,Idle
18012,124695.0,Ramp
18013,118095.0,Idle
18014,118491.0,Idle
18015,117852.0,Idle
18016,122927.0,Idle
18017,125230.0,Ramp
18018,119868.0,Idle
18019,119089.0,Idle
18020,123509.0,Idle
18021,123746.0,Idle
18022,125823.0,Ramp
18023,120510.0,Idle
18024,119900.0,Idle
18025,117502.0,Idle
18026,123704.0,Idle
18027,126978.0,Ramp
18028,120786.0,Idle
18029,119819.0,Idle
18030,121402.0,Idle
18031,129214.0,Ramp
18032,125153.0,Ramp
18033,122362.0,Idle
18034,123898.0,Idle
18035,121254.0,Idle
18036,128475.0,Ramp
18037,127967.0,Ramp
18038,122786.0,Idle
18039,121240.0,Idle
18040,121012.0,Idle
18041,123232.0,Idle
18042,127469.0,Ramp
18043,121151.0,Idle
18044,121876.0,Idle
18045,121662.0,Idle
18046,126910.0,Ramp
18047,128376.0,Ramp
18048,123201.0,Idle
18049,122646.0,Idle
18050,124497.0,Ramp
18051,128687.0,Ramp
18052,124471.0,Ramp
18053,121200.0,Idle
18054,121201.0,Idle
18055,120744.0,Idle
18056,126450.0,Ramp
18057,130678.0,Ramp
18058,124020.0,Idle
18059,122908.0,Idle
18060,123345.0,Idle
18061,154099.0,Cooldown
18062,133499.0,Ramp
18063,123358.0,Idle
18064,126285.0,Ramp
18065,126161.0,Ramp
18066,135302.0,Ramp
18067,134996.0,Ramp
18068,129175.0,Ramp
18069,128564.0,Ramp
18070,127817.0,Ramp
18071,129183.0,Ramp
18072,132887.0,Ramp
18073,124606.0,Ramp
18074,129251.0,Ramp
18075,123574.0,Idle
18076,129687.0,Ramp
18077,131687.0,Ramp
18078,127176.0,Ramp
18079,125575.0,Ramp
18080,128224.0,Ramp
18081,132236.0,Ramp
18082,128906.0,Ramp
18083,124236.0,Ramp
18084,126772.0,Ramp
18085,124709.0,Ramp
18086,128666.0,Ramp
18087,130178.0,Ramp
18088,125117.0,Ramp
18089,124623.0,Ramp
18090,127164.0,Ramp
18091,133077.0,Ramp
18092,132616.0,Ramp
18093,124813.0,Ramp
18094,128862.0,Ramp
18095,126363.0,Ramp
18096,132395.0,Ramp
18097,131123.0,Ramp
18098,125751.0,Ramp
18099,125652.0,Ramp
18100,127826.0,Ramp
18101,128872.0,Ramp
18102,131479.0,Ramp
18103,125353.0,Ramp
18104,127632.0,Ramp
18105,126623.0,Ramp
18106,132811.0,Ramp
18107,135136.0,Ramp
18108,130000.0,Ramp
18109,125836.0,Ramp
18110,127894.0,Ramp
18111,128273.0,Ramp
18112,126533.0,Ramp
18113,120185.0,Idle
18114,122940.0,Idle
18115,121271.0,Idle
18116,129060.0,Ramp
18117,128481.0,Ramp
18118,124629.0,Ramp
18119,122598.0,Idle
18120,125784.0,Ramp
18121,150616.0,Cooldown
18122,135744.0,Ramp
18123,125082.0,Ramp
18124,126627.0,Ramp
18125,122457.0,Idle
18126,133687.0,Ramp
18127,133375.0,Ramp
18128,128494.0,Ramp
18129,127254.0,Ramp
18130,124004.0,Idle
18131,127909.0,Ramp
18132,130654.0,Ramp
18133,125887.0,Ramp
18134,127888.0,Ramp
18135,125309.0,Ramp
18136,132023.0,Ramp
18137,133117.0,Ramp
18138,126355.0,Ramp
18139,126678.0,Ramp
18140,127944.0,Ramp
18141,132946.0,Ramp
18142,130849.0,Ramp
18143,124793.0,Ramp
18144,128610.0,Ramp
18145,127152.0,Ramp
18146,134245.0,Ramp
18147,133744.0,Ramp
18148,128561.0,Ramp
18149,127263.0,Ramp
18150,125969.0,Ramp
18151,134506.0,Ramp
18152,134492.0,Ramp
18153,127588.0,Ramp
18154,129950.0,Ramp
18155,132354.0,Ramp
18156,136554.0,Ramp
18157,133542.0,Ramp
18158,128965.0,Ramp
18159,127449.0,Ramp
18160,127009.0,Ramp
18161,130241.0,Ramp
18162,136170.0,Ramp
18163,126650.0,Ramp
18164,129756.0,Ramp
18165,124885.0,Ramp
18166,133088.0,Ramp
18167,132575.0,Ramp
18168,128661.0,Ramp
18169,128791.0,Ramp
18170,129250.0,Ramp
18171,132542.0,Ramp
18172,132055.0,Ramp
18173,124478.0,Ramp
18174,125945.0,Ramp
18175,124955.0,Ramp
18176,133107.0,Ramp
18177,135535.0,Ramp
18178,129303.0,Ramp
18179,128549.0,Ramp
18180,132054.0,Ramp
18181,159147.0,Cooldown
18182,141288.0,Ramp
18183,131530.0,Ramp
18184,133521.0,Ramp
18185,132028.0,Ramp
18186,142440.0,Ramp
18187,142838.0,Ramp
18188,133559.0,Ramp
18189,132101.0,Ramp
18190,132728.0,Ramp
18191,133788.0,Ramp
18192,134580.0,Ramp
18193,125493.0,Ramp
18194,129531.0,Ramp
18195,127557.0,Ramp
18196,131370.0,Ramp
18197,133760.0,Ramp
18198,131567.0,Ramp
18199,127959.0,Ramp
18200,127801.0,Ramp
18201,132264.0,Ramp
18202,130479.0,Ramp
18203,124045.0,Idle
18204,127970.0,Ramp
18205,125997.0,Ramp
18206,132242.0,Ramp
18207,133430.0,Ramp
18208,130950.0,Ramp
18209,126753.0,Ramp
18210,127253.0,Ramp
18211,133882.0,Ramp
18212,134533.0,Ramp
18213,128892.0,Ramp
18214,131865.0,Ramp
18215,129081.0,Ramp
18216,135803.0,Ramp
18217,133370.0,Ramp
18218,130153.0,Ramp
18219,127678.0,Ramp
18220,127754.0,Ramp
18221,130360.0,Ramp
18222,134006.0,Ramp
18223,123982.0,Idle
18224,128878.0,Ramp
18225,128868.0,Ramp
18226,134129.0,Ramp
18227,132864.0,Ramp
18228,131280.0,Ramp
18229,129884.0,Ramp
18230,128949.0,Ramp
18231,133772.0,Ramp
18232,132457.0,Ramp
18233,127989.0,Ramp
18234,128479.0,Ramp
18235,127641.0,Ramp
18236,133048.0,Ramp
18237,135904.0,Ramp
18238,131297.0,Ramp
18239,128500.0,Ramp
18240,128909.0,Ramp
18241,156437.0,Cooldown
18242,138240.0,Ramp
18243,132765.0,Ramp
18244,138740.0,Ramp
18245,135854.0,Ramp
18246,143595.0,Ramp
18247,143288.0,Ramp
18248,136883.0,Ramp
18249,134797.0,Ramp
18250,135384.0,Ramp
18251,136398.0,Ramp
18252,139735.0,Ramp
18253,132536.0,Ramp
18254,137754.0,Ramp
18255,137411.0,Ramp
18256,142001.0,Ramp
18257,145797.0,Cooldown
18258,136354.0,Ramp
18259,138471.0,Ramp
18260,136202.0,Ramp
18261,140700.0,Ramp
18262,138675.0,Ramp
18263,134699.0,Ramp
18264,136410.0,Ramp
18265,132973.0,Ramp
18266,139252.0,Ramp
18267,140978.0,Ramp
18268,133969.0,Ramp
18269,130590.0,Ramp
18270,131346.0,Ramp
18271,137230.0,Ramp
18272,139153.0,Ramp
18273,130071.0,Ramp
18274,133074.0,Ramp
18275,132487.0,Ramp
18276,139658.0,Ramp
18277,137352.0,Ramp
18278,130379.0,Ramp
18279,131396.0,Ramp
18280,134051.0,Ramp
18281,133644.0,Ramp
18282,137742.0,Ramp
18283,131811.0,Ramp
18284,135206.0,Ramp
18285,132011.0,Ramp
18286,135894.0,Ramp
18287,136301.0,Ramp
18288,134929.0,Ramp
18289,131727.0,Ramp
18290,131302.0,Ramp
18291,133311.0,Ramp
18292,131858.0,Ramp
18293,128041.0,Ramp
18294,130271.0,Ramp
18295,124868.0,Ramp
18296,131255.0,Ramp
18297,131963.0,Ramp
18298,128927.0,Ramp
18299,128242.0,Ramp
18300,130297.0,Ramp
18301,155032.0,Cooldown
18302,135662.0,Ramp
18303,131432.0,Ramp
18304,133837.0,Ramp
18305,132106.0,Ramp
18306,139997.0,Ramp
18307,137801.0,Ramp
18308,133145.0,Ramp
18309,130570.0,Ramp
18310,130203.0,Ramp
18311,132154.0,Ramp
18312,132834.0,Ramp
18313,131377.0,Ramp
18314,129377.0,Ramp
18315,128810.0,Ramp
18316,130246.0,Ramp
18317,132677.0,Ramp
18318,130702.0,Ramp
18319,130235.0,Ramp
18320,130247.0,Ramp
18321,133183.0,Ramp
18322,132999.0,Ramp
18323,130814.0,Ramp
18324,134298.0,Ramp
18325,127541.0,Ramp
18326,131465.0,Ramp
18327,136006.0,Ramp
18328,131006.0,Ramp
18329,129843.0,Ramp
18330,129707.0,Ramp
18331,133752.0,Ramp
18332,134970.0,Ramp
18333,127167.0,Ramp
18334,132802.0,Ramp
18335,129019.0,Ramp
18336,134857.0,Ramp
18337,134943.0,Ramp
18338,131991.0,Ramp
18339,131532.0,Ramp
18340,130655.0,Ramp
18341,131499.0,Ramp
18342,135733.0,Ramp
18343,130244.0,Ramp
18344,133955.0,Ramp
18345,130952.0,Ramp
18346,134931.0,Ramp
18347,138610.0,Ramp
18348,131167.0,Ramp
18349,129751.0,Ramp
18350,130730.0,Ramp
18351,133425.0,Ramp
18352,134149.0,Ramp
18353,127308.0,Ramp
18354,128065.0,Ramp
18355,129166.0,Ramp
18356,135187.0,Ramp
18357,138591.0,Ramp
18358,133022.0,Ramp
18359,133112.0,Ramp
18360,132796.0,Ramp
18361,156664.0,Cooldown
18362,139259.0,Ramp
18363,131459.0,Ramp
18364,133490.0,Ramp
18365,134084.0,Ramp
18366,137549.0,Ramp
18367,142483.0,Ramp
18368,133876.0,Ramp
18369,133079.0,Ramp
18370,134184.0,Ramp
18371,132595.0,Ramp
18372,137386.0,Ramp
18373,131535.0,Ramp
18374,132175.0,Ramp
18375,131365.0,Ramp
18376,130983.0,Ramp
18377,135817.0,Ramp
18378,127336.0,Ramp
18379,126929.0,Ramp
18380,129791.0,Ramp
18381,132111.0,Ramp
18382,133698.0,Ramp
18383,126004.0,Ramp
18384,125536.0,Ramp
18385,124827.0,Ramp
18386,127003.0,Ramp
18387,131690.0,Ramp
18388,127313.0,Ramp
18389,124314.0,Ramp
18390,126308.0,Ramp
18391,131880.0,Ramp
18392,130962.0,Ramp
18393,122010.0,Idle
18394,127327.0,Ramp
18395,124795.0,Ramp
18396,129099.0,Ramp
18397,129647.0,Ramp
18398,125230.0,Ramp
18399,124278.0,Ramp
18400,124472.0,Ramp
18401,129152.0,Ramp
18402,131146.0,Ramp
18403,124979.0,Ramp
18404,125835.0,Ramp
18405,125235.0,Ramp
18406,130663.0,Ramp
18407,132703.0,Ramp
18408,124485.0,Ramp
18409,124989.0,Ramp
18410,126239.0,Ramp
18411,130180.0,Ramp
18412,131042.0,Ramp
18413,122850.0,Idle
18414,125834.0,Ramp
18415,124277.0,Ramp
18416,128981.0,Ramp
18417,129414.0,Ramp
18418,124529.0,Ramp
18419,123433.0,Idle
18420,126928.0,Ramp
18421,150887.0,Cooldown
18422,132837.0,Ramp
18423,125204.0,Ramp
18424,129812.0,Ramp
18425,126220.0,Ramp
18426,131212.0,Ramp
18427,132465.0,Ramp
18428,132632.0,Ramp
18429,126169.0,Ramp
18430,125902.0,Ramp
18431,126890.0,Ramp
18432,129869.0,Ramp
18433,122855.0,Idle
18434,126434.0,Ramp
18435,124590.0,Ramp
18436,128582.0,Ramp
18437,131631.0,Ramp
18438,123118.0,Idle
18439,121954.0,Idle
18440,124262.0,Ramp
18441,126748.0,Ramp
18442,128991.0,Ramp
18443,120305.0,Idle
18444,123792.0,Idle
18445,124854.0,Ramp
18446,126705.0,Ramp
18447,130530.0,Ramp
18448,123694.0,Idle
18449,121174.0,Idle
18450,124355.0,Ramp
18451,127871.0,Ramp
18452,127851.0,Ramp
18453,121214.0,Idle
18454,124663.0,Ramp
18455,121415.0,Idle
18456,127559.0,Ramp
18457,128270.0,Ramp
18458,121565.0,Idle
18459,120761.0,Idle
18460,124486.0,Ramp
18461,125417.0,Ramp
18462,128990.0,Ramp
18463,119496.0,Idle
18464,122486.0,Idle
18465,122110.0,Idle
18466,126753.0,Ramp
18467,129552.0,Ramp
18468,123830.0,Idle
18469,123069.0,Idle
18470,126313.0,Ramp
18471,127988.0,Ramp
18472,128195.0,Ramp
18473,120805.0,Idle
18474,123780.0,Idle
18475,122538.0,Idle
18476,124814.0,Ramp
18477,130655.0,Ramp
18478,126675.0,Ramp
18479,119549.0,Idle
18480,123662.0,Idle
18481,147512.0,Cooldown
18482,133515.0,Ramp
18483,121826.0,Idle
18484,123018.0,Idle
18485,121393.0,Idle
18486,126095.0,Ramp
18487,126029.0,Ramp
18488,120042.0,Idle
18489,117347.0,Idle
18490,120940.0,Idle
18491,124796.0,Ramp
18492,126068.0,Ramp
18493,118762.0,Idle
18494,120723.0,Idle
18495,121544.0,Idle
18496,124786.0,Ramp
18497,129904.0,Ramp
18498,127352.0,Ramp
18499,121117.0,Idle
18500,126168.0,Ramp
18501,127673.0,Ramp
18502,128999.0,Ramp
18503,119942.0,Idle
18504,123339.0,Idle
18505,123610.0,Idle
18506,127881.0,Ramp
18507,131377.0,Ramp
18508,121150.0,Idle
18509,119961.0,Idle
18510,122682.0,Idle
18511,126257.0,Ramp
18512,129784.0,Ramp
18513,122009.0,Idle
18514,125452.0,Ramp
18515,125060.0,Ramp
18516,129012.0,Ramp
18517,128400.0,Ramp
18518,120651.0,Idle
18519,118899.0,Idle
18520,122049.0,Idle
18521,124674.0,Ramp
18522,130636.0,Ramp
18523,119351.0,Idle
18524,121735.0,Idle
18525,120654.0,Idle
18526,125724.0,Ramp
18527,131092.0,Ramp
18528,124334.0,Ramp
18529,123897.0,Idle
18530,126087.0,Ramp
18531,129623.0,Ramp
18532,131992.0,Ramp
18533,124747.0,Ramp
18534,125061.0,Ramp
18535,122997.0,Idle
18536,126715.0,Ramp
18537,127923.0,Ramp
18538,124930.0,Ramp
18539,121750.0,Idle
18540,124807.0,Ramp
18541,149875.0,Cooldown
18542,134294.0,Ramp
18543,125459.0,Ramp
18544,125929.0,Ramp
18545,126246.0,Ramp
18546,129594.0,Ramp
18547,130865.0,Ramp
18548,124051.0,Idle
18549,120671.0,Idle
18550,124397.0,Ramp
18551,124481.0,Ramp
18552,130692.0,Ramp
18553,121886.0,Idle
18554,123843.0,Idle
18555,122067.0,Idle
18556,125131.0,Ramp
18557,129349.0,Ramp
18558,125118.0,Ramp
18559,121204.0,Idle
18560,124107.0,Idle
18561,126117.0,Ramp
18562,128253.0,Ramp
18563,119197.0,Idle
18564,122214.0,Idle
18565,119863.0,Idle
18566,124116.0,Idle
18567,129681.0,Ramp
18568,122107.0,Idle
18569,118748.0,Idle
18570,123859.0,Idle
18571,125712.0,Ramp
18572,129020.0,Ramp
18573,122314.0,Idle
18574,121438.0,Idle
18575,120884.0,Idle
18576,127591.0,Ramp
18577,128168.0,Ramp
18578,120664.0,Idle
18579,118167.0,Idle
18580,121602.0,Idle
18581,122170.0,Idle
18582,127232.0,Ramp
18583,118495.0,Idle
18584,119133.0,Idle
18585,117726.0,Idle
18586,122245.0,Idle
18587,125828.0,Ramp
18588,121692.0,Idle
18589,123118.0,Idle
18590,122901.0,Idle
18591,123872.0,Idle
18592,125758.0,Ramp
18593,119997.0,Idle
18594,120909.0,Idle
18595,117881.0,Idle
18596,123170.0,Idle
18597,128611.0,Ramp
18598,125187.0,Ramp
18599,121394.0,Idle
18600,126376.0,Ramp
18601,151751.0,Cooldown
18602,138276.0,Ramp
18603,127716.0,Ramp
18604,129039.0,Ramp
18605,126419.0,Ramp
18606,130375.0,Ramp
18607,132054.0,Ramp
18608,125019.0,Ramp
18609,119563.0,Idle
18610,120848.0,Idle
18611,120196.0,Idle
18612,126959.0,Ramp
18613,119204.0,Idle
18614,121119.0,Idle
18615,119156.0,Idle
18616,122953.0,Idle
18617,126540.0,Ramp
18618,121902.0,Idle
18619,117515.0,Idle
18620,120248.0,Idle
18621,122321.0,Idle
18622,127344.0,Ramp
18623,118300.0,Idle
18624,117924.0,Idle
18625,117666.0,Idle
18626,120616.0,Idle
18627,124170.0,Ramp
18628,118101.0,Idle
18629,116714.0,Idle
18630,117736.0,Idle
18631,120679.0,Idle
18632,124528.0,Ramp
18633,116750.0,Idle
18634,120519.0,Idle
18635,120607.0,Idle
18636,123028.0,Idle
18637,123790.0,Idle
18638,118670.0,Idle
18639,116787.0,Idle
18640,119461.0,Idle
18641,118728.0,Idle
18642,125888.0,Ramp
18643,119756.0,Idle
18644,123562.0,Idle
18645,120126.0,Idle
18646,121525.0,Idle
18647,128088.0,Ramp
18648,118791.0,Idle
18649,117239.0,Idle
18650,123036.0,Idle
18651,120347.0,Idle
18652,124186.0,Ramp
18653,117432.0,Idle
18654,118683.0,Idle
18655,118058.0,Idle
18656,120692.0,Idle
18657,123623.0,Idle
18658,119415.0,Idle
18659,116823.0,Idle
18660,118851.0,Idle
18661,145158.0,Ramp
18662,130640.0,Ramp
18663,119731.0,Idle
18664,121518.0,Idle
18665,118155.0,Idle
18666,121777.0,Idle
18667,123275.0,Idle
18668,119896.0,Idle
18669,114693.0,Idle
18670,117248.0,Idle
18671,117326.0,Idle
18672,123533.0,Idle
18673,116489.0,Idle
18674,118112.0,Idle
18675,116349.0,Idle
18676,120736.0,Idle
18677,125668.0,Ramp
18678,121116.0,Idle
18679,116892.0,Idle
18680,119491.0,Idle
18681,122245.0,Idle
18682,124718.0,Ramp
18683,115572.0,Idle
18684,117400.0,Idle
18685,115257.0,Idle
18686,121242.0,Idle
18687,124861.0,Ramp
18688,118913.0,Idle
18689,115906.0,Idle
18690,118674.0,Idle
18691,119886.0,Idle
18692,123181.0,Idle
18693,115770.0,Idle
18694,118418.0,Idle
18695,115471.0,Idle
18696,121100.0,Idle
18697,124177.0,Ramp
18698,117177.0,Idle
18699,115048.0,Idle
18700,118101.0,Idle
18701,118291.0,Idle
18702,122862.0,Idle
18703,115225.0,Idle
18704,117373.0,Idle
18705,117149.0,Idle
18706,126411.0,Ramp
18707,124894.0,Ramp
18708,117792.0,Idle
18709,117589.0,Idle
18710,117737.0,Idle
18711,118767.0,Idle
18712,122481.0,Idle
18713,116204.0,Idle
18714,117454.0,Idle
18715,115125.0,Idle
18716,119988.0,Idle
18717,122901.0,Idle
18718,115505.0,Idle
18719,114652.0,Idle
18720,116511.0,Idle
18721,147313.0,Cooldown
18722,130821.0,Ramp
18723,118622.0,Idle
18724,122999.0,Idle
18725,119658.0,Idle
18726,123870.0,Idle
18727,125785.0,Ramp
18728,119006.0,Idle
18729,116850.0,Idle
18730,119411.0,Idle
18731,119366.0,Idle
18732,125361.0,Ramp
18733,118617.0,Idle
18734,118521.0,Idle
18735,119573.0,Idle
18736,120536.0,Idle
18737,127170.0,Ramp
18738,120715.0,Idle
18739,119160.0,Idle
18740,120875.0,Idle
18741,123373.0,Idle
18742,127137.0,Ramp
18743,118422.0,Idle
18744,119986.0,Idle
18745,117163.0,Idle
18746,122809.0,Idle
18747,128354.0,Ramp
18748,123206.0,Idle
18749,117409.0,Idle
18750,122502.0,Idle
18751,122690.0,Idle
18752,126270.0,Ramp
18753,117241.0,Idle
18754,122318.0,Idle
18755,119743.0,Idle
18756,124545.0,Ramp
18757,124106.0,Idle
18758,120457.0,Idle
18759,116773.0,Idle
18760,116261.0,Idle
18761,116401.0,Idle
18762,124031.0,Idle
18763,117158.0,Idle
18764,118188.0,Idle
18765,117357.0,Idle
18766,120678.0,Idle
18767,125610.0,Ramp
18768,117725.0,Idle
18769,116279.0,Idle
18770,116984.0,Idle
18771,118597.0,Idle
18772,122698.0,Idle
18773,114625.0,Idle
18774,116903.0,Idle
18775,116746.0,Idle
18776,117883.0,Idle
18777,121057.0,Idle
18778,114749.0,Idle
18779,112415.0,Idle
18780,116023.0,Idle
18781,139152.0,Ramp
18782,129516.0,Ramp
18783,118652.0,Idle
18784,117782.0,Idle
18785,117438.0,Idle
18786,122444.0,Idle
18787,124597.0,Ramp
18788,120743.0,Idle
18789,116843.0,Idle
18790,119181.0,Idle
18791,116655.0,Idle
18792,123500.0,Idle
18793,118217.0,Idle
18794,117722.0,Idle
18795,115050.0,Idle
18796,117317.0,Idle
18797,123143.0,Idle
18798,118316.0,Idle
18799,113078.0,Idle
18800,116342.0,Idle
18801,116907.0,Idle
18802,121093.0,Idle
18803,114728.0,Idle
18804,118132.0,Idle
18805,115258.0,Idle
18806,120130.0,Idle
18807,123988.0,Idle
18808,120077.0,Idle
18809,117344.0,Idle
18810,120581.0,Idle
18811,123019.0,Idle
18812,125204.0,Ramp
18813,116916.0,Idle
18814,120183.0,Idle
18815,118759.0,Idle
18816,122401.0,Idle
18817,122227.0,Idle
18818,116998.0,Idle
18819,115170.0,Idle
18820,118898.0,Idle
18821,117569.0,Idle
18822,123549.0,Idle
18823,115839.0,Idle
18824,117035.0,Idle
18825,116748.0,Idle
18826,118872.0,Idle
18827,123176.0,Idle
18828,120088.0,Idle
18829,115919.0,Idle
18830,119038.0,Idle
18831,117598.0,Idle
18832,121756.0,Idle
18833,115267.0,Idle
18834,116371.0,Idle
18835,115040.0,Idle
18836,120146.0,Idle
18837,131673.0,Ramp
18838,116352.0,Idle
18839,112487.0,Idle
18840,116696.0,Idle
18841,141590.0,Ramp
18842,128036.0,Ramp
18843,118714.0,Idle
18844,118912.0,Idle
18845,116425.0,Idle
18846,121409.0,Idle
18847,123876.0,Idle
18848,119312.0,Idle
18849,116120.0,Idle
18850,118134.0,Idle
18851,117130.0,Idle
18852,123205.0,Idle
18853,115633.0,Idle
18854,118092.0,Idle
18855,115590.0,Idle
18856,117678.0,Idle
18857,121237.0,Idle
18858,116448.0,Idle
18859,115857.0,Idle
18860,116787.0,Idle
18861,116171.0,Idle
18862,120781.0,Idle
18863,112515.0,Idle
18864,113241.0,Idle
18865,111417.0,Idle
18866,114732.0,Idle
18867,120244.0,Idle
18868,114724.0,Idle
18869,111275.0,Idle
18870,113426.0,Idle
18871,114207.0,Idle
18872,119208.0,Idle
18873,113715.0,Idle
18874,115515.0,Idle
18875,116003.0,Idle
18876,118471.0,Idle
18877,118336.0,Idle
18878,113909.0,Idle
18879,112095.0,Idle
18880,112550.0,Idle
18881,112012.0,Idle
18882,118126.0,Idle
18883,110660.0,Idle
18884,112726.0,Idle
18885,110666.0,Idle
18886,113451.0,Idle
18887,116610.0,Idle
18888,113821.0,Idle
18889,110771.0,Idle
18890,113123.0,Idle
18891,111470.0,Idle
18892,116125.0,Idle
18893,110810.0,Idle
18894,111983.0,Idle
18895,110175.0,Idle
18896,113056.0,Idle
18897,117421.0,Idle
18898,112827.0,Idle
18899,109259.0,Idle
18900,111098.0,Idle
18901,132772.0,Ramp
18902,121044.0,Idle
18903,111224.0,Idle
18904,115561.0,Idle
18905,111874.0,Idle
18906,115811.0,Idle
18907,119680.0,Idle
18908,113978.0,Idle
18909,114388.0,Idle
18910,112912.0,Idle
18911,111163.0,Idle
18912,117663.0,Idle
18913,109836.0,Idle
18914,113357.0,Idle
18915,109785.0,Idle
18916,112404.0,Idle
18917,118871.0,Idle
18918,114985.0,Idle
18919,110058.0,Idle
18920,114109.0,Idle
18921,117468.0,Idle
18922,118496.0,Idle
18923,111288.0,Idle
18924,111830.0,Idle
18925,111307.0,Idle
18926,114783.0,Idle
18927,117887.0,Idle
18928,115865.0,Idle
18929,114134.0,Idle
18930,116035.0,Idle
18931,116575.0,Idle
18932,123248.0,Idle
18933,113882.0,Idle
18934,114889.0,Idle
18935,113519.0,Idle
18936,117903.0,Idle
18937,118275.0,Idle
18938,111898.0,Idle
18939,107661.0,Idle
18940,110032.0,Idle
18941,109642.0,Idle
18942,114715.0,Idle
18943,108450.0,Idle
18944,110545.0,Idle
18945,109122.0,Idle
18946,112340.0,Idle
18947,115734.0,Idle
18948,111006.0,Idle
18949,108905.0,Idle
18950,111207.0,Idle
18951,111073.0,Idle
18952,114372.0,Idle
18953,108983.0,Idle
18954,109564.0,Idle
18955,108780.0,Idle
18956,110382.0,Idle
18957,116411.0,Idle
18958,109171.0,Idle
18959,106943.0,Idle
18960,108865.0,Idle
18961,146795.0,Cooldown
18962,129157.0,Ramp
18963,111493.0,Idle
18964,113670.0,Idle
18965,109117.0,Idle
18966,116075.0,Idle
18967,116625.0,Idle
18968,112187.0,Idle
18969,110847.0,Idle
18970,111403.0,Idle
18971,109396.0,Idle
18972,115929.0,Idle
18973,108876.0,Idle
18974,110078.0,Idle
18975,108372.0,Idle
18976,112139.0,Idle
18977,117602.0,Idle
18978,113236.0,Idle
18979,110394.0,Idle
18980,113429.0,Idle
18981,115788.0,Idle
18982,117370.0,Idle
18983,109507.0,Idle
18984,109130.0,Idle
18985,106809.0,Idle
18986,111197.0,Idle
18987,116211.0,Idle
18988,110483.0,Idle
18989,107057.0,Idle
18990,109707.0,Idle
18991,112121.0,Idle
18992,116371.0,Idle
18993,108329.0,Idle
18994,109345.0,Idle
18995,106587.0,Idle
18996,113315.0,Idle
18997,113823.0,Idle
18998,108931.0,Idle
18999,108216.0,Idle
19000,108604.0,Idle
19001,108802.0,Idle
19002,114309.0,Idle
19003,108718.0,Idle
19004,111150.0,Idle
19005,111980.0,Idle
19006,116266.0,Idle
19007,117567.0,Idle
19008,115220.0,Idle
19009,110759.0,Idle
19010,113265.0,Idle
19011,116115.0,Idle
19012,121446.0,Idle
19013,108251.0,Idle
19014,110320.0,Idle
19015,110629.0,Idle
19016,113897.0,Idle
19017,118697.0,Idle
19018,112899.0,Idle
19019,106588.0,Idle
19020,112551.0,Idle
19021,149265.0,Cooldown
19022,131269.0,Ramp
19023,118838.0,Idle
19024,115363.0,Idle
19025,112703.0,Idle
19026,113803.0,Idle
19027,118825.0,Idle
19028,113496.0,Idle
19029,109079.0,Idle
19030,114136.0,Idle
19031,113228.0,Idle
19032,118655.0,Idle
19033,111827.0,Idle
19034,112501.0,Idle
19035,109476.0,Idle
19036,112708.0,Idle
19037,115723.0,Idle
19038,112512.0,Idle
19039,110772.0,Idle
19040,111489.0,Idle
19041,111849.0,Idle
19042,114054.0,Idle
19043,107797.0,Idle
19044,111112.0,Idle
19045,108920.0,Idle
19046,113327.0,Idle
19047,117557.0,Idle
19048,112997.0,Idle
19049,112726.0,Idle
19050,114830.0,Idle
19051,112169.0,Idle
19052,119625.0,Idle
19053,112642.0,Idle
19054,113891.0,Idle
19055,111042.0,Idle
19056,114739.0,Idle
19057,119453.0,Idle
19058,112977.0,Idle
19059,109926.0,Idle
19060,113823.0,Idle
19061,111162.0,Idle
19062,115131.0,Idle
19063,109801.0,Idle
19064,110794.0,Idle
19065,109658.0,Idle
19066,114687.0,Idle
19067,115138.0,Idle
19068,112858.0,Idle
19069,110526.0,Idle
19070,112244.0,Idle
19071,113564.0,Idle
19072,116401.0,Idle
19073,112220.0,Idle
19074,111788.0,Idle
19075,109653.0,Idle
19076,112548.0,Idle
19077,115486.0,Idle
19078,111996.0,Idle
19079,110066.0,Idle
19080,113583.0,Idle
19081,143633.0,Ramp
19082,129454.0,Ramp
19083,115778.0,Idle
19084,117540.0,Idle
19085,112778.0,Idle
19086,120118.0,Idle
19087,119171.0,Idle
19088,116239.0,Idle
19089,116348.0,Idle
19090,116252.0,Idle
19091,115403.0,Idle
19092,120367.0,Idle
19093,113956.0,Idle
19094,116156.0,Idle
19095,114157.0,Idle
19096,115185.0,Idle
19097,120625.0,Idle
19098,116449.0,Idle
19099,116764.0,Idle
19100,115775.0,Idle
19101,116440.0,Idle
19102,118770.0,Idle
19103,112431.0,Idle
19104,113416.0,Idle
19105,111572.0,Idle
19106,114532.0,Idle
19107,118573.0,Idle
19108,115469.0,Idle
19109,112847.0,Idle
19110,112984.0,Idle
19111,114949.0,Idle
19112,118297.0,Idle
19113,115199.0,Idle
19114,117073.0,Idle
19115,113327.0,Idle
19116,118122.0,Idle
19117,117543.0,Idle
19118,118885.0,Idle
19119,115123.0,Idle
19120,113408.0,Idle
19121,112798.0,Idle
19122,118772.0,Idle
19123,113160.0,Idle
19124,116484.0,Idle
19125,113481.0,Idle
19126,119335.0,Idle
19127,119250.0,Idle
19128,118277.0,Idle
19129,115662.0,Idle
19130,118225.0,Idle
19131,117446.0,Idle
19132,120904.0,Idle
19133,113541.0,Idle
19134,116788.0,Idle
19135,115743.0,Idle
19136,115955.0,Idle
19137,120644.0,Idle
19138,114308.0,Idle
19139,113310.0,Idle
19140,116196.0,Idle
19141,146083.0,Cooldown
19142,131327.0,Ramp
19143,118997.0,Idle
19144,123816.0,Idle
19145,122501.0,Idle
19146,126271.0,Ramp
19147,128783.0,Ramp
19148,123619.0,Idle
19149,122323.0,Idle
19150,122656.0,Idle
19151,119743.0,Idle
19152,126714.0,Ramp
19153,119975.0,Idle
19154,123593.0,Idle
19155,119572.0,Idle
19156,121641.0,Idle
19157,123188.0,Idle
19158,122615.0,Idle
19159,122429.0,Idle
19160,125805.0,Ramp
19161,128123.0,Ramp
19162,130058.0,Ramp
19163,121806.0,Idle
19164,123047.0,Idle
19165,119330.0,Idle
19166,125153.0,Ramp
19167,123925.0,Idle
19168,123007.0,Idle
19169,122322.0,Idle
19170,123838.0,Idle
19171,123005.0,Idle
19172,127457.0,Ramp
19173,122019.0,Idle
19174,125774.0,Ramp
19175,123538.0,Idle
19176,125599.0,Ramp
19177,129074.0,Ramp
19178,127491.0,Ramp
19179,120596.0,Idle
19180,121724.0,Idle
19181,120172.0,Idle
19182,125509.0,Ramp
19183,119609.0,Idle
19184,122277.0,Idle
19185,120696.0,Idle
19186,126955.0,Ramp
19187,128065.0,Ramp
19188,124455.0,Ramp
19189,122927.0,Idle
19190,125205.0,Ramp
19191,124725.0,Ramp
19192,127222.0,Ramp
19193,123927.0,Idle
19194,124329.0,Ramp
19195,122342.0,Idle
19196,125461.0,Ramp
19197,131147.0,Ramp
19198,126096.0,Ramp
19199,123488.0,Idle
19200,126662.0,Ramp
19201,146267.0,Cooldown
19202,134575.0,Ramp
19203,126633.0,Ramp
19204,128449.0,Ramp
19205,124148.0,Idle
19206,129615.0,Ramp
19207,130859.0,Ramp
19208,127521.0,Ramp
19209,125481.0,Ramp
19210,126954.0,Ramp
19211,124248.0,Ramp
19212,130111.0,Ramp
19213,124513.0,Ramp
19214,127996.0,Ramp
19215,123602.0,Idle
19216,129460.0,Ramp
19217,134243.0,Ramp
19218,128343.0,Ramp
19219,125538.0,Ramp
19220,128413.0,Ramp
19221,124978.0,Ramp
19222,131766.0,Ramp
19223,125332.0,Ramp
19224,127312.0,Ramp
19225,124029.0,Idle
19226,127888.0,Ramp
19227,132178.0,Ramp
19228,128486.0,Ramp
19229,126072.0,Ramp
19230,126104.0,Ramp
19231,125119.0,Ramp
19232,127460.0,Ramp
19233,124072.0,Idle
19234,125087.0,Ramp
19235,122364.0,Idle
19236,126727.0,Ramp
19237,127803.0,Ramp
19238,125703.0,Ramp
19239,121687.0,Idle
19240,123615.0,Idle
19241,121976.0,Idle
19242,127743.0,Ramp
19243,123769.0,Idle
19244,120734.0,Idle
19245,118931.0,Idle
19246,125537.0,Ramp
19247,127082.0,Ramp
19248,126108.0,Ramp
19249,124339.0,Ramp
19250,125866.0,Ramp
19251,125077.0,Ramp
19252,127749.0,Ramp
19253,121754.0,Idle
19254,121702.0,Idle
19255,120201.0,Idle
19256,124386.0,Ramp
19257,128707.0,Ramp
19258,125847.0,Ramp
19259,123779.0,Idle
19260,124615.0,Ramp
19261,145910.0,Cooldown
19262,137842.0,Ramp
19263,129086.0,Ramp
19264,128426.0,Ramp
19265,122186.0,Idle
19266,124659.0,Ramp
19267,129163.0,Ramp
19268,134228.0,Ramp
19269,126434.0,Ramp
19270,123754.0,Idle
19271,123589.0,Idle
19272,128431.0,Ramp
19273,124628.0,Ramp
19274,120657.0,Idle
19275,117959.0,Idle
19276,121215.0,Idle
19277,126890.0,Ramp
19278,124371.0,Ramp
19279,125217.0,Ramp
19280,125779.0,Ramp
19281,122725.0,Idle
19282,126499.0,Ramp
19283,120757.0,Idle
19284,122357.0,Idle
19285,119833.0,Idle
19286,122499.0,Idle
19287,124499.0,Ramp
19288,123920.0,Idle
19289,117634.0,Idle
19290,116366.0,Idle
19291,121615.0,Idle
19292,127270.0,Ramp
19293,119200.0,Idle
19294,122097.0,Idle
19295,119055.0,Idle
19296,123648.0,Idle
19297,125551.0,Ramp
19298,121651.0,Idle
19299,118418.0,Idle
19300,118748.0,Idle
19301,120083.0,Idle
19302,124581.0,Ramp
19303,121655.0,Idle
19304,123491.0,Idle
19305,117760.0,Idle
19306,121747.0,Idle
19307,126279.0,Ramp
19308,123205.0,Idle
19309,120935.0,Idle
19310,120239.0,Idle
19311,121826.0,Idle
19312,124321.0,Ramp
19313,118832.0,Idle
19314,120600.0,Idle
19315,117459.0,Idle
19316,120996.0,Idle
19317,124413.0,Ramp
19318,121184.0,Idle
19319,119876.0,Idle
19320,120505.0,Idle
19321,143961.0,Ramp
19322,129216.0,Ramp
19323,120431.0,Idle
19324,121890.0,Idle
19325,118677.0,Idle
19326,122601.0,Idle
19327,127267.0,Ramp
19328,121938.0,Idle
19329,120654.0,Idle
19330,120186.0,Idle
19331,120906.0,Idle
19332,126317.0,Ramp
19333,121629.0,Idle
19334,120930.0,Idle
19335,118580.0,Idle
19336,121018.0,Idle
19337,126895.0,Ramp
19338,123926.0,Idle
19339,123714.0,Idle
19340,122263.0,Idle
19341,123881.0,Idle
19342,128659.0,Ramp
19343,123295.0,Idle
19344,124423.0,Ramp
19345,122118.0,Idle
19346,122672.0,Idle
19347,128253.0,Ramp
19348,122089.0,Idle
19349,120843.0,Idle
19350,120957.0,Idle
19351,122717.0,Idle
19352,127588.0,Ramp
19353,122231.0,Idle
19354,123186.0,Idle
19355,118064.0,Idle
19356,123001.0,Idle
19357,127142.0,Ramp
19358,122776.0,Idle
19359,119881.0,Idle
19360,120435.0,Idle
19361,120257.0,Idle
19362,128029.0,Ramp
19363,121063.0,Idle
19364,121160.0,Idle
19365,118110.0,Idle
19366,121302.0,Idle
19367,124791.0,Ramp
19368,121870.0,Idle
19369,120457.0,Idle
19370,119406.0,Idle
19371,118539.0,Idle
19372,121536.0,Idle
19373,114918.0,Idle
19374,116391.0,Idle
19375,113952.0,Idle
19376,120508.0,Idle
19377,124410.0,Ramp
19378,121933.0,Idle
19379,117759.0,Idle
19380,118411.0,Idle
19381,140866.0,Ramp
19382,127790.0,Ramp
19383,121026.0,Idle
19384,121621.0,Idle
19385,117987.0,Idle
19386,122510.0,Idle
19387,126153.0,Ramp
19388,122390.0,Idle
19389,119249.0,Idle
19390,121360.0,Idle
19391,121050.0,Idle
19392,127979.0,Ramp
19393,120324.0,Idle
19394,124996.0,Ramp
19395,121615.0,Idle
19396,122751.0,Idle
19397,126188.0,Ramp
19398,121044.0,Idle
19399,120432.0,Idle
19400,121979.0,Idle
19401,122008.0,Idle
19402,124638.0,Ramp
19403,118232.0,Idle
19404,119633.0,Idle
19405,118563.0,Idle
19406,122369.0,Idle
19407,124658.0,Ramp
19408,121687.0,Idle
19409,118966.0,Idle
19410,119392.0,Idle
19411,121170.0,Idle
19412,128114.0,Ramp
19413,120319.0,Idle
19414,122853.0,Idle
19415,120101.0,Idle
19416,123497.0,Idle
19417,126233.0,Ramp
19418,119966.0,Idle
19419,117273.0,Idle
19420,119143.0,Idle
19421,119001.0,Idle
19422,124581.0,Ramp
19423,120167.0,Idle
19424,122454.0,Idle
19425,118916.0,Idle
19426,122839.0,Idle
19427,126319.0,Ramp
19428,121586.0,Idle
19429,120423.0,Idle
19430,121046.0,Idle
19431,122511.0,Idle
19432,124809.0,Ramp
19433,120592.0,Idle
19434,123660.0,Idle
19435,119658.0,Idle
19436,122722.0,Idle
19437,126378.0,Ramp
19438,124953.0,Ramp
19439,121964.0,Idle
19440,121689.0,Idle
19441,146832.0,Cooldown
19442,134180.0,Ramp
19443,124857.0,Ramp
19444,125739.0,Ramp
19445,123042.0,Idle
19446,128653.0,Ramp
19447,131867.0,Ramp
19448,126754.0,Ramp
19449,122155.0,Idle
19450,123522.0,Idle
19451,121210.0,Idle
19452,127736.0,Ramp
19453,121997.0,Idle
19454,122680.0,Idle
19455,120554.0,Idle
19456,123536.0,Idle
19457,127052.0,Ramp
19458,124461.0,Ramp
19459,123336.0,Idle
19460,124174.0,Ramp
19461,122742.0,Idle
19462,127581.0,Ramp
19463,122557.0,Idle
19464,125325.0,Ramp
19465,122729.0,Idle
19466,125442.0,Ramp
19467,128767.0,Ramp
19468,123850.0,Idle
19469,123446.0,Idle
19470,123746.0,Idle
19471,127484.0,Ramp
19472,130086.0,Ramp
19473,124151.0,Idle
19474,127807.0,Ramp
19475,124193.0,Ramp
19476,126927.0,Ramp
19477,129493.0,Ramp
19478,123788.0,Idle
19479,121718.0,Idle
19480,122556.0,Idle
19481,124282.0,Ramp
19482,129088.0,Ramp
19483,124553.0,Ramp
19484,128714.0,Ramp
19485,125223.0,Ramp
19486,127312.0,Ramp
19487,131195.0,Ramp
19488,128345.0,Ramp
19489,129370.0,Ramp
19490,127800.0,Ramp
19491,126197.0,Ramp
19492,131637.0,Ramp
19493,125707.0,Ramp
19494,129539.0,Ramp
19495,125846.0,Ramp
19496,130752.0,Ramp
19497,134467.0,Ramp
19498,127154.0,Ramp
19499,126134.0,Ramp
19500,126636.0,Ramp
19501,147926.0,Cooldown
19502,136550.0,Ramp
19503,126077.0,Ramp
19504,129129.0,Ramp
19505,126583.0,Ramp
19506,131401.0,Ramp
19507,138506.0,Ramp
19508,132721.0,Ramp
19509,128802.0,Ramp
19510,129263.0,Ramp
19511,126167.0,Ramp
19512,132646.0,Ramp
19513,126072.0,Ramp
19514,127400.0,Ramp
19515,125377.0,Ramp
19516,128873.0,Ramp
19517,137590.0,Ramp
19518,132662.0,Ramp
19519,130317.0,Ramp
19520,130356.0,Ramp
19521,127596.0,Ramp
19522,133266.0,Ramp
19523,127204.0,Ramp
19524,128832.0,Ramp
19525,126088.0,Ramp
19526,128097.0,Ramp
19527,131208.0,Ramp
19528,128937.0,Ramp
19529,125642.0,Ramp
19530,127582.0,Ramp
19531,128047.0,Ramp
19532,134122.0,Ramp
19533,125111.0,Ramp
19534,129727.0,Ramp
19535,125333.0,Ramp
19536,127542.0,Ramp
19537,135569.0,Ramp
19538,128707.0,Ramp
19539,125754.0,Ramp
19540,128029.0,Ramp
19541,125048.0,Ramp
19542,130269.0,Ramp
19543,124605.0,Ramp
19544,128148.0,Ramp
19545,125909.0,Ramp
19546,128105.0,Ramp
19547,132927.0,Ramp
19548,130726.0,Ramp
19549,127734.0,Ramp
19550,129285.0,Ramp
19551,128770.0,Ramp
19552,132805.0,Ramp
19553,127266.0,Ramp
19554,128944.0,Ramp
19555,127741.0,Ramp
19556,130492.0,Ramp
19557,132918.0,Ramp
19558,130204.0,Ramp
19559,127180.0,Ramp
19560,128568.0,Ramp
19561,152102.0,Cooldown
19562,138866.0,Ramp
19563,127591.0,Ramp
19564,132348.0,Ramp
19565,130083.0,Ramp
19566,131966.0,Ramp
19567,137049.0,Ramp
19568,131068.0,Ramp
19569,129215.0,Ramp
19570,130148.0,Ramp
19571,129033.0,Ramp
19572,134459.0,Ramp
19573,127669.0,Ramp
19574,130931.0,Ramp
19575,130851.0,Ramp
19576,132497.0,Ramp
19577,137526.0,Ramp
19578,134967.0,Ramp
19579,134082.0,Ramp
19580,132599.0,Ramp
19581,131528.0,Ramp
19582,136305.0,Ramp
19583,130724.0,Ramp
19584,132737.0,Ramp
19585,130472.0,Ramp
19586,132186.0,Ramp
19587,138154.0,Ramp
19588,130898.0,Ramp
19589,131931.0,Ramp
19590,130426.0,Ramp
19591,132321.0,Ramp
19592,137614.0,Ramp
19593,131987.0,Ramp
19594,132675.0,Ramp
19595,128996.0,Ramp
19596,130838.0,Ramp
19597,133224.0,Ramp
19598,133124.0,Ramp
19599,129709.0,Ramp
19600,129463.0,Ramp
19601,130356.0,Ramp
19602,140982.0,Ramp
19603,130302.0,Ramp
19604,133346.0,Ramp
19605,128979.0,Ramp
19606,132933.0,Ramp
19607,138265.0,Ramp
19608,132223.0,Ramp
19609,134710.0,Ramp
19610,130150.0,Ramp
19611,128266.0,Ramp
19612,132611.0,Ramp
19613,127426.0,Ramp
19614,130255.0,Ramp
19615,125967.0,Ramp
19616,130250.0,Ramp
19617,132614.0,Ramp
19618,133292.0,Ramp
19619,129229.0,Ramp
19620,137542.0,Ramp
19621,154871.0,Cooldown
19622,140692.0,Ramp
19623,131833.0,Ramp
19624,137184.0,Ramp
19625,133331.0,Ramp
19626,137717.0,Ramp
19627,138944.0,Ramp
19628,135780.0,Ramp
19629,129107.0,Ramp
19630,130978.0,Ramp
19631,127239.0,Ramp
19632,135361.0,Ramp
19633,127586.0,Ramp
19634,133087.0,Ramp
19635,127280.0,Ramp
19636,129889.0,Ramp
19637,134785.0,Ramp
19638,133805.0,Ramp
19639,129696.0,Ramp
19640,129886.0,Ramp
19641,130429.0,Ramp
19642,134095.0,Ramp
19643,128263.0,Ramp
19644,133814.0,Ramp
19645,128829.0,Ramp
19646,131792.0,Ramp
19647,134720.0,Ramp
19648,131865.0,Ramp
19649,129478.0,Ramp
19650,129696.0,Ramp
19651,131241.0,Ramp
19652,135503.0,Ramp
19653,130608.0,Ramp
19654,133056.0,Ramp
19655,130184.0,Ramp
19656,134820.0,Ramp
19657,137343.0,Ramp
19658,133492.0,Ramp
19659,133115.0,Ramp
19660,135904.0,Ramp
19661,132082.0,Ramp
19662,134457.0,Ramp
19663,128542.0,Ramp
19664,131514.0,Ramp
19665,129305.0,Ramp
19666,129315.0,Ramp
19667,133919.0,Ramp
19668,129875.0,Ramp
19669,128901.0,Ramp
19670,128702.0,Ramp
19671,128185.0,Ramp
19672,131271.0,Ramp
19673,126491.0,Ramp
19674,129781.0,Ramp
19675,126889.0,Ramp
19676,132118.0,Ramp
19677,132092.0,Ramp
19678,128912.0,Ramp
19679,129889.0,Ramp
19680,133641.0,Ramp
19681,153953.0,Cooldown
19682,141754.0,Ramp
19683,135799.0,Ramp
19684,135808.0,Ramp
19685,136295.0,Ramp
19686,136662.0,Ramp
19687,136321.0,Ramp
19688,132799.0,Ramp
19689,131704.0,Ramp
19690,131997.0,Ramp
19691,129830.0,Ramp
19692,136563.0,Ramp
19693,129242.0,Ramp
19694,131821.0,Ramp
19695,128268.0,Ramp
19696,138000.0,Ramp
19697,136061.0,Ramp
19698,136835.0,Ramp
19699,132629.0,Ramp
19700,131640.0,Ramp
19701,130472.0,Ramp
19702,133924.0,Ramp
19703,130074.0,Ramp
19704,132665.0,Ramp
19705,132861.0,Ramp
19706,134160.0,Ramp
19707,136653.0,Ramp
19708,133482.0,Ramp
19709,131930.0,Ramp
19710,134944.0,Ramp
19711,132505.0,Ramp
19712,137584.0,Ramp
19713,132024.0,Ramp
19714,136131.0,Ramp
19715,131735.0,Ramp
19716,132650.0,Ramp
19717,137484.0,Ramp
19718,134477.0,Ramp
19719,138035.0,Ramp
19720,135887.0,Ramp
19721,132669.0,Ramp
19722,133422.0,Ramp
19723,128729.0,Ramp
19724,133665.0,Ramp
19725,127894.0,Ramp
19726,128416.0,Ramp
19727,131595.0,Ramp
19728,133847.0,Ramp
19729,130325.0,Ramp
19730,130392.0,Ramp
19731,129516.0,Ramp
19732,135139.0,Ramp
19733,128497.0,Ramp
19734,129365.0,Ramp
19735,129068.0,Ramp
19736,131729.0,Ramp
19737,134254.0,Ramp
19738,129905.0,Ramp
19739,130111.0,Ramp
19740,130065.0,Ramp
19741,152254.0,Cooldown
19742,139540.0,Ramp
19743,131579.0,Ramp
19744,134776.0,Ramp
19745,132251.0,Ramp
19746,135345.0,Ramp
19747,137415.0,Ramp
19748,133668.0,Ramp
19749,134018.0,Ramp
19750,134832.0,Ramp
19751,135485.0,Ramp
19752,137611.0,Ramp
19753,131927.0,Ramp
19754,132051.0,Ramp
19755,128648.0,Ramp
19756,130482.0,Ramp
19757,136050.0,Ramp
19758,134658.0,Ramp
19759,132723.0,Ramp
19760,132627.0,Ramp
19761,129204.0,Ramp
19762,132258.0,Ramp
19763,129751.0,Ramp
19764,130727.0,Ramp
19765,131942.0,Ramp
19766,142328.0,Ramp
19767,144231.0,Ramp
19768,138711.0,Ramp
19769,132382.0,Ramp
19770,135681.0,Ramp
19771,134814.0,Ramp
19772,141498.0,Ramp
19773,142866.0,Ramp
19774,139802.0,Ramp
19775,132897.0,Ramp
19776,134732.0,Ramp
19777,137364.0,Ramp
19778,133071.0,Ramp
19779,132424.0,Ramp
19780,132686.0,Ramp
19781,130811.0,Ramp
19782,136528.0,Ramp
19783,131600.0,Ramp
19784,131484.0,Ramp
19785,133114.0,Ramp
19786,133954.0,Ramp
19787,136843.0,Ramp
19788,131690.0,Ramp
19789,131721.0,Ramp
19790,133731.0,Ramp
19791,129989.0,Ramp
19792,133561.0,Ramp
19793,129439.0,Ramp
19794,132625.0,Ramp
19795,131053.0,Ramp
19796,136321.0,Ramp
19797,136806.0,Ramp
19798,134171.0,Ramp
19799,135153.0,Ramp
19800,136208.0,Ramp
19801,158507.0,Cooldown
19802,141072.0,Ramp
19803,131005.0,Ramp
19804,133646.0,Ramp
19805,131468.0,Ramp
19806,134564.0,Ramp
19807,135643.0,Ramp
19808,135145.0,Ramp
19809,132432.0,Ramp
19810,134023.0,Ramp
19811,131249.0,Ramp
19812,135485.0,Ramp
19813,127927.0,Ramp
19814,130474.0,Ramp
19815,128416.0,Ramp
19816,134518.0,Ramp
19817,138450.0,Ramp
19818,134157.0,Ramp
19819,133712.0,Ramp
19820,134750.0,Ramp
19821,133723.0,Ramp
19822,136208.0,Ramp
19823,132450.0,Ramp
19824,132691.0,Ramp
19825,129291.0,Ramp
19826,135112.0,Ramp
19827,138013.0,Ramp
19828,138182.0,Ramp
19829,133596.0,Ramp
19830,131065.0,Ramp
19831,133685.0,Ramp
19832,138956.0,Ramp
19833,136294.0,Ramp
19834,138130.0,Ramp
19835,130932.0,Ramp
19836,135007.0,Ramp
19837,139300.0,Ramp
19838,133962.0,Ramp
19839,130894.0,Ramp
19840,131423.0,Ramp
19841,131000.0,Ramp
19842,136583.0,Ramp
19843,129385.0,Ramp
19844,134181.0,Ramp
19845,128860.0,Ramp
19846,131275.0,Ramp
19847,135622.0,Ramp
19848,133810.0,Ramp
19849,131479.0,Ramp
19850,134787.0,Ramp
19851,134079.0,Ramp
19852,137076.0,Ramp
19853,132366.0,Ramp
19854,132870.0,Ramp
19855,129236.0,Ramp
19856,132084.0,Ramp
19857,133583.0,Ramp
19858,133218.0,Ramp
19859,130054.0,Ramp
19860,130341.0,Ramp
19861,152268.0,Cooldown
19862,140148.0,Ramp
19863,131801.0,Ramp
19864,135422.0,Ramp
19865,133652.0,Ramp
19866,132158.0,Ramp
19867,136842.0,Ramp
19868,136308.0,Ramp
19869,133816.0,Ramp
19870,132259.0,Ramp
19871,131275.0,Ramp
19872,135972.0,Ramp
19873,130882.0,Ramp
19874,133098.0,Ramp
19875,130967.0,Ramp
19876,131124.0,Ramp
19877,136018.0,Ramp
19878,134078.0,Ramp
19879,132056.0,Ramp
19880,130725.0,Ramp
19881,131009.0,Ramp
19882,134550.0,Ramp
19883,131099.0,Ramp
19884,134841.0,Ramp
19885,132427.0,Ramp
19886,131703.0,Ramp
19887,135045.0,Ramp
19888,131868.0,Ramp
19889,128836.0,Ramp
19890,129101.0,Ramp
19891,129355.0,Ramp
19892,134498.0,Ramp
19893,128948.0,Ramp
19894,131106.0,Ramp
19895,129417.0,Ramp
19896,131510.0,Ramp
19897,132380.0,Ramp
19898,129598.0,Ramp
19899,128190.0,Ramp
19900,131812.0,Ramp
19901,131254.0,Ramp
19902,133506.0,Ramp
19903,127577.0,Ramp
19904,130756.0,Ramp
19905,126293.0,Ramp
19906,131543.0,Ramp
19907,130721.0,Ramp
19908,129794.0,Ramp
19909,128834.0,Ramp
19910,129440.0,Ramp
19911,129821.0,Ramp
19912,131119.0,Ramp
19913,128060.0,Ramp
19914,129267.0,Ramp
19915,127173.0,Ramp
19916,130074.0,Ramp
19917,132270.0,Ramp
19918,129559.0,Ramp
19919,127821.0,Ramp
19920,128795.0,Ramp
19921,149548.0,Cooldown
19922,138869.0,Ramp
19923,130623.0,Ramp
19924,130032.0,Ramp
19925,128480.0,Ramp
19926,128414.0,Ramp
19927,132296.0,Ramp
19928,131303.0,Ramp
19929,127839.0,Ramp
19930,128224.0,Ramp
19931,129121.0,Ramp
19932,134656.0,Ramp
19933,134087.0,Ramp
19934,131882.0,Ramp
19935,128402.0,Ramp
19936,134786.0,Ramp
19937,143295.0,Ramp
19938,143996.0,Ramp
19939,139018.0,Ramp
19940,135824.0,Ramp
19941,135463.0,Ramp
19942,137744.0,Ramp
19943,138082.0,Ramp
19944,140528.0,Ramp
19945,134981.0,Ramp
19946,134643.0,Ramp
19947,135514.0,Ramp
19948,137066.0,Ramp
19949,136592.0,Ramp
19950,131402.0,Ramp
19951,130329.0,Ramp
19952,134714.0,Ramp
19953,129691.0,Ramp
19954,132712.0,Ramp
19955,129075.0,Ramp
19956,130785.0,Ramp
19957,132618.0,Ramp
19958,131463.0,Ramp
19959,128755.0,Ramp
19960,130274.0,Ramp
19961,128313.0,Ramp
19962,133853.0,Ramp
19963,131115.0,Ramp
19964,133571.0,Ramp
19965,130788.0,Ramp
19966,132686.0,Ramp
19967,137654.0,Ramp
19968,137524.0,Ramp
19969,136607.0,Ramp
19970,136046.0,Ramp
19971,138737.0,Ramp
19972,138574.0,Ramp
19973,132012.0,Ramp
19974,133163.0,Ramp
19975,132786.0,Ramp
19976,134891.0,Ramp
19977,138373.0,Ramp
19978,136501.0,Ramp
19979,138295.0,Ramp
19980,141423.0,Ramp
19981,160364.0,Cooldown
19982,147110.0,Cooldown
19983,140042.0,Ramp
19984,140521.0,Ramp
19985,136752.0,Ramp
19986,139070.0,Ramp
19987,143966.0,Ramp
19988,139921.0,Ramp
19989,133582.0,Ramp
19990,133766.0,Ramp
19991,131436.0,Ramp
19992,136696.0,Ramp
19993,134468.0,Ramp
19994,134852.0,Ramp
19995,130243.0,Ramp
19996,131480.0,Ramp
19997,136494.0,Ramp
19998,141525.0,Ramp
19999,144750.0,Ramp
20000,149472.0,Cooldown
20001,153754.0,Cooldown
20002,148566.0,Cooldown
20003,137621.0,Ramp
20004,137651.0,Ramp
20005,132984.0,Ramp
20006,133994.0,Ramp
20007,136748.0,Ramp
20008,139055.0,Ramp
20009,134319.0,Ramp
20010,133471.0,Ramp
20011,136645.0,Ramp
20012,142240.0,Ramp
20013,139933.0,Ramp
20014,135809.0,Ramp
20015,127705.0,Ramp
20016,129646.0,Ramp
20017,131320.0,Ramp
20018,132778.0,Ramp
20019,128222.0,Ramp
20020,129862.0,Ramp
20021,128626.0,Ramp
20022,132627.0,Ramp
20023,129284.0,Ramp
20024,131549.0,Ramp
20025,128017.0,Ramp
20026,129339.0,Ramp
20027,131620.0,Ramp
20028,130916.0,Ramp
20029,127673.0,Ramp
20030,127059.0,Ramp
20031,125178.0,Ramp
20032,130703.0,Ramp
20033,126582.0,Ramp
20034,127982.0,Ramp
20035,125565.0,Ramp
20036,128542.0,Ramp
20037,131290.0,Ramp
20038,128525.0,Ramp
20039,126683.0,Ramp
20040,127662.0,Ramp
20041,152935.0,Cooldown
20042,137013.0,Ramp
20043,130536.0,Ramp
20044,132915.0,Ramp
20045,126106.0,Ramp
20046,130262.0,Ramp
20047,135344.0,Ramp
20048,130832.0,Ramp
20049,129496.0,Ramp
20050,129338.0,Ramp
20051,127033.0,Ramp
20052,135147.0,Ramp
20053,130139.0,Ramp
20054,128946.0,Ramp
20055,127560.0,Ramp
20056,127973.0,Ramp
20057,131949.0,Ramp
20058,127930.0,Ramp
20059,125083.0,Ramp
20060,126000.0,Ramp
20061,125242.0,Ramp
20062,128665.0,Ramp
20063,123719.0,Idle
20064,125647.0,Ramp
20065,123540.0,Idle
20066,126127.0,Ramp
20067,131878.0,Ramp
20068,130959.0,Ramp
20069,126522.0,Ramp
20070,127180.0,Ramp
20071,126286.0,Ramp
20072,133300.0,Ramp
20073,126679.0,Ramp
20074,127190.0,Ramp
20075,125541.0,Ramp
20076,129152.0,Ramp
20077,130340.0,Ramp
20078,127771.0,Ramp
20079,124142.0,Idle
20080,126124.0,Ramp
20081,123698.0,Idle
20082,131077.0,Ramp
20083,124528.0,Ramp
20084,127398.0,Ramp
20085,124795.0,Ramp
20086,125653.0,Ramp
20087,129944.0,Ramp
20088,127392.0,Ramp
20089,126506.0,Ramp
20090,126623.0,Ramp
20091,124153.0,Idle
20092,126716.0,Ramp
20093,125887.0,Ramp
20094,125890.0,Ramp
20095,123225.0,Idle
20096,125950.0,Ramp
20097,128115.0,Ramp
20098,126567.0,Ramp
20099,123665.0,Idle
20100,124086.0,Idle
20101,148613.0,Cooldown
20102,133315.0,Ramp
20103,128580.0,Ramp
20104,126785.0,Ramp
20105,125727.0,Ramp
20106,128476.0,Ramp
20107,131759.0,Ramp
20108,131062.0,Ramp
20109,127785.0,Ramp
20110,123539.0,Idle
20111,123909.0,Idle
20112,129087.0,Ramp
20113,124859.0,Ramp
20114,126884.0,Ramp
20115,124432.0,Ramp
20116,124867.0,Ramp
20117,128470.0,Ramp
20118,127913.0,Ramp
20119,124156.0,Idle
20120,125559.0,Ramp
20121,125030.0,Ramp
20122,128828.0,Ramp
20123,124265.0,Ramp
20124,128296.0,Ramp
20125,124875.0,Ramp
20126,127054.0,Ramp
20127,128762.0,Ramp
20128,127063.0,Ramp
20129,127101.0,Ramp
20130,127393.0,Ramp
20131,124174.0,Ramp
20132,129193.0,Ramp
20133,126384.0,Ramp
20134,126640.0,Ramp
20135,122380.0,Idle
20136,125009.0,Ramp
20137,126527.0,Ramp
20138,127782.0,Ramp
20139,123325.0,Idle
20140,123500.0,Idle
20141,122733.0,Idle
20142,129244.0,Ramp
20143,124590.0,Ramp
20144,129335.0,Ramp
20145,123332.0,Idle
20146,123626.0,Idle
20147,126996.0,Ramp
20148,127491.0,Ramp
20149,125354.0,Ramp
20150,124909.0,Ramp
20151,123926.0,Idle
20152,126584.0,Ramp
20153,123203.0,Idle
20154,125629.0,Ramp
20155,121877.0,Idle
20156,124847.0,Ramp
20157,127516.0,Ramp
20158,125621.0,Ramp
20159,122687.0,Idle
20160,122694.0,Idle
